,fips,buyer_county,County,county,state,buyer_state,year,mme,deaths,population,policy_state,post,relative_year,mme_per_1000,overdose_per_100k
504,01073,JEFFERSON,"Jefferson County, AL",JEFFERSON COUNTY,ALABAMA,AL,2006,708180107.908428,55,655893,0,0,-4,1079718.9601176227,8.385514100623121
505,01073,JEFFERSON,"Jefferson County, AL",JEFFERSON COUNTY,ALABAMA,AL,2007,816800822.180308,67,655163,0,0,-3,1246713.9050592112,10.226462727596033
506,01073,JEFFERSON,"Jefferson County, AL",JEFFERSON COUNTY,ALABAMA,AL,2008,864871438.271282,63,656510,0,0,-2,1317377.4021283484,9.596198077713971
507,01073,JEFFERSON,"Jefferson County, AL",JEFFERSON COUNTY,ALABAMA,AL,2009,926751695.0535817,80,658441,0,0,-1,1407493.906141297,12.149911685329437
508,01073,JEFFERSON,"Jefferson County, AL",JEFFERSON COUNTY,ALABAMA,AL,2010,1012649202.6075735,53,658230,0,1,0,1538442.7975138985,8.05189675341446
509,01073,JEFFERSON,"Jefferson County, AL",JEFFERSON COUNTY,ALABAMA,AL,2011,1232462998.3008623,73,658175,0,1,1,1872546.0527988183,11.091275116800244
510,01073,JEFFERSON,"Jefferson County, AL",JEFFERSON COUNTY,ALABAMA,AL,2012,1302220718.3475041,65,658183,0,1,2,1978508.5885650406,9.875672875173015
511,01073,JEFFERSON,"Jefferson County, AL",JEFFERSON COUNTY,ALABAMA,AL,2013,1324046339.526961,85,659434,0,1,3,2007852.7032681983,12.88984189471577
512,01073,JEFFERSON,"Jefferson County, AL",JEFFERSON COUNTY,ALABAMA,AL,2014,1354519598.9355993,168,660185,0,1,4,2051727.3172453165,25.447412467717385
513,01073,JEFFERSON,"Jefferson County, AL",JEFFERSON COUNTY,ALABAMA,AL,2015,1376266658.299259,154,660717,0,1,5,2082989.6283874323,23.30801235627356
514,01073,JEFFERSON,,,,AL,2016,1328161559.596794,,,0,1,6,,
515,01073,JEFFERSON,,,,AL,2017,1254717893.2027829,,,0,1,7,,
516,01073,JEFFERSON,,,,AL,2018,1231046522.4331756,,,0,1,8,,
517,01073,JEFFERSON,,,,AL,2019,1217203687.6161878,,,0,1,9,,
672,01097,MOBILE,"Mobile County, AL",MOBILE COUNTY,ALABAMA,AL,2006,311371335.7329199,23,402916,0,0,-4,772794.666215588,5.708385867029357
673,01097,MOBILE,"Mobile County, AL",MOBILE COUNTY,ALABAMA,AL,2007,371499694.85319376,49,405715,0,0,-3,915666.6498729249,12.077443525627595
674,01097,MOBILE,"Mobile County, AL",MOBILE COUNTY,ALABAMA,AL,2008,335867663.8255289,49,409196,0,0,-2,820798.9907661094,11.974701609986413
675,01097,MOBILE,"Mobile County, AL",MOBILE COUNTY,ALABAMA,AL,2009,352734538.0838202,50,411994,0,0,-1,856164.2598771347,12.136099069403922
676,01097,MOBILE,"Mobile County, AL",MOBILE COUNTY,ALABAMA,AL,2010,385095059.3499055,39,413328,0,1,0,931693.6170545075,9.435605620717688
677,01097,MOBILE,"Mobile County, AL",MOBILE COUNTY,ALABAMA,AL,2011,431678099.59903073,43,413126,0,1,1,1044906.6376820406,10.4084468176779
678,01097,MOBILE,"Mobile County, AL",MOBILE COUNTY,ALABAMA,AL,2012,495307605.6235312,47,413893,0,1,2,1196704.475851322,11.355591904187799
679,01097,MOBILE,"Mobile County, AL",MOBILE COUNTY,ALABAMA,AL,2013,547827474.772514,57,414025,0,1,3,1323174.868117901,13.767284584264235
680,01097,MOBILE,"Mobile County, AL",MOBILE COUNTY,ALABAMA,AL,2014,600483174.1709574,54,414298,0,1,4,1449399.1623685306,13.034096230249723
681,01097,MOBILE,"Mobile County, AL",MOBILE COUNTY,ALABAMA,AL,2015,573113382.51736,64,414654,0,1,5,1382148.4479044212,15.434555074833476
682,01097,MOBILE,,,,AL,2016,562304576.733645,,,0,1,6,,
683,01097,MOBILE,,,,AL,2017,540042147.248565,,,0,1,7,,
684,01097,MOBILE,,,,AL,2018,535962550.54657,,,0,1,8,,
685,01097,MOBILE,,,,AL,2019,551043126.9450924,,,0,1,9,,
1036,04013,MARICOPA,"Maricopa County, AZ",MARICOPA COUNTY,ARIZONA,AZ,2006,2483733009.4444823,400,3642884,0,0,-4,681804.0347824643,10.980311203980143
1037,04013,MARICOPA,"Maricopa County, AZ",MARICOPA COUNTY,ARIZONA,AZ,2007,2884775339.5814753,411,3711954,0,0,-3,777158.1597135835,11.072335486916055
1038,04013,MARICOPA,"Maricopa County, AZ",MARICOPA COUNTY,ARIZONA,AZ,2008,3187637492.8451705,404,3771061,0,0,-2,845289.2946693704,10.713165339940138
1039,04013,MARICOPA,"Maricopa County, AZ",MARICOPA COUNTY,ARIZONA,AZ,2009,3473767093.182273,432,3803779,0,0,-1,913241.0408654849,11.357126689011112
1040,04013,MARICOPA,"Maricopa County, AZ",MARICOPA COUNTY,ARIZONA,AZ,2010,3648596095.770368,468,3825183,0,1,0,953835.6977353418,12.234708770796063
1041,04013,MARICOPA,"Maricopa County, AZ",MARICOPA COUNTY,ARIZONA,AZ,2011,3938484837.7177315,473,3875371,0,1,1,1016285.8827497371,12.205283055480367
1042,04013,MARICOPA,"Maricopa County, AZ",MARICOPA COUNTY,ARIZONA,AZ,2012,4062901459.014752,456,3948165,0,1,2,1029060.7051667678,11.549669276739953
1043,04013,MARICOPA,"Maricopa County, AZ",MARICOPA COUNTY,ARIZONA,AZ,2013,3976565886.8366127,525,4018657,0,1,3,989526.074715163,13.064065930483741
1044,04013,MARICOPA,"Maricopa County, AZ",MARICOPA COUNTY,ARIZONA,AZ,2014,4106109594.7931833,538,4094842,0,1,4,1002751.6555689288,13.138480068339634
1045,04013,MARICOPA,"Maricopa County, AZ",MARICOPA COUNTY,ARIZONA,AZ,2015,4073498169.0705566,572,4174423,0,1,5,975823.0464594883,13.70249253609421
1046,04013,MARICOPA,,,,AZ,2016,3955111432.855908,,,0,1,6,,
1047,04013,MARICOPA,,,,AZ,2017,3437512001.104637,,,0,1,7,,
1048,04013,MARICOPA,,,,AZ,2018,2969086917.6996717,,,0,1,8,,
1049,04013,MARICOPA,,,,AZ,2019,2783974677.4395633,,,0,1,9,,
1078,04019,PIMA,"Pima County, AZ",PIMA COUNTY,ARIZONA,AZ,2006,1043075400.963445,157,940930,0,0,-4,1108557.917128208,16.68561954661877
1079,04019,PIMA,"Pima County, AZ",PIMA COUNTY,ARIZONA,AZ,2007,1147922645.4663525,137,955869,0,0,-3,1200920.4665768556,14.332507906418138
1080,04019,PIMA,"Pima County, AZ",PIMA COUNTY,ARIZONA,AZ,2008,1218711562.1626894,91,967778,0,0,-2,1259288.351422216,9.40298291550335
1081,04019,PIMA,"Pima County, AZ",PIMA COUNTY,ARIZONA,AZ,2009,1279149055.1966848,142,975580,0,0,-1,1311167.772193654,14.555443941040203
1082,04019,PIMA,"Pima County, AZ",PIMA COUNTY,ARIZONA,AZ,2010,1310697483.18883,162,981649,0,1,0,1335199.7334982564,16.502843684453406
1083,04019,PIMA,"Pima County, AZ",PIMA COUNTY,ARIZONA,AZ,2011,1447348866.523476,156,988500,0,1,1,1464187.0172215232,15.781487101669194
1084,04019,PIMA,"Pima County, AZ",PIMA COUNTY,ARIZONA,AZ,2012,1495997373.6823745,163,993231,0,1,2,1506192.7926961347,16.411086645503413
1085,04019,PIMA,"Pima County, AZ",PIMA COUNTY,ARIZONA,AZ,2013,1320269819.0919836,189,997374,0,1,3,1323745.9760250254,18.9497620752095
1086,04019,PIMA,"Pima County, AZ",PIMA COUNTY,ARIZONA,AZ,2014,1254213590.5919657,178,1004521,0,1,4,1248568.8109974463,17.719888384613164
1087,04019,PIMA,"Pima County, AZ",PIMA COUNTY,ARIZONA,AZ,2015,1134725150.316145,186,1009490,0,1,5,1124057.841401247,18.425145370434578
1088,04019,PIMA,,,,AZ,2016,1098792768.990465,,,0,1,6,,
1089,04019,PIMA,,,,AZ,2017,988860884.86847,,,0,1,7,,
1090,04019,PIMA,,,,AZ,2018,855513934.2289689,,,0,1,8,,
1091,04019,PIMA,,,,AZ,2019,802526840.418558,,,0,1,9,,
1092,04021,PINAL,"Pinal County, AZ",PINAL COUNTY,ARIZONA,AZ,2006,155671520.30825323,17,271328,0,0,-4,573739.2392537934,6.265479419742895
1093,04021,PINAL,"Pinal County, AZ",PINAL COUNTY,ARIZONA,AZ,2007,177424261.33583152,34,306174,0,0,-3,579488.3345281818,11.10479661891604
1094,04021,PINAL,"Pinal County, AZ",PINAL COUNTY,ARIZONA,AZ,2008,180627491.69899788,23,335311,0,0,-2,538686.4483986446,6.859303750846229
1095,04021,PINAL,"Pinal County, AZ",PINAL COUNTY,ARIZONA,AZ,2009,186514979.37868324,32,349830,0,0,-1,533158.9039781701,9.147300117199782
1096,04021,PINAL,"Pinal County, AZ",PINAL COUNTY,ARIZONA,AZ,2010,207029159.7571675,35,379106,0,1,0,546098.3465235778,9.23224639019166
1097,04021,PINAL,"Pinal County, AZ",PINAL COUNTY,ARIZONA,AZ,2011,245887133.01115748,33,378114,0,1,1,650298.9389738479,8.727526618956189
1098,04021,PINAL,"Pinal County, AZ",PINAL COUNTY,ARIZONA,AZ,2012,255012288.57263547,38,382371,0,1,2,666923.7169467232,9.937992159447237
1099,04021,PINAL,"Pinal County, AZ",PINAL COUNTY,ARIZONA,AZ,2013,259778765.1652355,41,385574,0,1,3,673745.5460306854,10.633497071898
1100,04021,PINAL,"Pinal County, AZ",PINAL COUNTY,ARIZONA,AZ,2014,285649575.98298347,25,395563,0,1,4,722134.213723183,6.320105773290222
1101,04021,PINAL,"Pinal County, AZ",PINAL COUNTY,ARIZONA,AZ,2015,297848327.345209,45,405922,0,1,5,733757.5380127438,11.085873640748716
1102,04021,PINAL,,,,AZ,2016,290868433.10074496,,,0,1,6,,
1103,04021,PINAL,,,,AZ,2017,266251164.76515797,,,0,1,7,,
1104,04021,PINAL,,,,AZ,2018,223509689.02675796,,,0,1,8,,
1105,04021,PINAL,,,,AZ,2019,199746951.996099,,,0,1,9,,
1956,05119,PULASKI,"Pulaski County, AR",PULASKI COUNTY,ARKANSAS,AR,2006,342856268.00582576,14,371647,0,0,-4,922532.0478998236,3.7670154743614233
1957,05119,PULASKI,"Pulaski County, AR",PULASKI COUNTY,ARKANSAS,AR,2007,366492736.6816297,13,373403,0,0,-3,981493.819496977,3.481493185646607
1958,05119,PULASKI,"Pulaski County, AR",PULASKI COUNTY,ARKANSAS,AR,2008,394699634.9602587,20,376567,0,0,-2,1048152.4800639959,5.311139850278967
1959,05119,PULASKI,"Pulaski County, AR",PULASKI COUNTY,ARKANSAS,AR,2009,432144043.519069,28,380053,0,0,-1,1137062.5768486739,7.367393495117787
1960,05119,PULASKI,"Pulaski County, AR",PULASKI COUNTY,ARKANSAS,AR,2010,464055537.831667,34,383569,0,1,0,1209835.8778516173,8.864115713209356
1961,05119,PULASKI,"Pulaski County, AR",PULASKI COUNTY,ARKANSAS,AR,2011,522990161.4639408,34,387081,0,1,1,1351112.9749689102,8.783691268752534
1962,05119,PULASKI,"Pulaski County, AR",PULASKI COUNTY,ARKANSAS,AR,2012,524916374.7818438,29,389392,0,1,2,1348040.983846211,7.447507909767021
1963,05119,PULASKI,"Pulaski County, AR",PULASKI COUNTY,ARKANSAS,AR,2013,535711055.5096902,38,391745,0,1,3,1367499.4078027548,9.700187622050057
1964,05119,PULASKI,"Pulaski County, AR",PULASKI COUNTY,ARKANSAS,AR,2014,550692257.829835,38,393210,0,1,4,1400504.2034277741,9.664047201241067
1965,05119,PULASKI,"Pulaski County, AR",PULASKI COUNTY,ARKANSAS,AR,2015,584680251.303752,36,393857,0,1,5,1484498.8188701787,9.140373282688895
1966,05119,PULASKI,,,,AR,2016,564925950.941723,,,0,1,6,,
1967,05119,PULASKI,,,,AR,2017,526305558.629599,,,0,1,7,,
1968,05119,PULASKI,,,,AR,2018,464759030.14930946,,,0,1,8,,
1969,05119,PULASKI,,,,AR,2019,445621675.53368396,,,0,1,9,,
2180,06001,ALAMEDA,"Alameda County, CA",ALAMEDA COUNTY,CALIFORNIA,CA,2006,875071100.35318,141,1444484,0,0,-4,605801.8644396061,9.761271152882275
2181,06001,ALAMEDA,"Alameda County, CA",ALAMEDA COUNTY,CALIFORNIA,CA,2007,1052558500.8941762,163,1455715,0,0,-3,723052.5898916863,11.197246713814174
2182,06001,ALAMEDA,"Alameda County, CA",ALAMEDA COUNTY,CALIFORNIA,CA,2008,1117798930.2864192,135,1477208,0,0,-2,756697.0462429252,9.138861961213316
2183,06001,ALAMEDA,"Alameda County, CA",ALAMEDA COUNTY,CALIFORNIA,CA,2009,1199622098.446118,119,1498539,0,0,-1,800527.7796881617,7.941067933500563
2184,06001,ALAMEDA,"Alameda County, CA",ALAMEDA COUNTY,CALIFORNIA,CA,2010,1247010639.904766,106,1512997,0,1,0,824199.0168551333,7.005962338325852
2185,06001,ALAMEDA,"Alameda County, CA",ALAMEDA COUNTY,CALIFORNIA,CA,2011,1296731400.854983,139,1530893,0,1,1,847042.4783802546,9.079667880119642
2186,06001,ALAMEDA,"Alameda County, CA",ALAMEDA COUNTY,CALIFORNIA,CA,2012,1313075535.61007,115,1553729,0,1,2,845112.3301489964,7.401548146427079
2187,06001,ALAMEDA,"Alameda County, CA",ALAMEDA COUNTY,CALIFORNIA,CA,2013,1242367940.3529506,150,1579508,0,1,3,786553.7498720807,9.496628063928767
2188,06001,ALAMEDA,"Alameda County, CA",ALAMEDA COUNTY,CALIFORNIA,CA,2014,1155729488.260094,142,1607638,0,1,4,718899.0856524254,8.832834257463434
2189,06001,ALAMEDA,"Alameda County, CA",ALAMEDA COUNTY,CALIFORNIA,CA,2015,956387021.322465,176,1634326,0,1,5,585187.4236366948,10.768965310470493
2190,06001,ALAMEDA,,,,CA,2016,877210918.018551,,,0,1,6,,
2191,06001,ALAMEDA,,,,CA,2017,769247937.343208,,,0,1,7,,
2192,06001,ALAMEDA,,,,CA,2018,667652613.230374,,,0,1,8,,
2193,06001,ALAMEDA,,,,CA,2019,620826483.289563,,,0,1,9,,
2250,06013,CONTRA COSTA,"Contra Costa County, CA",CONTRA COSTA COUNTY,CALIFORNIA,CA,2006,632393140.3218998,58,1000834,0,0,-4,631866.1639411729,5.79516683086306
2251,06013,CONTRA COSTA,"Contra Costa County, CA",CONTRA COSTA COUNTY,CALIFORNIA,CA,2007,716821772.1775777,77,1009152,0,0,-3,710320.915162015,7.630168696093353
2252,06013,CONTRA COSTA,"Contra Costa County, CA",CONTRA COSTA COUNTY,CALIFORNIA,CA,2008,756020687.3113905,84,1023344,0,0,-2,738774.730013945,8.208383495676918
2253,06013,CONTRA COSTA,"Contra Costa County, CA",CONTRA COSTA COUNTY,CALIFORNIA,CA,2009,818024096.0846947,79,1037890,0,0,-1,788160.6876303797,7.611596604649818
2254,06013,CONTRA COSTA,"Contra Costa County, CA",CONTRA COSTA COUNTY,CALIFORNIA,CA,2010,898191243.62936,77,1052516,0,1,0,853375.3820648427,7.315803275199617
2255,06013,CONTRA COSTA,"Contra Costa County, CA",CONTRA COSTA COUNTY,CALIFORNIA,CA,2011,920400325.4403445,93,1065361,0,1,1,863932.8128590633,8.729435374488085
2256,06013,CONTRA COSTA,"Contra Costa County, CA",CONTRA COSTA COUNTY,CALIFORNIA,CA,2012,949259347.9148769,99,1077439,0,1,2,881033.0310253081,9.188455216490214
2257,06013,CONTRA COSTA,"Contra Costa County, CA",CONTRA COSTA COUNTY,CALIFORNIA,CA,2013,929768914.0997405,114,1093253,0,1,3,850460.8851745575,10.42759544222609
2258,06013,CONTRA COSTA,"Contra Costa County, CA",CONTRA COSTA COUNTY,CALIFORNIA,CA,2014,923897629.7304145,111,1108665,0,1,4,833342.4702055305,10.012041509382907
2259,06013,CONTRA COSTA,"Contra Costa County, CA",CONTRA COSTA COUNTY,CALIFORNIA,CA,2015,903777213.0492499,93,1124148,0,1,5,803966.3932589391,8.27293203386031
2260,06013,CONTRA COSTA,,,,CA,2016,812425134.230174,,,0,1,6,,
2261,06013,CONTRA COSTA,,,,CA,2017,715536760.7226449,,,0,1,7,,
2262,06013,CONTRA COSTA,,,,CA,2018,643261466.6595769,,,0,1,8,,
2263,06013,CONTRA COSTA,,,,CA,2019,602858105.7390685,,,0,1,9,,
2292,06019,FRESNO,"Fresno County, CA",FRESNO COUNTY,CALIFORNIA,CA,2006,521441700.95254797,87,883862,0,0,-4,589958.2751069148,9.843165562044753
2293,06019,FRESNO,"Fresno County, CA",FRESNO COUNTY,CALIFORNIA,CA,2007,582315910.6006118,70,895933,0,0,-3,649954.7517510927,7.813084237325782
2294,06019,FRESNO,"Fresno County, CA",FRESNO COUNTY,CALIFORNIA,CA,2008,608448414.6872587,82,909630,0,0,-2,668896.6004719047,9.014654309994173
2295,06019,FRESNO,"Fresno County, CA",FRESNO COUNTY,CALIFORNIA,CA,2009,645705255.5341749,101,921478,0,0,-1,700727.8041734853,10.960652343300653
2296,06019,FRESNO,"Fresno County, CA",FRESNO COUNTY,CALIFORNIA,CA,2010,684755586.6167067,96,932011,0,1,0,734707.6232112139,10.30030761439511
2297,06019,FRESNO,"Fresno County, CA",FRESNO COUNTY,CALIFORNIA,CA,2011,723992503.896953,76,939251,0,1,1,770818.9865083486,8.091553801912376
2298,06019,FRESNO,"Fresno County, CA",FRESNO COUNTY,CALIFORNIA,CA,2012,745953476.7041305,67,944779,0,1,2,789553.4052980968,7.091605550081025
2299,06019,FRESNO,"Fresno County, CA",FRESNO COUNTY,CALIFORNIA,CA,2013,687641522.016115,72,951143,0,1,3,722963.3420170415,7.569839656076951
2300,06019,FRESNO,"Fresno County, CA",FRESNO COUNTY,CALIFORNIA,CA,2014,652734228.7884585,111,960072,0,1,4,679880.4972840146,11.561632877534183
2301,06019,FRESNO,"Fresno County, CA",FRESNO COUNTY,CALIFORNIA,CA,2015,619840875.832943,126,968889,0,1,5,639743.9498569423,13.004585664611737
2302,06019,FRESNO,,,,CA,2016,581346096.7682691,,,0,1,6,,
2303,06019,FRESNO,,,,CA,2017,535294229.87714297,,,0,1,7,,
2304,06019,FRESNO,,,,CA,2018,471418974.76937896,,,0,1,8,,
2305,06019,FRESNO,,,,CA,2019,423080376.42654294,,,0,1,9,,
2362,06029,KERN,"Kern County, CA",KERN COUNTY,CALIFORNIA,CA,2006,403341045.98172194,108,784511,0,0,-4,514130.51694842,13.766537371687587
2363,06029,KERN,"Kern County, CA",KERN COUNTY,CALIFORNIA,CA,2007,465199804.94451296,109,803281,0,0,-3,579124.6213274221,13.569348708608818
2364,06029,KERN,"Kern County, CA",KERN COUNTY,CALIFORNIA,CA,2008,506023092.28643024,108,818327,0,0,-2,618362.9432811458,13.197658148881805
2365,06029,KERN,"Kern County, CA",KERN COUNTY,CALIFORNIA,CA,2009,548227356.7757157,119,830137,0,0,-1,660405.8809277454,14.334983261798955
2366,06029,KERN,"Kern County, CA",KERN COUNTY,CALIFORNIA,CA,2010,569077850.1858225,123,841365,0,1,0,676374.5225744147,14.619101103563851
2367,06029,KERN,"Kern County, CA",KERN COUNTY,CALIFORNIA,CA,2011,614497696.1835434,133,848651,0,1,1,724087.6357696431,15.671931100063512
2368,06029,KERN,"Kern County, CA",KERN COUNTY,CALIFORNIA,CA,2012,635888159.6577495,135,854392,0,1,2,744258.0919036573,15.800709744473265
2369,06029,KERN,"Kern County, CA",KERN COUNTY,CALIFORNIA,CA,2013,605501706.7495971,161,862727,0,1,3,701846.246552614,18.66175510909013
2370,06029,KERN,"Kern County, CA",KERN COUNTY,CALIFORNIA,CA,2014,561503595.548448,186,869837,0,1,4,645527.3752995653,21.3833166443828
2371,06029,KERN,"Kern County, CA",KERN COUNTY,CALIFORNIA,CA,2015,547834167.139159,196,876548,0,1,5,624990.4935487377,22.36044118519465
2372,06029,KERN,,,,CA,2016,522925788.044865,,,0,1,6,,
2373,06029,KERN,,,,CA,2017,471520839.56560296,,,0,1,7,,
2374,06029,KERN,,,,CA,2018,388218840.30172795,,,0,1,8,,
2375,06029,KERN,,,,CA,2019,350411466.69025147,,,0,1,9,,
2418,06037,LOS ANGELES,"Los Angeles County, CA",LOS ANGELES COUNTY,CALIFORNIA,CA,2006,3175860392.283676,563,9737955,0,0,-4,326132.1696684444,5.781501352183287
2419,06037,LOS ANGELES,"Los Angeles County, CA",LOS ANGELES COUNTY,CALIFORNIA,CA,2007,3572962821.397264,636,9700359,0,0,-3,368333.05049815826,6.556458374375629
2420,06037,LOS ANGELES,"Los Angeles County, CA",LOS ANGELES COUNTY,CALIFORNIA,CA,2008,3728864263.4969606,572,9735147,0,0,-2,383031.12048507953,5.875617491959803
2421,06037,LOS ANGELES,"Los Angeles County, CA",LOS ANGELES COUNTY,CALIFORNIA,CA,2009,3946426383.7092347,627,9787400,0,0,-1,403214.98903786857,6.406195721029078
2422,06037,LOS ANGELES,"Los Angeles County, CA",LOS ANGELES COUNTY,CALIFORNIA,CA,2010,4109768760.6795564,552,9821647,0,1,0,418439.87680269475,5.620238642256233
2423,06037,LOS ANGELES,"Los Angeles County, CA",LOS ANGELES COUNTY,CALIFORNIA,CA,2011,4420093724.396569,561,9873700,0,1,1,447663.36068510986,5.681760636843331
2424,06037,LOS ANGELES,"Los Angeles County, CA",LOS ANGELES COUNTY,CALIFORNIA,CA,2012,4307303129.820599,566,9931394,0,1,2,433705.79495895526,5.699099240247643
2425,06037,LOS ANGELES,"Los Angeles County, CA",LOS ANGELES COUNTY,CALIFORNIA,CA,2013,4225826067.687828,683,9987189,0,1,3,423124.6717858076,6.838761136892473
2426,06037,LOS ANGELES,"Los Angeles County, CA",LOS ANGELES COUNTY,CALIFORNIA,CA,2014,4109195274.4555135,621,10033449,0,1,4,409549.6249052059,6.189297419062976
2427,06037,LOS ANGELES,"Los Angeles County, CA",LOS ANGELES COUNTY,CALIFORNIA,CA,2015,4115080344.476277,645,10077263,0,1,5,408352.97684264835,6.400547450235247
2428,06037,LOS ANGELES,,,,CA,2016,3840341549.392675,,,0,1,6,,
2429,06037,LOS ANGELES,,,,CA,2017,3533719204.8840637,,,0,1,7,,
2430,06037,LOS ANGELES,,,,CA,2018,3182907037.960368,,,0,1,8,,
2431,06037,LOS ANGELES,,,,CA,2019,2862937480.0335355,,,0,1,9,,
2530,06053,MONTEREY,"Monterey County, CA",MONTEREY COUNTY,CALIFORNIA,CA,2006,217583023.641081,41,401831,0,0,-4,541478.939258248,10.203294419793394
2531,06053,MONTEREY,"Monterey County, CA",MONTEREY COUNTY,CALIFORNIA,CA,2007,235924828.2711315,15,402376,0,0,-3,586329.2747856022,3.7278565321987394
2532,06053,MONTEREY,"Monterey County, CA",MONTEREY COUNTY,CALIFORNIA,CA,2008,252823130.51700723,33,406022,0,0,-2,622683.3287777688,8.127638403830334
2533,06053,MONTEREY,"Monterey County, CA",MONTEREY COUNTY,CALIFORNIA,CA,2009,292280651.5976015,33,410263,0,0,-1,712422.6449804186,8.04362079934091
2534,06053,MONTEREY,"Monterey County, CA",MONTEREY COUNTY,CALIFORNIA,CA,2010,312450216.94296896,36,416358,0,1,0,750436.4439808265,8.646405257014397
2535,06053,MONTEREY,"Monterey County, CA",MONTEREY COUNTY,CALIFORNIA,CA,2011,335114636.381128,37,420379,0,1,1,797172.6379793664,8.801581430090467
2536,06053,MONTEREY,"Monterey County, CA",MONTEREY COUNTY,CALIFORNIA,CA,2012,333893266.165816,37,424222,0,1,2,787072.0192866377,8.721848466133297
2537,06053,MONTEREY,"Monterey County, CA",MONTEREY COUNTY,CALIFORNIA,CA,2013,317695541.8309125,50,426163,0,1,3,745478.9407595508,11.732599967618025
2538,06053,MONTEREY,"Monterey County, CA",MONTEREY COUNTY,CALIFORNIA,CA,2014,287421653.518504,37,427985,0,1,4,671569.4557484585,8.645162797761603
2539,06053,MONTEREY,"Monterey County, CA",MONTEREY COUNTY,CALIFORNIA,CA,2015,271359266.346393,38,430178,0,1,5,630806.9365388118,8.83355262240282
2540,06053,MONTEREY,,,,CA,2016,244994892.27762398,,,0,1,6,,
2541,06053,MONTEREY,,,,CA,2017,215264704.73175198,,,0,1,7,,
2542,06053,MONTEREY,,,,CA,2018,193017795.68416598,,,0,1,8,,
2543,06053,MONTEREY,,,,CA,2019,184983478.949416,,,0,1,9,,
2572,06059,ORANGE,"Orange County, CA",ORANGE COUNTY,CALIFORNIA,CA,2006,1203430152.4229574,180,2932261,0,0,-4,410410.3121867246,6.138607716025279
2573,06059,ORANGE,"Orange County, CA",ORANGE COUNTY,CALIFORNIA,CA,2007,1387210474.0066178,216,2931629,0,0,-3,473187.59433974006,7.367917291035121
2574,06059,ORANGE,"Orange County, CA",ORANGE COUNTY,CALIFORNIA,CA,2008,1563825332.9054732,238,2957593,0,0,-2,528749.3353228363,8.047084233699497
2575,06059,ORANGE,"Orange County, CA",ORANGE COUNTY,CALIFORNIA,CA,2009,1715845574.3514814,267,2987177,0,0,-1,574403.7177413596,8.938204867003195
2576,06059,ORANGE,"Orange County, CA",ORANGE COUNTY,CALIFORNIA,CA,2010,1794554780.2923677,234,3016376,0,1,0,594937.362017324,7.75765355512708
2577,06059,ORANGE,"Orange County, CA",ORANGE COUNTY,CALIFORNIA,CA,2011,2010649327.7395542,239,3050199,0,1,1,659186.278580366,7.835554335962997
2578,06059,ORANGE,"Orange County, CA",ORANGE COUNTY,CALIFORNIA,CA,2012,2005547452.071123,251,3078710,0,1,2,651424.6070825518,8.152765281562733
2579,06059,ORANGE,"Orange County, CA",ORANGE COUNTY,CALIFORNIA,CA,2013,1864700722.8113284,270,3105262,0,1,3,600497.0668534018,8.694918496410287
2580,06059,ORANGE,"Orange County, CA",ORANGE COUNTY,CALIFORNIA,CA,2014,1778587662.3050835,287,3126523,0,1,4,568870.8070610975,9.179526266078964
2581,06059,ORANGE,"Orange County, CA",ORANGE COUNTY,CALIFORNIA,CA,2015,1714277761.075635,307,3148952,0,1,5,544396.282025142,9.749275314453826
2582,06059,ORANGE,,,,CA,2016,1596000383.731673,,,0,1,6,,
2583,06059,ORANGE,,,,CA,2017,1433144672.9951937,,,0,1,7,,
2584,06059,ORANGE,,,,CA,2018,1269342901.4342115,,,0,1,8,,
2585,06059,ORANGE,,,,CA,2019,1151313058.810598,,,0,1,9,,
2586,06061,PLACER,"Placer County, CA",PLACER COUNTY,CALIFORNIA,CA,2006,445941494.420581,36,321934,0,0,-4,1385195.3953934067,11.182416271658166
2587,06061,PLACER,"Placer County, CA",PLACER COUNTY,CALIFORNIA,CA,2007,468122684.33828527,40,329023,0,0,-3,1422765.8380668988,12.157204815468829
2588,06061,PLACER,"Placer County, CA",PLACER COUNTY,CALIFORNIA,CA,2008,468828031.8478793,32,337568,0,0,-2,1388840.268769194,9.479571523367143
2589,06061,PLACER,"Placer County, CA",PLACER COUNTY,CALIFORNIA,CA,2009,508505453.044751,33,343810,0,0,-1,1479030.432636488,9.598324656060033
2590,06061,PLACER,"Placer County, CA",PLACER COUNTY,CALIFORNIA,CA,2010,545017059.0161359,20,350007,0,1,0,1557160.4539798803,5.714171430857097
2591,06061,PLACER,"Placer County, CA",PLACER COUNTY,CALIFORNIA,CA,2011,538869569.2488434,20,356323,0,1,1,1512306.4445709186,5.6128849386652
2592,06061,PLACER,"Placer County, CA",PLACER COUNTY,CALIFORNIA,CA,2012,528946235.50490946,29,360269,0,1,2,1468198.0284312817,8.049540759821133
2593,06061,PLACER,"Placer County, CA",PLACER COUNTY,CALIFORNIA,CA,2013,494848662.496115,41,365415,0,1,3,1354210.0419964015,11.220119590055143
2594,06061,PLACER,"Placer County, CA",PLACER COUNTY,CALIFORNIA,CA,2014,480705750.24438447,29,369241,0,1,4,1301875.3341161585,7.853949046828494
2595,06061,PLACER,"Placer County, CA",PLACER COUNTY,CALIFORNIA,CA,2015,461323564.989505,33,372870,0,1,5,1237223.6033725026,8.850269530935714
2596,06061,PLACER,,,,CA,2016,425316264.71629494,,,0,1,6,,
2597,06061,PLACER,,,,CA,2017,386278917.613787,,,0,1,7,,
2598,06061,PLACER,,,,CA,2018,351707892.063464,,,0,1,8,,
2599,06061,PLACER,,,,CA,2019,326105035.981119,,,0,1,9,,
2614,06065,RIVERSIDE,"Riverside County, CA",RIVERSIDE COUNTY,CALIFORNIA,CA,2006,859041851.1744761,147,2012370,0,0,-4,426880.6686516277,7.304819690216014
2615,06065,RIVERSIDE,"Riverside County, CA",RIVERSIDE COUNTY,CALIFORNIA,CA,2007,966543166.5756798,178,2075183,0,0,-3,465762.8587819386,8.57755677451097
2616,06065,RIVERSIDE,"Riverside County, CA",RIVERSIDE COUNTY,CALIFORNIA,CA,2008,1092477925.9003444,182,2109712,0,0,-2,517832.7306761986,8.626769909826555
2617,06065,RIVERSIDE,"Riverside County, CA",RIVERSIDE COUNTY,CALIFORNIA,CA,2009,1237705269.6778142,200,2146725,0,0,-1,576555.1105417855,9.31651702011203
2618,06065,RIVERSIDE,"Riverside County, CA",RIVERSIDE COUNTY,CALIFORNIA,CA,2010,1327061190.773441,213,2201562,0,1,0,602781.6571931388,9.674948968050865
2619,06065,RIVERSIDE,"Riverside County, CA",RIVERSIDE COUNTY,CALIFORNIA,CA,2011,1419128442.5224915,213,2233840,0,1,1,635286.5212022758,9.53515023457365
2620,06065,RIVERSIDE,"Riverside County, CA",RIVERSIDE COUNTY,CALIFORNIA,CA,2012,1445736277.121891,228,2260763,0,1,2,639490.4185542186,10.085090741488605
2621,06065,RIVERSIDE,"Riverside County, CA",RIVERSIDE COUNTY,CALIFORNIA,CA,2013,1433185809.478452,277,2286087,0,1,3,626916.5650644319,12.116774208505626
2622,06065,RIVERSIDE,"Riverside County, CA",RIVERSIDE COUNTY,CALIFORNIA,CA,2014,1431628613.7097914,286,2315238,0,1,4,618350.5167545589,12.352941684612986
2623,06065,RIVERSIDE,"Riverside County, CA",RIVERSIDE COUNTY,CALIFORNIA,CA,2015,1379702800.1615698,295,2344648,0,1,5,588447.7329482164,12.581845974321093
2624,06065,RIVERSIDE,,,,CA,2016,1300892977.8177419,,,0,1,6,,
2625,06065,RIVERSIDE,,,,CA,2017,1221688630.5680768,,,0,1,7,,
2626,06065,RIVERSIDE,,,,CA,2018,1110006559.8998876,,,0,1,8,,
2627,06065,RIVERSIDE,,,,CA,2019,1051623987.3249614,,,0,1,9,,
2628,06067,SACRAMENTO,"Sacramento County, CA",SACRAMENTO COUNTY,CALIFORNIA,CA,2006,1037675894.9708999,163,1369563,0,0,-4,757669.3404910179,11.901606570855082
2629,06067,SACRAMENTO,"Sacramento County, CA",SACRAMENTO COUNTY,CALIFORNIA,CA,2007,1203650195.0164418,159,1381161,0,0,-3,871477.1087631651,11.512053989361124
2630,06067,SACRAMENTO,"Sacramento County, CA",SACRAMENTO COUNTY,CALIFORNIA,CA,2008,1288492277.486325,201,1394438,0,0,-2,924022.6367083549,14.4144092458754
2631,06067,SACRAMENTO,"Sacramento County, CA",SACRAMENTO COUNTY,CALIFORNIA,CA,2009,1368559882.3041856,194,1408601,0,0,-1,971573.8397915277,13.772530333288136
2632,06067,SACRAMENTO,"Sacramento County, CA",SACRAMENTO COUNTY,CALIFORNIA,CA,2010,1373546549.7736456,151,1421381,0,1,0,966346.4966632068,10.623471117174072
2633,06067,SACRAMENTO,"Sacramento County, CA",SACRAMENTO COUNTY,CALIFORNIA,CA,2011,1373008448.491715,152,1433712,0,1,1,957659.8706655974,10.601850301873737
2634,06067,SACRAMENTO,"Sacramento County, CA",SACRAMENTO COUNTY,CALIFORNIA,CA,2012,1418770637.3620005,157,1444819,0,1,2,981971.1931819838,10.866413024745661
2635,06067,SACRAMENTO,"Sacramento County, CA",SACRAMENTO COUNTY,CALIFORNIA,CA,2013,1381316178.729761,164,1457283,0,1,3,947870.9205622799,11.253819608133766
2636,06067,SACRAMENTO,"Sacramento County, CA",SACRAMENTO COUNTY,CALIFORNIA,CA,2014,1367269242.0964136,194,1474828,0,1,4,927070.3038567301,13.154076271944932
2637,06067,SACRAMENTO,"Sacramento County, CA",SACRAMENTO COUNTY,CALIFORNIA,CA,2015,1361529596.2723598,238,1493547,0,1,5,911608.1357147513,15.935219983033678
2638,06067,SACRAMENTO,,,,CA,2016,1299347042.3879929,,,0,1,6,,
2639,06067,SACRAMENTO,,,,CA,2017,1179653159.224462,,,0,1,7,,
2640,06067,SACRAMENTO,,,,CA,2018,1074049633.49902,,,0,1,8,,
2641,06067,SACRAMENTO,,,,CA,2019,1003024055.4516324,,,0,1,9,,
2656,06071,SAN BERNARDINO,"San Bernardino County, CA",SAN BERNARDINO COUNTY,CALIFORNIA,CA,2006,862976139.2018172,41,1974140,0,0,-4,437140.29359711934,2.0768537185812557
2657,06071,SAN BERNARDINO,"San Bernardino County, CA",SAN BERNARDINO COUNTY,CALIFORNIA,CA,2007,961437690.267647,46,1992161,0,0,-3,482610.43674062844,2.3090503227399797
2658,06071,SAN BERNARDINO,"San Bernardino County, CA",SAN BERNARDINO COUNTY,CALIFORNIA,CA,2008,1049407916.3623126,59,2003735,0,0,-2,523725.90006278903,2.944501144113368
2659,06071,SAN BERNARDINO,"San Bernardino County, CA",SAN BERNARDINO COUNTY,CALIFORNIA,CA,2009,1133017473.1788878,77,2013960,0,0,-1,562581.9148239726,3.823313273352003
2660,06071,SAN BERNARDINO,"San Bernardino County, CA",SAN BERNARDINO COUNTY,CALIFORNIA,CA,2010,1201213592.25494,82,2040803,0,1,0,588598.5037531501,4.018026237711332
2661,06071,SAN BERNARDINO,"San Bernardino County, CA",SAN BERNARDINO COUNTY,CALIFORNIA,CA,2011,1338208947.0308895,75,2060596,0,1,1,649428.1009139539,3.6397236527684225
2662,06071,SAN BERNARDINO,"San Bernardino County, CA",SAN BERNARDINO COUNTY,CALIFORNIA,CA,2012,1361537124.1272726,85,2073088,0,1,2,656767.6452361272,4.1001636206470735
2663,06071,SAN BERNARDINO,"San Bernardino County, CA",SAN BERNARDINO COUNTY,CALIFORNIA,CA,2013,1387484278.2247446,91,2082101,0,1,3,666386.6345699582,4.370585288609918
2664,06071,SAN BERNARDINO,"San Bernardino County, CA",SAN BERNARDINO COUNTY,CALIFORNIA,CA,2014,1391253417.9455285,90,2098346,0,1,4,663023.8377967831,4.289092456630127
2665,06071,SAN BERNARDINO,"San Bernardino County, CA",SAN BERNARDINO COUNTY,CALIFORNIA,CA,2015,1407440027.34447,72,2114352,0,1,5,665660.2246666922,3.4052986446911397
2666,06071,SAN BERNARDINO,,,,CA,2016,1300720252.357982,,,0,1,6,,
2667,06071,SAN BERNARDINO,,,,CA,2017,1153271698.444994,,,0,1,7,,
2668,06071,SAN BERNARDINO,,,,CA,2018,988675278.1217015,,,0,1,8,,
2669,06071,SAN BERNARDINO,,,,CA,2019,859993573.4997724,,,0,1,9,,
2670,06073,SAN DIEGO,"San Diego County, CA",SAN DIEGO COUNTY,CALIFORNIA,CA,2006,1601417069.2553222,245,2947289,0,0,-4,543352.5756229954,8.312723998223452
2671,06073,SAN DIEGO,"San Diego County, CA",SAN DIEGO COUNTY,CALIFORNIA,CA,2007,1800616285.9356213,269,2975742,0,0,-3,605098.2531199348,9.039762183683935
2672,06073,SAN DIEGO,"San Diego County, CA",SAN DIEGO COUNTY,CALIFORNIA,CA,2008,1983685276.4954135,277,3022116,0,0,-2,656389.5219427095,9.165763326093373
2673,06073,SAN DIEGO,"San Diego County, CA",SAN DIEGO COUNTY,CALIFORNIA,CA,2009,2030989769.3221803,288,3061203,0,0,-1,663461.3154770135,9.408066044623634
2674,06073,SAN DIEGO,"San Diego County, CA",SAN DIEGO COUNTY,CALIFORNIA,CA,2010,2119961659.0756652,288,3103260,0,1,0,683140.2006521095,9.280563020823264
2675,06073,SAN DIEGO,"San Diego County, CA",SAN DIEGO COUNTY,CALIFORNIA,CA,2011,2374370754.3199477,330,3137236,0,1,1,756835.2378717915,10.51881337585059
2676,06073,SAN DIEGO,"San Diego County, CA",SAN DIEGO COUNTY,CALIFORNIA,CA,2012,2523172281.1691194,335,3175148,0,1,2,794662.8885233442,10.55068929070393
2677,06073,SAN DIEGO,"San Diego County, CA",SAN DIEGO COUNTY,CALIFORNIA,CA,2013,2461447370.1464777,347,3210788,0,1,3,766617.8427683414,10.807315836486246
2678,06073,SAN DIEGO,"San Diego County, CA",SAN DIEGO COUNTY,CALIFORNIA,CA,2014,2419689512.5700006,345,3249307,0,1,4,744678.6384204389,10.617648624768297
2679,06073,SAN DIEGO,"San Diego County, CA",SAN DIEGO COUNTY,CALIFORNIA,CA,2015,2344766294.250458,340,3280825,0,1,5,714688.0111711102,10.363247049141604
2680,06073,SAN DIEGO,,,,CA,2016,2121580804.447523,,,0,1,6,,
2681,06073,SAN DIEGO,,,,CA,2017,1894445326.7440379,,,0,1,7,,
2682,06073,SAN DIEGO,,,,CA,2018,1563119135.808789,,,0,1,8,,
2683,06073,SAN DIEGO,,,,CA,2019,1370712325.0057008,,,0,1,9,,
2684,06075,SAN FRANCISCO,"San Francisco County, CA",SAN FRANCISCO COUNTY,CALIFORNIA,CA,2006,667659468.817819,127,768650,0,0,-4,868613.1123629988,16.52247446822351
2685,06075,SAN FRANCISCO,"San Francisco County, CA",SAN FRANCISCO COUNTY,CALIFORNIA,CA,2007,731865117.3678162,153,778673,0,0,-3,939887.6259582858,19.648812787909687
2686,06075,SAN FRANCISCO,"San Francisco County, CA",SAN FRANCISCO COUNTY,CALIFORNIA,CA,2008,802274253.7505373,145,791152,0,0,-2,1014058.3020083844,18.327704410783262
2687,06075,SAN FRANCISCO,"San Francisco County, CA",SAN FRANCISCO COUNTY,CALIFORNIA,CA,2009,834411869.4258815,149,801922,0,0,-1,1040514.9994960625,18.58036068345799
2688,06075,SAN FRANCISCO,"San Francisco County, CA",SAN FRANCISCO COUNTY,CALIFORNIA,CA,2010,847365831.6907719,151,805519,0,1,0,1051950.148526319,18.745678252157926
2689,06075,SAN FRANCISCO,"San Francisco County, CA",SAN FRANCISCO COUNTY,CALIFORNIA,CA,2011,849607894.3120195,168,815694,0,1,1,1041576.7362663198,20.595958778659643
2690,06075,SAN FRANCISCO,"San Francisco County, CA",SAN FRANCISCO COUNTY,CALIFORNIA,CA,2012,821787595.4423776,118,828963,0,1,2,991344.1196318504,14.234652210050387
2691,06075,SAN FRANCISCO,"San Francisco County, CA",SAN FRANCISCO COUNTY,CALIFORNIA,CA,2013,768658302.855927,109,839695,0,1,3,915401.7861913278,12.980903780539363
2692,06075,SAN FRANCISCO,"San Francisco County, CA",SAN FRANCISCO COUNTY,CALIFORNIA,CA,2014,694119803.33927,148,850918,0,1,4,815730.544352417,17.392980287172207
2693,06075,SAN FRANCISCO,"San Francisco County, CA",SAN FRANCISCO COUNTY,CALIFORNIA,CA,2015,656903464.74409,179,863237,0,1,5,760976.9562056422,20.735904508263662
2694,06075,SAN FRANCISCO,,,,CA,2016,608292336.470956,,,0,1,6,,
2695,06075,SAN FRANCISCO,,,,CA,2017,539860064.77016,,,0,1,7,,
2696,06075,SAN FRANCISCO,,,,CA,2018,491311681.63002247,,,0,1,8,,
2697,06075,SAN FRANCISCO,,,,CA,2019,435558563.0106369,,,0,1,9,,
2698,06077,SAN JOAQUIN,"San Joaquin County, CA",SAN JOAQUIN COUNTY,CALIFORNIA,CA,2006,426254645.0007195,72,662812,0,0,-4,643100.3738627537,10.862808760251776
2699,06077,SAN JOAQUIN,"San Joaquin County, CA",SAN JOAQUIN COUNTY,CALIFORNIA,CA,2007,474975334.16585547,85,668080,0,0,-3,710955.775005771,12.723027182373368
2700,06077,SAN JOAQUIN,"San Joaquin County, CA",SAN JOAQUIN COUNTY,CALIFORNIA,CA,2008,496034752.608154,94,671692,0,0,-2,738485.425772756,13.99450938823151
2701,06077,SAN JOAQUIN,"San Joaquin County, CA",SAN JOAQUIN COUNTY,CALIFORNIA,CA,2009,535285975.7470032,107,677736,0,0,-1,789814.877396218,15.787858399140669
2702,06077,SAN JOAQUIN,"San Joaquin County, CA",SAN JOAQUIN COUNTY,CALIFORNIA,CA,2010,593964187.4399472,121,687115,0,1,0,864431.9909184739,17.609861522452572
2703,06077,SAN JOAQUIN,"San Joaquin County, CA",SAN JOAQUIN COUNTY,CALIFORNIA,CA,2011,599635598.1725429,127,694265,0,1,1,863698.4410456279,18.292726840615614
2704,06077,SAN JOAQUIN,"San Joaquin County, CA",SAN JOAQUIN COUNTY,CALIFORNIA,CA,2012,591922869.9342049,95,699444,0,1,2,846276.2850695766,13.582216732147247
2705,06077,SAN JOAQUIN,"San Joaquin County, CA",SAN JOAQUIN COUNTY,CALIFORNIA,CA,2013,576359382.304144,98,701831,0,1,3,821222.4628210267,13.963475537558187
2706,06077,SAN JOAQUIN,"San Joaquin County, CA",SAN JOAQUIN COUNTY,CALIFORNIA,CA,2014,582846605.2760684,109,711296,0,1,4,819414.9907718705,15.324140723411913
2707,06077,SAN JOAQUIN,"San Joaquin County, CA",SAN JOAQUIN COUNTY,CALIFORNIA,CA,2015,545955417.062459,105,721919,0,1,5,756255.7808597073,14.54456801940384
2708,06077,SAN JOAQUIN,,,,CA,2016,491294089.33278096,,,0,1,6,,
2709,06077,SAN JOAQUIN,,,,CA,2017,428437447.616354,,,0,1,7,,
2710,06077,SAN JOAQUIN,,,,CA,2018,369535981.8390435,,,0,1,8,,
2711,06077,SAN JOAQUIN,,,,CA,2019,312464502.51782,,,0,1,9,,
2726,06081,SAN MATEO,"San Mateo County, CA",SAN MATEO COUNTY,CALIFORNIA,CA,2006,291139060.89237374,42,690176,0,0,-4,421833.06995950855,6.085404302670623
2727,06081,SAN MATEO,"San Mateo County, CA",SAN MATEO COUNTY,CALIFORNIA,CA,2007,330518048.52759475,47,693849,0,0,-3,476354.4352266772,6.773808134046456
2728,06081,SAN MATEO,"San Mateo County, CA",SAN MATEO COUNTY,CALIFORNIA,CA,2008,350258438.19748026,47,703830,0,0,-2,497646.3609074354,6.67774888822585
2729,06081,SAN MATEO,"San Mateo County, CA",SAN MATEO COUNTY,CALIFORNIA,CA,2009,391018998.03693753,36,713617,0,0,-1,547939.5782849028,5.0447228695504736
2730,06081,SAN MATEO,"San Mateo County, CA",SAN MATEO COUNTY,CALIFORNIA,CA,2010,412081178.501269,39,719948,0,1,0,572376.3084295935,5.417057898626012
2731,06081,SAN MATEO,"San Mateo County, CA",SAN MATEO COUNTY,CALIFORNIA,CA,2011,426359577.1804135,53,728945,0,1,1,584899.5153000754,7.27078174622228
2732,06081,SAN MATEO,"San Mateo County, CA",SAN MATEO COUNTY,CALIFORNIA,CA,2012,428471620.10634094,44,739700,0,1,2,579250.5341440326,5.9483574422063
2733,06081,SAN MATEO,"San Mateo County, CA",SAN MATEO COUNTY,CALIFORNIA,CA,2013,419377398.38147396,47,749131,0,1,3,559818.5075527164,6.273936067256595
2734,06081,SAN MATEO,"San Mateo County, CA",SAN MATEO COUNTY,CALIFORNIA,CA,2014,408561473.5304805,56,757653,0,1,4,539246.1635214016,7.391246388518227
2735,06081,SAN MATEO,"San Mateo County, CA",SAN MATEO COUNTY,CALIFORNIA,CA,2015,394807037.43206996,65,765479,0,1,5,515764.687773368,8.491415179253774
2736,06081,SAN MATEO,,,,CA,2016,361541410.858007,,,0,1,6,,
2737,06081,SAN MATEO,,,,CA,2017,325392926.63444597,,,0,1,7,,
2738,06081,SAN MATEO,,,,CA,2018,300123442.187226,,,0,1,8,,
2739,06081,SAN MATEO,,,,CA,2019,281614270.49396896,,,0,1,9,,
2740,06083,SANTA BARBARA,"Santa Barbara County, CA",SANTA BARBARA COUNTY,CALIFORNIA,CA,2006,311077194.90672225,27,408085,0,0,-4,762285.2957269251,6.616268669517379
2741,06083,SANTA BARBARA,"Santa Barbara County, CA",SANTA BARBARA COUNTY,CALIFORNIA,CA,2007,348908166.18131053,37,411243,0,0,-3,848423.3559752033,8.997113628681825
2742,06083,SANTA BARBARA,"Santa Barbara County, CA",SANTA BARBARA COUNTY,CALIFORNIA,CA,2008,380507143.5011795,38,415859,0,0,-2,914990.7624968546,9.137712541991396
2743,06083,SANTA BARBARA,"Santa Barbara County, CA",SANTA BARBARA COUNTY,CALIFORNIA,CA,2009,399035755.64913595,52,420356,0,0,-1,949280.5042609976,12.370466937548173
2744,06083,SANTA BARBARA,"Santa Barbara County, CA",SANTA BARBARA COUNTY,CALIFORNIA,CA,2010,386031206.26647246,38,424218,0,1,0,909983.0895116956,8.957658562342946
2745,06083,SANTA BARBARA,"Santa Barbara County, CA",SANTA BARBARA COUNTY,CALIFORNIA,CA,2011,403792842.163738,37,425404,0,1,1,949198.5081563361,8.697614502919578
2746,06083,SANTA BARBARA,"Santa Barbara County, CA",SANTA BARBARA COUNTY,CALIFORNIA,CA,2012,374251716.115959,35,429635,0,1,2,871092.243685824,8.146449893514262
2747,06083,SANTA BARBARA,"Santa Barbara County, CA",SANTA BARBARA COUNTY,CALIFORNIA,CA,2013,341680941.9384985,42,434503,0,1,3,786371.8822159996,9.666216343730653
2748,06083,SANTA BARBARA,"Santa Barbara County, CA",SANTA BARBARA COUNTY,CALIFORNIA,CA,2014,315113549.88224304,44,438921,0,1,4,717927.7133749423,10.024583011521436
2749,06083,SANTA BARBARA,"Santa Barbara County, CA",SANTA BARBARA COUNTY,CALIFORNIA,CA,2015,312263353.583278,59,442051,0,1,5,706396.6682199067,13.34687626540829
2750,06083,SANTA BARBARA,,,,CA,2016,301260440.72876996,,,0,1,6,,
2751,06083,SANTA BARBARA,,,,CA,2017,260587644.94335198,,,0,1,7,,
2752,06083,SANTA BARBARA,,,,CA,2018,235975166.984361,,,0,1,8,,
2753,06083,SANTA BARBARA,,,,CA,2019,220871901.190943,,,0,1,9,,
2754,06085,SANTA CLARA,"Santa Clara County, CA",SANTA CLARA COUNTY,CALIFORNIA,CA,2006,544703501.748275,73,1691159,0,0,-4,322088.87617797917,4.316566331137404
2755,06085,SANTA CLARA,"Santa Clara County, CA",SANTA CLARA COUNTY,CALIFORNIA,CA,2007,605035309.507292,101,1712026,0,0,-3,353403.10807621613,5.8994431159339875
2756,06085,SANTA CLARA,"Santa Clara County, CA",SANTA CLARA COUNTY,CALIFORNIA,CA,2008,645150166.4112486,86,1740964,0,0,-2,370570.6530469605,4.939791977318314
2757,06085,SANTA CLARA,"Santa Clara County, CA",SANTA CLARA COUNTY,CALIFORNIA,CA,2009,663279352.8399512,89,1765137,0,0,-1,375766.5001866434,5.042101547925175
2758,06085,SANTA CLARA,"Santa Clara County, CA",SANTA CLARA COUNTY,CALIFORNIA,CA,2010,680719796.2220426,94,1786001,0,1,0,381141.88974252675,5.263154947841575
2759,06085,SANTA CLARA,"Santa Clara County, CA",SANTA CLARA COUNTY,CALIFORNIA,CA,2011,721366519.700799,102,1811891,0,1,1,398129.09258934396,5.629477711407585
2760,06085,SANTA CLARA,"Santa Clara County, CA",SANTA CLARA COUNTY,CALIFORNIA,CA,2012,737998111.5192854,100,1837605,0,1,2,401608.6762494037,5.441865906982186
2761,06085,SANTA CLARA,"Santa Clara County, CA",SANTA CLARA COUNTY,CALIFORNIA,CA,2013,698428667.636241,110,1866050,0,1,3,374281.86149151466,5.894804533640578
2762,06085,SANTA CLARA,"Santa Clara County, CA",SANTA CLARA COUNTY,CALIFORNIA,CA,2014,656843020.3939614,103,1891286,0,1,4,347299.6788396686,5.446029844243546
2763,06085,SANTA CLARA,"Santa Clara County, CA",SANTA CLARA COUNTY,CALIFORNIA,CA,2015,640115012.52602,118,1915736,0,1,5,334135.294490483,6.159512584197405
2764,06085,SANTA CLARA,,,,CA,2016,590549663.297605,,,0,1,6,,
2765,06085,SANTA CLARA,,,,CA,2017,532941672.774185,,,0,1,7,,
2766,06085,SANTA CLARA,,,,CA,2018,487391200.03087497,,,0,1,8,,
2767,06085,SANTA CLARA,,,,CA,2019,457126879.27837646,,,0,1,9,,
2824,06095,SOLANO,"Solano County, CA",SOLANO COUNTY,CALIFORNIA,CA,2006,260354348.80163348,28,408402,0,0,-4,637495.2835726404,6.855989931489073
2825,06095,SOLANO,"Solano County, CA",SOLANO COUNTY,CALIFORNIA,CA,2007,302969117.516739,27,408243,0,0,-3,742129.3629449593,6.613708012139828
2826,06095,SOLANO,"Solano County, CA",SOLANO COUNTY,CALIFORNIA,CA,2008,330650080.369484,32,408972,0,0,-2,808490.7533265945,7.82449654255059
2827,06095,SOLANO,"Solano County, CA",SOLANO COUNTY,CALIFORNIA,CA,2009,365370225.84208304,31,410290,0,0,-1,890517.0144095226,7.555631382680542
2828,06095,SOLANO,"Solano County, CA",SOLANO COUNTY,CALIFORNIA,CA,2010,394016014.975676,35,413963,0,1,0,951814.5703255507,8.454861907948295
2829,06095,SOLANO,"Solano County, CA",SOLANO COUNTY,CALIFORNIA,CA,2011,422687814.50800896,31,416325,0,1,1,1015283.2871146555,7.446105806761545
2830,06095,SOLANO,"Solano County, CA",SOLANO COUNTY,CALIFORNIA,CA,2012,450594946.63167775,24,419645,0,1,2,1073752.687704316,5.719119732154559
2831,06095,SOLANO,"Solano County, CA",SOLANO COUNTY,CALIFORNIA,CA,2013,453117363.9690395,45,423634,0,1,3,1069596.3118376702,10.622376863046876
2832,06095,SOLANO,"Solano County, CA",SOLANO COUNTY,CALIFORNIA,CA,2014,436081499.153038,55,428971,0,1,4,1016575.7106029033,12.82137953381464
2833,06095,SOLANO,"Solano County, CA",SOLANO COUNTY,CALIFORNIA,CA,2015,410304844.36055696,49,433378,0,1,5,946759.7440584362,11.306526865692305
2834,06095,SOLANO,,,,CA,2016,355286992.33161896,,,0,1,6,,
2835,06095,SOLANO,,,,CA,2017,298502866.892202,,,0,1,7,,
2836,06095,SOLANO,,,,CA,2018,248807913.20272297,,,0,1,8,,
2837,06095,SOLANO,,,,CA,2019,219338900.91566098,,,0,1,9,,
2838,06097,SONOMA,"Sonoma County, CA",SONOMA COUNTY,CALIFORNIA,CA,2006,420602788.17506295,37,465188,0,0,-4,904156.5736327312,7.953773528121964
2839,06097,SONOMA,"Sonoma County, CA",SONOMA COUNTY,CALIFORNIA,CA,2007,476375208.8945965,41,467356,0,0,-3,1019298.3697536708,8.772755672335435
2840,06097,SONOMA,"Sonoma County, CA",SONOMA COUNTY,CALIFORNIA,CA,2008,523896761.2813135,51,473091,0,0,-2,1107391.0965994142,10.780167029176205
2841,06097,SONOMA,"Sonoma County, CA",SONOMA COUNTY,CALIFORNIA,CA,2009,551397293.4946924,42,479479,0,0,-1,1149992.5825629327,8.759507715666379
2842,06097,SONOMA,"Sonoma County, CA",SONOMA COUNTY,CALIFORNIA,CA,2010,570321492.3395829,53,484675,0,1,0,1176709.119182097,10.93516273791716
2843,06097,SONOMA,"Sonoma County, CA",SONOMA COUNTY,CALIFORNIA,CA,2011,591899993.304428,39,487231,0,1,1,1214824.1661643614,8.004416796139818
2844,06097,SONOMA,"Sonoma County, CA",SONOMA COUNTY,CALIFORNIA,CA,2012,619140611.1042265,55,489784,0,1,2,1264109.507669149,11.229439916371298
2845,06097,SONOMA,"Sonoma County, CA",SONOMA COUNTY,CALIFORNIA,CA,2013,627524734.232645,31,493870,0,1,3,1270627.3598976352,6.276955474112621
2846,06097,SONOMA,"Sonoma County, CA",SONOMA COUNTY,CALIFORNIA,CA,2014,615971555.7117215,60,498317,0,1,4,1236103.8369385784,12.0405284186572
2847,06097,SONOMA,"Sonoma County, CA",SONOMA COUNTY,CALIFORNIA,CA,2015,596145248.4567659,71,500598,0,1,5,1190866.2209133194,14.18303708764318
2848,06097,SONOMA,,,,CA,2016,558593045.557851,,,0,1,6,,
2849,06097,SONOMA,,,,CA,2017,522751038.474242,,,0,1,7,,
2850,06097,SONOMA,,,,CA,2018,466332599.54499096,,,0,1,8,,
2851,06097,SONOMA,,,,CA,2019,439776120.073436,,,0,1,9,,
2852,06099,STANISLAUS,"Stanislaus County, CA",STANISLAUS COUNTY,CALIFORNIA,CA,2006,502971977.725786,77,504651,0,0,-4,996672.9040976556,15.258069438086917
2853,06099,STANISLAUS,"Stanislaus County, CA",STANISLAUS COUNTY,CALIFORNIA,CA,2007,574541933.0589004,68,507834,0,0,-3,1131357.7528462063,13.390202310203728
2854,06099,STANISLAUS,"Stanislaus County, CA",STANISLAUS COUNTY,CALIFORNIA,CA,2008,605889163.7207386,50,509032,0,0,-2,1190277.1608086303,9.822565182542553
2855,06099,STANISLAUS,"Stanislaus County, CA",STANISLAUS COUNTY,CALIFORNIA,CA,2009,650378580.4349113,60,511536,0,0,-1,1271422.8919077276,11.729379750398799
2856,06099,STANISLAUS,"Stanislaus County, CA",STANISLAUS COUNTY,CALIFORNIA,CA,2010,663843007.290393,83,515137,0,1,0,1288672.7361660937,16.112218691338423
2857,06099,STANISLAUS,"Stanislaus County, CA",STANISLAUS COUNTY,CALIFORNIA,CA,2011,700186918.4634855,70,517515,0,1,1,1352978.9831473203,13.526177985179173
2858,06099,STANISLAUS,"Stanislaus County, CA",STANISLAUS COUNTY,CALIFORNIA,CA,2012,704455802.548318,66,520336,0,1,2,1353847.9031785578,12.684111804680054
2859,06099,STANISLAUS,"Stanislaus County, CA",STANISLAUS COUNTY,CALIFORNIA,CA,2013,641992904.0946175,69,523313,0,1,3,1226785.6982238498,13.18522566800366
2860,06099,STANISLAUS,"Stanislaus County, CA",STANISLAUS COUNTY,CALIFORNIA,CA,2014,623173752.9794965,64,527814,0,1,4,1180669.237609265,12.125483598388826
2861,06099,STANISLAUS,"Stanislaus County, CA",STANISLAUS COUNTY,CALIFORNIA,CA,2015,595033236.180314,97,532954,0,1,5,1116481.4152446813,18.200445066553584
2862,06099,STANISLAUS,,,,CA,2016,565754013.159367,,,0,1,6,,
2863,06099,STANISLAUS,,,,CA,2017,506832443.072304,,,0,1,7,,
2864,06099,STANISLAUS,,,,CA,2018,430232021.61076546,,,0,1,8,,
2865,06099,STANISLAUS,,,,CA,2019,368578756.2133939,,,0,1,9,,
2908,06107,TULARE,"Tulare County, CA",TULARE COUNTY,CALIFORNIA,CA,2006,193935683.64200824,47,414921,0,0,-4,467403.87601979234,11.327457516009071
2909,06107,TULARE,"Tulare County, CA",TULARE COUNTY,CALIFORNIA,CA,2007,218841079.707518,19,422140,0,0,-3,518408.77364741085,4.500876486473682
2910,06107,TULARE,"Tulare County, CA",TULARE COUNTY,CALIFORNIA,CA,2008,238743550.66469398,17,429283,0,0,-2,556144.8989703621,3.960091594589117
2911,06107,TULARE,"Tulare County, CA",TULARE COUNTY,CALIFORNIA,CA,2009,256209233.93506598,35,436987,0,0,-1,586308.5948439335,8.009391583731324
2912,06107,TULARE,"Tulare County, CA",TULARE COUNTY,CALIFORNIA,CA,2010,268269837.26862198,22,442953,0,1,0,605639.508635503,4.966666892424253
2913,06107,TULARE,"Tulare County, CA",TULARE COUNTY,CALIFORNIA,CA,2011,285015541.69789195,31,446709,0,1,1,638034.0259495375,6.939640795238063
2914,06107,TULARE,"Tulare County, CA",TULARE COUNTY,CALIFORNIA,CA,2012,297604528.5825855,26,449625,0,1,2,661894.9759968541,5.782596608284681
2915,06107,TULARE,"Tulare County, CA",TULARE COUNTY,CALIFORNIA,CA,2013,291964883.47979945,32,452259,0,1,3,645570.0903239062,7.075591641072926
2916,06107,TULARE,"Tulare County, CA",TULARE COUNTY,CALIFORNIA,CA,2014,272763749.1260095,30,454858,0,1,4,599667.916417892,6.595464958294677
2917,06107,TULARE,"Tulare County, CA",TULARE COUNTY,CALIFORNIA,CA,2015,241132743.413591,42,456794,0,1,5,527880.7151880082,9.194516565454013
2918,06107,TULARE,,,,CA,2016,229623780.33739698,,,0,1,6,,
2919,06107,TULARE,,,,CA,2017,210812190.12729198,,,0,1,7,,
2920,06107,TULARE,,,,CA,2018,188528429.26526698,,,0,1,8,,
2921,06107,TULARE,,,,CA,2019,178676081.18491697,,,0,1,9,,
2936,06111,VENTURA,"Ventura County, CA",VENTURA COUNTY,CALIFORNIA,CA,2006,391252910.28738004,70,798183,0,0,-4,490179.457953101,8.769918677796946
2937,06111,VENTURA,"Ventura County, CA",VENTURA COUNTY,CALIFORNIA,CA,2007,441150463.44572556,70,800027,0,0,-3,551419.4689000816,8.749704697466461
2938,06111,VENTURA,"Ventura County, CA",VENTURA COUNTY,CALIFORNIA,CA,2008,483479319.36184,66,806353,0,0,-2,599587.6735894082,8.185000861905394
2939,06111,VENTURA,"Ventura County, CA",VENTURA COUNTY,CALIFORNIA,CA,2009,540996261.1894184,61,815130,0,0,-1,663693.2283064277,7.483468894532161
2940,06111,VENTURA,"Ventura County, CA",VENTURA COUNTY,CALIFORNIA,CA,2010,584761078.5493824,67,825144,0,1,0,708677.6108768681,8.119794847929573
2941,06111,VENTURA,"Ventura County, CA",VENTURA COUNTY,CALIFORNIA,CA,2011,638851172.9269965,91,829908,0,1,1,769785.5339712311,10.965070827127827
2942,06111,VENTURA,"Ventura County, CA",VENTURA COUNTY,CALIFORNIA,CA,2012,609712565.1427466,92,833287,0,1,2,731695.7604555772,11.040613858130513
2943,06111,VENTURA,"Ventura County, CA",VENTURA COUNTY,CALIFORNIA,CA,2013,593108644.327546,101,837729,0,1,3,707995.8367533486,12.056404875562384
2944,06111,VENTURA,"Ventura County, CA",VENTURA COUNTY,CALIFORNIA,CA,2014,570507860.502616,102,842113,0,1,4,677471.8600741421,12.11238871742866
2945,06111,VENTURA,"Ventura County, CA",VENTURA COUNTY,CALIFORNIA,CA,2015,565270499.4678149,106,845599,0,1,5,668485.2979577966,12.535492591642138
2946,06111,VENTURA,,,,CA,2016,531986330.79886496,,,0,1,6,,
2947,06111,VENTURA,,,,CA,2017,479252857.90067595,,,0,1,7,,
2948,06111,VENTURA,,,,CA,2018,415512728.84179395,,,0,1,8,,
2949,06111,VENTURA,,,,CA,2019,369831580.707227,,,0,1,9,,
2978,08001,ADAMS,"Adams County, CO",ADAMS COUNTY,COLORADO,CO,2006,205217736.7036825,52,406575,0,0,-4,504747.5538429134,12.78976818545164
2979,08001,ADAMS,"Adams County, CO",ADAMS COUNTY,COLORADO,CO,2007,231748447.68869424,51,415746,0,0,-3,557427.9672893888,12.267105396083185
2980,08001,ADAMS,"Adams County, CO",ADAMS COUNTY,COLORADO,CO,2008,270296798.45201075,50,424913,0,0,-2,636122.6850014256,11.767114679946248
2981,08001,ADAMS,"Adams County, CO",ADAMS COUNTY,COLORADO,CO,2009,304876326.6662237,52,435700,0,0,-1,699739.1018274586,11.934817535001146
2982,08001,ADAMS,"Adams County, CO",ADAMS COUNTY,COLORADO,CO,2010,348013862.79384625,53,443692,0,1,0,784359.1112615198,11.945223262984232
2983,08001,ADAMS,"Adams County, CO",ADAMS COUNTY,COLORADO,CO,2011,391818098.2208992,74,452209,0,1,1,866453.5606785783,16.364114823013253
2984,08001,ADAMS,"Adams County, CO",ADAMS COUNTY,COLORADO,CO,2012,403756074.81047374,78,460568,0,1,2,876648.1275522262,16.935609942505774
2985,08001,ADAMS,"Adams County, CO",ADAMS COUNTY,COLORADO,CO,2013,384585256.76808345,64,469995,0,1,3,818275.2088172927,13.617166140065319
2986,08001,ADAMS,"Adams County, CO",ADAMS COUNTY,COLORADO,CO,2014,397874440.81535345,74,479954,0,1,4,828984.5293827188,15.418144238822887
2987,08001,ADAMS,"Adams County, CO",ADAMS COUNTY,COLORADO,CO,2015,368074874.843618,67,490448,0,1,5,750487.0543739968,13.66097934949271
2988,08001,ADAMS,,,,CO,2016,352132323.76194596,,,0,1,6,,
2989,08001,ADAMS,,,,CO,2017,327669344.164795,,,0,1,7,,
2990,08001,ADAMS,,,,CO,2018,322384449.970539,,,0,1,8,,
2991,08001,ADAMS,,,,CO,2019,325696052.356379,,,0,1,9,,
3006,08005,ARAPAHOE,"Arapahoe County, CO",ARAPAHOE COUNTY,COLORADO,CO,2006,271550787.5415837,56,531619,0,0,-4,510799.6281953499,10.533859775515925
3007,08005,ARAPAHOE,"Arapahoe County, CO",ARAPAHOE COUNTY,COLORADO,CO,2007,317217595.1734927,75,542039,0,0,-3,585230.2051577335,13.836642750798374
3008,08005,ARAPAHOE,"Arapahoe County, CO",ARAPAHOE COUNTY,COLORADO,CO,2008,365231332.1637565,76,552461,0,0,-2,661098.8507130032,13.756627164632436
3009,08005,ARAPAHOE,"Arapahoe County, CO",ARAPAHOE COUNTY,COLORADO,CO,2009,395330560.592035,71,563161,0,0,-1,701984.975152816,12.607407118035518
3010,08005,ARAPAHOE,"Arapahoe County, CO",ARAPAHOE COUNTY,COLORADO,CO,2010,414594932.5059385,67,575124,0,1,0,720879.2060598036,11.649661638185853
3011,08005,ARAPAHOE,"Arapahoe County, CO",ARAPAHOE COUNTY,COLORADO,CO,2011,440724437.5651765,55,586433,0,1,1,751534.169402432,9.37873550772211
3012,08005,ARAPAHOE,"Arapahoe County, CO",ARAPAHOE COUNTY,COLORADO,CO,2012,467193281.00702024,64,597052,0,1,2,782500.1524272932,10.719334329338148
3013,08005,ARAPAHOE,"Arapahoe County, CO",ARAPAHOE COUNTY,COLORADO,CO,2013,482558587.68687946,71,609089,0,1,3,792262.8510560517,11.656752954001796
3014,08005,ARAPAHOE,"Arapahoe County, CO",ARAPAHOE COUNTY,COLORADO,CO,2014,510319019.1884845,82,619681,0,1,4,823518.9059991906,13.232614845380121
3015,08005,ARAPAHOE,"Arapahoe County, CO",ARAPAHOE COUNTY,COLORADO,CO,2015,528499137.22461,81,631688,0,1,5,836645.839757301,12.822785932295691
3016,08005,ARAPAHOE,,,,CO,2016,512889657.54805696,,,0,1,6,,
3017,08005,ARAPAHOE,,,,CO,2017,447988714.506897,,,0,1,7,,
3018,08005,ARAPAHOE,,,,CO,2018,421391604.13517195,,,0,1,8,,
3019,08005,ARAPAHOE,,,,CO,2019,394960165.216254,,,0,1,9,,
3174,08031,DENVER,"Denver County, CO",DENVER COUNTY,COLORADO,CO,2006,275895816.1354937,107,556895,0,0,-4,495418.016206814,19.213675827579706
3175,08031,DENVER,"Denver County, CO",DENVER COUNTY,COLORADO,CO,2007,313133191.6452465,109,564395,0,0,-3,554812.1291741537,19.31271538550129
3176,08031,DENVER,"Denver County, CO",DENVER COUNTY,COLORADO,CO,2008,354862899.302311,127,575721,0,0,-2,616379.981453362,22.059296082651144
3177,08031,DENVER,"Denver County, CO",DENVER COUNTY,COLORADO,CO,2009,388779566.1408227,139,589011,0,0,-1,660054.8481111943,23.59888015673731
3178,08031,DENVER,"Denver County, CO",DENVER COUNTY,COLORADO,CO,2010,431904771.1916835,102,603012,0,1,0,716245.731746107,16.915086266939962
3179,08031,DENVER,"Denver County, CO",DENVER COUNTY,COLORADO,CO,2011,460625480.2792423,136,620250,0,1,1,742644.869454643,21.92664248286981
3180,08031,DENVER,"Denver County, CO",DENVER COUNTY,COLORADO,CO,2012,479712529.0546007,95,634965,0,1,2,755494.4430867854,14.961454568362036
3181,08031,DENVER,"Denver County, CO",DENVER COUNTY,COLORADO,CO,2013,453574884.9423995,91,649270,0,1,3,698592.0879486185,14.01574075500177
3182,08031,DENVER,"Denver County, CO",DENVER COUNTY,COLORADO,CO,2014,442054199.3352415,114,664540,0,1,4,665203.2975219573,17.1547235681825
3183,08031,DENVER,"Denver County, CO",DENVER COUNTY,COLORADO,CO,2015,431277219.916536,107,683328,0,1,5,631142.3209886554,15.65865879928819
3184,08031,DENVER,,,,CO,2016,413281502.5229449,,,0,1,6,,
3185,08031,DENVER,,,,CO,2017,389709657.118258,,,0,1,7,,
3186,08031,DENVER,,,,CO,2018,346178447.767633,,,0,1,8,,
3187,08031,DENVER,,,,CO,2019,322460763.55882096,,,0,1,9,,
3242,08041,EL PASO,"El Paso County, CO",EL PASO COUNTY,COLORADO,CO,2006,342954330.6557455,46,580251,0,0,-4,591044.7903678676,7.927603743897037
3243,08041,EL PASO,"El Paso County, CO",EL PASO COUNTY,COLORADO,CO,2007,389135826.359084,63,586783,0,0,-3,663168.2007813519,10.736507363028581
3244,08041,EL PASO,"El Paso County, CO",EL PASO COUNTY,COLORADO,CO,2008,416124471.56313974,63,597919,0,0,-2,695954.5884361255,10.536544247632204
3245,08041,EL PASO,"El Paso County, CO",EL PASO COUNTY,COLORADO,CO,2009,440137288.022875,58,608061,0,0,-1,723837.3913519778,9.538516694871074
3246,08041,EL PASO,"El Paso County, CO",EL PASO COUNTY,COLORADO,CO,2010,464966133.42374367,59,627088,0,1,0,741468.7147956007,9.40856785650499
3247,08041,EL PASO,"El Paso County, CO",EL PASO COUNTY,COLORADO,CO,2011,494347286.9263402,75,637376,0,1,1,775597.5859246979,11.766994678180541
3248,08041,EL PASO,"El Paso County, CO",EL PASO COUNTY,COLORADO,CO,2012,531331163.561644,78,645900,0,1,2,822621.4020152407,12.076172782164422
3249,08041,EL PASO,"El Paso County, CO",EL PASO COUNTY,COLORADO,CO,2013,506750717.75583297,82,655178,0,1,3,773455.0271160401,12.51568276102067
3250,08041,EL PASO,"El Paso County, CO",EL PASO COUNTY,COLORADO,CO,2014,524103877.723513,105,662968,0,1,4,790541.7421708334,15.83786849440697
3251,08041,EL PASO,"El Paso County, CO",EL PASO COUNTY,COLORADO,CO,2015,544053496.785521,119,674094,0,1,5,807088.4725060912,17.653324313819734
3252,08041,EL PASO,,,,CO,2016,513935165.8739029,,,0,1,6,,
3253,08041,EL PASO,,,,CO,2017,474685591.757927,,,0,1,7,,
3254,08041,EL PASO,,,,CO,2018,439444392.86302793,,,0,1,8,,
3255,08041,EL PASO,,,,CO,2019,415054372.5453304,,,0,1,9,,
3356,08059,JEFFERSON,"Jefferson County, CO",JEFFERSON COUNTY,COLORADO,CO,2006,380856226.16284156,22,521662,0,0,-4,730082.3639882558,4.217290122723143
3357,08059,JEFFERSON,"Jefferson County, CO",JEFFERSON COUNTY,COLORADO,CO,2007,439581013.617561,41,524911,0,0,-3,837439.1346677075,7.81084793422123
3358,08059,JEFFERSON,"Jefferson County, CO",JEFFERSON COUNTY,COLORADO,CO,2008,472037247.0067495,50,529003,0,0,-2,892314.8772440789,9.451742239647034
3359,08059,JEFFERSON,"Jefferson County, CO",JEFFERSON COUNTY,COLORADO,CO,2009,495889336.86599874,44,531961,0,0,-1,932191.1509791107,8.271283045185642
3360,08059,JEFFERSON,"Jefferson County, CO",JEFFERSON COUNTY,COLORADO,CO,2010,520949603.70523703,34,535567,0,1,0,972706.6897423423,6.348412056754804
3361,08059,JEFFERSON,"Jefferson County, CO",JEFFERSON COUNTY,COLORADO,CO,2011,577726216.7520423,61,540582,0,1,1,1068711.5308168645,11.284134506883323
3362,08059,JEFFERSON,"Jefferson County, CO",JEFFERSON COUNTY,COLORADO,CO,2012,620047352.5391145,57,546736,0,1,2,1134089.1262677314,10.425507008867168
3363,08059,JEFFERSON,"Jefferson County, CO",JEFFERSON COUNTY,COLORADO,CO,2013,607794004.4580564,58,552242,0,1,3,1100593.5884232935,10.502641957692461
3364,08059,JEFFERSON,"Jefferson County, CO",JEFFERSON COUNTY,COLORADO,CO,2014,591942924.022867,63,559099,0,1,4,1058744.37983768,11.268129615685236
3365,08059,JEFFERSON,"Jefferson County, CO",JEFFERSON COUNTY,COLORADO,CO,2015,565086862.1593019,67,565240,0,1,5,999729.074657317,11.853372018965395
3366,08059,JEFFERSON,,,,CO,2016,528808456.60194993,,,0,1,6,,
3367,08059,JEFFERSON,,,,CO,2017,478966298.981774,,,0,1,7,,
3368,08059,JEFFERSON,,,,CO,2018,419622346.24630594,,,0,1,8,,
3369,08059,JEFFERSON,,,,CO,2019,394639678.50395995,,,0,1,9,,
3776,09001,FAIRFIELD,"Fairfield County, CT",FAIRFIELD COUNTY,CONNECTICUT,CT,2006,544543493.02382,85,896254,0,0,-4,607577.1968926444,9.4839186212837
3777,09001,FAIRFIELD,"Fairfield County, CT",FAIRFIELD COUNTY,CONNECTICUT,CT,2007,613302619.2570806,61,897498,0,0,-3,683347.0595556543,6.7966725274039606
3778,09001,FAIRFIELD,"Fairfield County, CT",FAIRFIELD COUNTY,CONNECTICUT,CT,2008,624909641.1996965,69,903824,0,0,-2,691406.3370741389,7.634229673033689
3779,09001,FAIRFIELD,"Fairfield County, CT",FAIRFIELD COUNTY,CONNECTICUT,CT,2009,682119572.3484474,63,910421,0,0,-1,749235.3233816525,6.919875530111892
3780,09001,FAIRFIELD,"Fairfield County, CT",FAIRFIELD COUNTY,CONNECTICUT,CT,2010,744475082.3143897,51,919371,0,1,0,809765.679268097,5.54727090586934
3781,09001,FAIRFIELD,"Fairfield County, CT",FAIRFIELD COUNTY,CONNECTICUT,CT,2011,784786960.3204429,61,928099,0,1,1,845585.3958688059,6.572574693001502
3782,09001,FAIRFIELD,"Fairfield County, CT",FAIRFIELD COUNTY,CONNECTICUT,CT,2012,811504141.4332589,68,935293,0,1,2,867646.9741923214,7.270448939530179
3783,09001,FAIRFIELD,"Fairfield County, CT",FAIRFIELD COUNTY,CONNECTICUT,CT,2013,753156028.9201696,96,940189,0,1,3,801068.7520489707,10.210712952395742
3784,09001,FAIRFIELD,"Fairfield County, CT",FAIRFIELD COUNTY,CONNECTICUT,CT,2014,727473718.2311895,87,944524,0,1,4,770201.4117493992,9.210988815530362
3785,09001,FAIRFIELD,"Fairfield County, CT",FAIRFIELD COUNTY,CONNECTICUT,CT,2015,692010331.0896349,125,945323,0,1,5,732035.8555643255,13.222993622285717
3786,09001,FAIRFIELD,,,,CT,2016,612835808.723324,,,0,1,6,,
3787,09001,FAIRFIELD,,,,CT,2017,539804559.423404,,,0,1,7,,
3788,09001,FAIRFIELD,,,,CT,2018,482895839.83019745,,,0,1,8,,
3789,09001,FAIRFIELD,,,,CT,2019,452166360.46260697,,,0,1,9,,
3790,09003,HARTFORD,"Hartford County, CT",HARTFORD COUNTY,CONNECTICUT,CT,2006,624970351.5077702,89,881298,0,0,-4,709147.5885656954,10.098740721072781
3791,09003,HARTFORD,"Hartford County, CT",HARTFORD COUNTY,CONNECTICUT,CT,2007,739058027.7343467,106,884548,0,0,-3,835520.5457864883,11.983521527378954
3792,09003,HARTFORD,"Hartford County, CT",HARTFORD COUNTY,CONNECTICUT,CT,2008,783710404.3575453,73,887891,0,0,-2,882665.1068177797,8.221729919550935
3793,09003,HARTFORD,"Hartford County, CT",HARTFORD COUNTY,CONNECTICUT,CT,2009,851987912.1806232,72,891667,0,0,-1,955500.1050623419,8.074763336537071
3794,09003,HARTFORD,"Hartford County, CT",HARTFORD COUNTY,CONNECTICUT,CT,2010,924531403.5227615,67,895214,0,1,0,1032749.0449465283,7.484243990822306
3795,09003,HARTFORD,"Hartford County, CT",HARTFORD COUNTY,CONNECTICUT,CT,2011,922061253.128342,78,896900,0,1,1,1028053.5769075059,8.696621696956182
3796,09003,HARTFORD,"Hartford County, CT",HARTFORD COUNTY,CONNECTICUT,CT,2012,972282067.3893085,98,897795,0,1,2,1082966.6765679342,10.915632187748873
3797,09003,HARTFORD,"Hartford County, CT",HARTFORD COUNTY,CONNECTICUT,CT,2013,1010210646.36938,135,897837,0,1,3,1125160.4092606788,15.036136848893506
3798,09003,HARTFORD,"Hartford County, CT",HARTFORD COUNTY,CONNECTICUT,CT,2014,998274999.259662,148,897618,0,1,4,1112137.9019356363,16.488082903863337
3799,09003,HARTFORD,"Hartford County, CT",HARTFORD COUNTY,CONNECTICUT,CT,2015,977261805.613318,189,896563,0,1,5,1090009.0742238057,21.080504102890703
3800,09003,HARTFORD,,,,CT,2016,935583520.553385,,,0,1,6,,
3801,09003,HARTFORD,,,,CT,2017,907905758.0447199,,,0,1,7,,
3802,09003,HARTFORD,,,,CT,2018,876391532.1630621,,,0,1,8,,
3803,09003,HARTFORD,,,,CT,2019,879660874.8335204,,,0,1,9,,
3832,09009,NEW HAVEN,"New Haven County, CT",NEW HAVEN COUNTY,CONNECTICUT,CT,2006,1066699919.7760584,103,850207,0,0,-4,1254635.541434096,12.114696773844488
3833,09009,NEW HAVEN,"New Haven County, CT",NEW HAVEN COUNTY,CONNECTICUT,CT,2007,1201229108.214297,104,853598,0,0,-3,1407253.8925985033,12.183721142739321
3834,09009,NEW HAVEN,"New Haven County, CT",NEW HAVEN COUNTY,CONNECTICUT,CT,2008,1177895837.3434787,106,856622,0,0,-2,1375047.3806923926,12.374186047054593
3835,09009,NEW HAVEN,"New Haven County, CT",NEW HAVEN COUNTY,CONNECTICUT,CT,2009,1223335115.1858654,99,860025,0,0,-1,1422441.3420375749,11.511293276358245
3836,09009,NEW HAVEN,"New Haven County, CT",NEW HAVEN COUNTY,CONNECTICUT,CT,2010,1347453468.0590808,97,863398,0,1,0,1560640.0154495155,11.234679718970858
3837,09009,NEW HAVEN,"New Haven County, CT",NEW HAVEN COUNTY,CONNECTICUT,CT,2011,1422758021.8696754,112,863974,0,1,1,1646760.2287449338,12.963353063865346
3838,09009,NEW HAVEN,"New Haven County, CT",NEW HAVEN COUNTY,CONNECTICUT,CT,2012,1541383653.750882,97,864732,0,1,2,1782498.6860100955,11.21734826512723
3839,09009,NEW HAVEN,"New Haven County, CT",NEW HAVEN COUNTY,CONNECTICUT,CT,2013,1545999880.041435,143,863035,0,1,3,1791352.4712687607,16.56943229417115
3840,09009,NEW HAVEN,"New Haven County, CT",NEW HAVEN COUNTY,CONNECTICUT,CT,2014,1520623975.5227814,136,863149,0,1,4,1761716.6625029761,15.756259927312666
3841,09009,NEW HAVEN,"New Haven County, CT",NEW HAVEN COUNTY,CONNECTICUT,CT,2015,1448680516.66763,192,860506,0,1,5,1683521.6915020116,22.312453370458776
3842,09009,NEW HAVEN,,,,CT,2016,1358614737.434387,,,0,1,6,,
3843,09009,NEW HAVEN,,,,CT,2017,1267694552.433327,,,0,1,7,,
3844,09009,NEW HAVEN,,,,CT,2018,1218943867.085182,,,0,1,8,,
3845,09009,NEW HAVEN,,,,CT,2019,1218886889.9119189,,,0,1,9,,
3902,10003,NEW CASTLE,"New Castle County, DE",NEW CASTLE COUNTY,DELAWARE,DE,2006,455006338.0389875,41,527174,0,0,-4,863104.663809269,7.777318304772238
3903,10003,NEW CASTLE,"New Castle County, DE",NEW CASTLE COUNTY,DELAWARE,DE,2007,512625753.2794405,50,530555,0,0,-3,966206.6200100658,9.424093637794385
3904,10003,NEW CASTLE,"New Castle County, DE",NEW CASTLE COUNTY,DELAWARE,DE,2008,618324679.5106858,67,533958,0,0,-2,1158002.4636969308,12.547803385284984
3905,10003,NEW CASTLE,"New Castle County, DE",NEW CASTLE COUNTY,DELAWARE,DE,2009,713248997.648165,60,536898,0,0,-1,1328462.7576339734,11.175307041560968
3906,10003,NEW CASTLE,"New Castle County, DE",NEW CASTLE COUNTY,DELAWARE,DE,2010,792713567.9432847,70,538792,0,1,0,1471279.3952829381,12.992026607670491
3907,10003,NEW CASTLE,"New Castle County, DE",NEW CASTLE COUNTY,DELAWARE,DE,2011,839413521.6800095,72,542031,0,1,1,1548644.8592054874,13.283373091206961
3908,10003,NEW CASTLE,"New Castle County, DE",NEW CASTLE COUNTY,DELAWARE,DE,2012,816655654.2764975,65,545053,0,1,2,1498305.035063558,11.925445782336762
3909,10003,NEW CASTLE,"New Castle County, DE",NEW CASTLE COUNTY,DELAWARE,DE,2013,760496053.165365,76,548614,0,1,3,1386213.3543171792,13.853091609036591
3910,10003,NEW CASTLE,"New Castle County, DE",NEW CASTLE COUNTY,DELAWARE,DE,2014,720925800.9681334,90,551124,0,1,4,1308100.9010098153,16.330263243843493
3911,10003,NEW CASTLE,"New Castle County, DE",NEW CASTLE COUNTY,DELAWARE,DE,2015,702159156.8278381,95,553929,0,1,5,1267597.7549971892,17.15021239184083
3912,10003,NEW CASTLE,,,,DE,2016,689430091.556911,,,0,1,6,,
3913,10003,NEW CASTLE,,,,DE,2017,664361919.3933079,,,0,1,7,,
3914,10003,NEW CASTLE,,,,DE,2018,609864044.38992,,,0,1,8,,
3915,10003,NEW CASTLE,,,,DE,2019,555325108.278131,,,0,1,9,,
3930,11001,DISTRICT OF COLUMBIA,"District of Columbia, DC",DISTRICT OF COLUMBIA,DISTRICT OF COLUMBIA,DC,2006,225988935.45368874,85,570681,0,0,-4,395998.7023462999,14.894485710931328
3931,11001,DISTRICT OF COLUMBIA,"District of Columbia, DC",DISTRICT OF COLUMBIA,DISTRICT OF COLUMBIA,DC,2007,271711854.83405876,38,574404,0,0,-3,473032.66487360594,6.6155528164845645
3932,11001,DISTRICT OF COLUMBIA,"District of Columbia, DC",DISTRICT OF COLUMBIA,DISTRICT OF COLUMBIA,DC,2008,267743791.682043,36,580236,0,0,-2,461439.4689092766,6.204372014145968
3933,11001,DISTRICT OF COLUMBIA,"District of Columbia, DC",DISTRICT OF COLUMBIA,DISTRICT OF COLUMBIA,DC,2009,296453132.39066726,14,592228,0,0,-1,500572.63822491886,2.3639544229587255
3934,11001,DISTRICT OF COLUMBIA,"District of Columbia, DC",DISTRICT OF COLUMBIA,DISTRICT OF COLUMBIA,DC,2010,315017922.8035003,61,605282,0,1,0,520448.1924185757,10.077947138689073
3935,11001,DISTRICT OF COLUMBIA,"District of Columbia, DC",DISTRICT OF COLUMBIA,DISTRICT OF COLUMBIA,DC,2011,345352236.5568653,64,620290,0,1,1,556759.3167016481,10.317754598655467
3936,11001,DISTRICT OF COLUMBIA,"District of Columbia, DC",DISTRICT OF COLUMBIA,DISTRICT OF COLUMBIA,DC,2012,359069728.38041,61,635737,0,1,2,564808.6054145189,9.59516277957709
3937,11001,DISTRICT OF COLUMBIA,"District of Columbia, DC",DISTRICT OF COLUMBIA,DISTRICT OF COLUMBIA,DC,2013,375329829.8354315,77,651559,0,1,3,576048.8763648903,11.817809285114626
3938,11001,DISTRICT OF COLUMBIA,"District of Columbia, DC",DISTRICT OF COLUMBIA,DISTRICT OF COLUMBIA,DC,2014,403152689.437707,80,663603,0,1,4,607520.8964361327,12.055400593427093
3939,11001,DISTRICT OF COLUMBIA,"District of Columbia, DC",DISTRICT OF COLUMBIA,DISTRICT OF COLUMBIA,DC,2015,408739959.915654,114,677014,0,1,5,603739.3021645845,16.83864735441217
3940,11001,DISTRICT OF COLUMBIA,,,,DC,2016,421636532.149077,,,0,1,6,,
3941,11001,DISTRICT OF COLUMBIA,,,,DC,2017,454203968.38164496,,,0,1,7,,
3942,11001,DISTRICT OF COLUMBIA,,,,DC,2018,488853719.73903793,,,0,1,8,,
3943,11001,DISTRICT OF COLUMBIA,,,,DC,2019,538717464.823223,,,0,1,9,,
4000,12009,BREVARD,"Brevard County, FL",BREVARD COUNTY,FLORIDA,FL,2006,476181332.39652014,81,535138,1,0,-4,889829.039231974,15.136282603739597
4001,12009,BREVARD,"Brevard County, FL",BREVARD COUNTY,FLORIDA,FL,2007,573977801.2995178,84,539719,1,0,-3,1063475.2552708313,15.563654420170495
4002,12009,BREVARD,"Brevard County, FL",BREVARD COUNTY,FLORIDA,FL,2008,650258122.5912533,109,542378,1,0,-2,1198902.098889065,20.096685337532126
4003,12009,BREVARD,"Brevard County, FL",BREVARD COUNTY,FLORIDA,FL,2009,746751042.8081545,122,542109,1,0,-1,1377492.4282905364,22.504699239451842
4004,12009,BREVARD,"Brevard County, FL",BREVARD COUNTY,FLORIDA,FL,2010,928820880.619253,119,544000,1,1,0,1707391.3246677446,21.875
4005,12009,BREVARD,"Brevard County, FL",BREVARD COUNTY,FLORIDA,FL,2011,969139618.1545086,107,544442,1,1,1,1780060.3519833307,19.65314946312004
4006,12009,BREVARD,"Brevard County, FL",BREVARD COUNTY,FLORIDA,FL,2012,897454494.1918119,98,547119,1,1,2,1640327.7791336288,17.912008173724544
4007,12009,BREVARD,"Brevard County, FL",BREVARD COUNTY,FLORIDA,FL,2013,871682397.2467855,82,550478,1,1,3,1583500.8796841756,14.89614480506033
4008,12009,BREVARD,"Brevard County, FL",BREVARD COUNTY,FLORIDA,FL,2014,882637642.025593,96,555838,1,1,4,1587940.4467229536,17.271219312101728
4009,12009,BREVARD,"Brevard County, FL",BREVARD COUNTY,FLORIDA,FL,2015,909826491.996423,132,566133,1,1,5,1607089.66267012,23.316075904425286
4010,12009,BREVARD,,,,FL,2016,923589953.7470039,,,0,1,6,,
4011,12009,BREVARD,,,,FL,2017,907959232.0394009,,,0,1,7,,
4012,12009,BREVARD,,,,FL,2018,824041483.947959,,,0,1,8,,
4013,12009,BREVARD,,,,FL,2019,773183789.205155,,,0,1,9,,
4014,12011,BROWARD,"Broward County, FL",BROWARD COUNTY,FLORIDA,FL,2006,1933565767.504647,215,1739348,1,0,-4,1111661.2474931108,12.360953644699048
4015,12011,BROWARD,"Broward County, FL",BROWARD COUNTY,FLORIDA,FL,2007,2377385401.4151216,222,1720825,1,0,-3,1381538.158392121,12.900788865805644
4016,12011,BROWARD,"Broward County, FL",BROWARD COUNTY,FLORIDA,FL,2008,2487945923.0179615,242,1723633,1,0,-2,1443431.3586581142,14.040111787137983
4017,12011,BROWARD,"Broward County, FL",BROWARD COUNTY,FLORIDA,FL,2009,2825491404.752289,242,1733310,1,0,-1,1630113.1388801131,13.96172640785549
4018,12011,BROWARD,"Broward County, FL",BROWARD COUNTY,FLORIDA,FL,2010,3253898145.9666853,205,1752843,1,1,0,1856354.5884980487,11.695285886984744
4019,12011,BROWARD,"Broward County, FL",BROWARD COUNTY,FLORIDA,FL,2011,2334314271.7648664,186,1787096,1,1,1,1306205.3027732514,10.407946747124944
4020,12011,BROWARD,"Broward County, FL",BROWARD COUNTY,FLORIDA,FL,2012,1687260874.0845766,191,1814468,1,1,2,929892.879943089,10.526501431824645
4021,12011,BROWARD,"Broward County, FL",BROWARD COUNTY,FLORIDA,FL,2013,1391634376.8065524,155,1836869,1,1,3,757612.2068620856,8.4382718636985
4022,12011,BROWARD,"Broward County, FL",BROWARD COUNTY,FLORIDA,FL,2014,1374847932.129909,180,1861259,1,1,4,738665.5656896267,9.67087331746952
4023,12011,BROWARD,"Broward County, FL",BROWARD COUNTY,FLORIDA,FL,2015,1355556470.2090719,252,1885435,1,1,5,718962.1865559258,13.365615892353754
4024,12011,BROWARD,,,,FL,2016,1370766516.743056,,,0,1,6,,
4025,12011,BROWARD,,,,FL,2017,1327956995.363288,,,0,1,7,,
4026,12011,BROWARD,,,,FL,2018,1202617602.6513019,,,0,1,8,,
4027,12011,BROWARD,,,,FL,2019,1109335011.3846436,,,0,1,9,,
4140,12031,DUVAL,"Duval County, FL",DUVAL COUNTY,FLORIDA,FL,2006,813800218.1283805,124,842098,1,0,-4,966396.0941937643,14.725127004220411
4141,12031,DUVAL,"Duval County, FL",DUVAL COUNTY,FLORIDA,FL,2007,887315683.2576874,124,851033,1,0,-3,1042633.697233465,14.570527817370184
4142,12031,DUVAL,"Duval County, FL",DUVAL COUNTY,FLORIDA,FL,2008,983393140.4263825,89,855437,1,0,-2,1149579.8526675636,10.404039105159118
4143,12031,DUVAL,"Duval County, FL",DUVAL COUNTY,FLORIDA,FL,2009,1135820241.4958375,115,859795,1,0,-1,1321036.1091839771,13.375281317058135
4144,12031,DUVAL,"Duval County, FL",DUVAL COUNTY,FLORIDA,FL,2010,1384081579.106599,120,865653,1,1,0,1598887.2898339161,13.862367484430827
4145,12031,DUVAL,"Duval County, FL",DUVAL COUNTY,FLORIDA,FL,2011,1414868413.4233792,135,872483,1,1,1,1621657.285498261,15.473080850858986
4146,12031,DUVAL,"Duval County, FL",DUVAL COUNTY,FLORIDA,FL,2012,1373667655.1124125,150,880349,1,1,2,1560367.144294379,17.038697153060888
4147,12031,DUVAL,"Duval County, FL",DUVAL COUNTY,FLORIDA,FL,2013,1362493826.1743405,127,886277,1,1,3,1537322.7852853457,14.329605755311261
4148,12031,DUVAL,"Duval County, FL",DUVAL COUNTY,FLORIDA,FL,2014,1353083729.18777,134,897094,1,1,4,1508296.4875339372,14.93711918706401
4149,12031,DUVAL,"Duval County, FL",DUVAL COUNTY,FLORIDA,FL,2015,1347079534.625561,146,911106,1,1,5,1478510.222329302,16.024480137327597
4150,12031,DUVAL,,,,FL,2016,1374086119.528634,,,0,1,6,,
4151,12031,DUVAL,,,,FL,2017,1311286991.9551978,,,0,1,7,,
4152,12031,DUVAL,,,,FL,2018,1189547852.342963,,,0,1,8,,
4153,12031,DUVAL,,,,FL,2019,1140044046.452349,,,0,1,9,,
4319,12057,HILLSBOROUGH,"Hillsborough County, FL",HILLSBOROUGH COUNTY,FLORIDA,FL,2006,1808769469.9556613,158,1171826,1,0,-4,1543547.8219084244,13.483230445475694
4320,12057,HILLSBOROUGH,"Hillsborough County, FL",HILLSBOROUGH COUNTY,FLORIDA,FL,2007,2169718255.4874377,231,1184686,1,0,-3,1831471.17083129,19.498837666689738
4321,12057,HILLSBOROUGH,"Hillsborough County, FL",HILLSBOROUGH COUNTY,FLORIDA,FL,2008,2366176753.5214596,218,1196773,1,0,-2,1977130.7954987786,18.21565158973339
4322,12057,HILLSBOROUGH,"Hillsborough County, FL",HILLSBOROUGH COUNTY,FLORIDA,FL,2009,3098500759.337838,237,1214050,1,0,-1,2552201.93512445,19.521436514146863
4323,12057,HILLSBOROUGH,"Hillsborough County, FL",HILLSBOROUGH COUNTY,FLORIDA,FL,2010,3668937582.728966,237,1233511,1,1,0,2974385.783936233,19.21344844107592
4324,12057,HILLSBOROUGH,"Hillsborough County, FL",HILLSBOROUGH COUNTY,FLORIDA,FL,2011,2481250861.0845256,211,1255639,1,1,1,1976086.168942288,16.804192924877295
4325,12057,HILLSBOROUGH,"Hillsborough County, FL",HILLSBOROUGH COUNTY,FLORIDA,FL,2012,1818786292.3017242,160,1279861,1,1,2,1421081.111387662,12.501357569298541
4326,12057,HILLSBOROUGH,"Hillsborough County, FL",HILLSBOROUGH COUNTY,FLORIDA,FL,2013,1546373850.6967804,135,1304474,1,1,3,1185438.6141055939,10.348998906839078
4327,12057,HILLSBOROUGH,"Hillsborough County, FL",HILLSBOROUGH COUNTY,FLORIDA,FL,2014,1528141965.925215,137,1332742,1,1,4,1146614.998195611,10.279558984409585
4328,12057,HILLSBOROUGH,"Hillsborough County, FL",HILLSBOROUGH COUNTY,FLORIDA,FL,2015,1564258822.817324,156,1364645,1,1,5,1146275.2751208732,11.431544467608791
4329,12057,HILLSBOROUGH,,,,FL,2016,1581711680.616591,,,0,1,6,,
4330,12057,HILLSBOROUGH,,,,FL,2017,1522424867.78876,,,0,1,7,,
4331,12057,HILLSBOROUGH,,,,FL,2018,1379936333.0382774,,,0,1,8,,
4332,12057,HILLSBOROUGH,,,,FL,2019,1288501503.4988985,,,0,1,9,,
4417,12071,LEE,"Lee County, FL",LEE COUNTY,FLORIDA,FL,2006,732213828.8700708,82,582678,1,0,-4,1256635.4467992112,14.07295281441894
4418,12071,LEE,"Lee County, FL",LEE COUNTY,FLORIDA,FL,2007,708715804.3661788,86,604716,1,0,-3,1171981.2347716594,14.221551935123266
4419,12071,LEE,"Lee County, FL",LEE COUNTY,FLORIDA,FL,2008,678204668.700699,76,610984,1,0,-2,1110020.342105029,12.438950938158772
4420,12071,LEE,"Lee County, FL",LEE COUNTY,FLORIDA,FL,2009,812445656.521795,79,612297,1,0,-1,1326881.6546901178,12.902235353104784
4421,12071,LEE,"Lee County, FL",LEE COUNTY,FLORIDA,FL,2010,1072687606.6679356,80,620481,1,1,0,1728800.0868164145,12.893223160741424
4422,12071,LEE,"Lee County, FL",LEE COUNTY,FLORIDA,FL,2011,1057670076.2781441,75,631198,1,1,1,1675654.9866731898,11.882166927018146
4423,12071,LEE,"Lee County, FL",LEE COUNTY,FLORIDA,FL,2012,753988504.9252547,49,644451,1,1,2,1169970.261393426,7.603370931226734
4424,12071,LEE,"Lee County, FL",LEE COUNTY,FLORIDA,FL,2013,695702792.7525995,49,660197,1,1,3,1053780.6029906217,7.422027061619486
4425,12071,LEE,"Lee County, FL",LEE COUNTY,FLORIDA,FL,2014,705492924.438709,66,677710,1,1,4,1040995.2995214901,9.738678785911379
4426,12071,LEE,"Lee County, FL",LEE COUNTY,FLORIDA,FL,2015,756084247.0102149,90,700243,1,1,5,1079745.5269245317,12.852681140689732
4427,12071,LEE,,,,FL,2016,777861827.397095,,,0,1,6,,
4428,12071,LEE,,,,FL,2017,751710747.9663789,,,0,1,7,,
4429,12071,LEE,,,,FL,2018,711227727.1529928,,,0,1,8,,
4430,12071,LEE,,,,FL,2019,689565445.97114,,,0,1,9,,
4529,12086,MIAMI-DADE,"Miami-Dade County, FL",MIAMI-DADE COUNTY,FLORIDA,FL,2006,567721246.135329,125,2405911,1,0,-4,235969.34638701472,5.195537158273934
4530,12086,MIAMI-DADE,"Miami-Dade County, FL",MIAMI-DADE COUNTY,FLORIDA,FL,2007,654371844.4687409,110,2415576,1,0,-3,270896.814866823,4.553779305639732
4531,12086,MIAMI-DADE,"Miami-Dade County, FL",MIAMI-DADE COUNTY,FLORIDA,FL,2008,715974184.9165764,119,2436062,1,0,-2,293906.38863730745,4.8849331420957265
4532,12086,MIAMI-DADE,"Miami-Dade County, FL",MIAMI-DADE COUNTY,FLORIDA,FL,2009,829513593.005304,122,2463943,1,0,-1,336661.031933492,4.951413242919986
4533,12086,MIAMI-DADE,"Miami-Dade County, FL",MIAMI-DADE COUNTY,FLORIDA,FL,2010,1260202880.137561,77,2506986,1,1,0,502676.4729190993,3.071417231687772
4534,12086,MIAMI-DADE,"Miami-Dade County, FL",MIAMI-DADE COUNTY,FLORIDA,FL,2011,1437941168.160527,98,2544511,1,1,1,565114.934916975,3.851427641696185
4535,12086,MIAMI-DADE,"Miami-Dade County, FL",MIAMI-DADE COUNTY,FLORIDA,FL,2012,861066824.7519863,101,2576473,1,1,2,334203.70590026997,3.920087654712469
4536,12086,MIAMI-DADE,"Miami-Dade County, FL",MIAMI-DADE COUNTY,FLORIDA,FL,2013,769845807.87768,90,2609570,1,1,3,295008.68260965595,3.4488440624317414
4537,12086,MIAMI-DADE,"Miami-Dade County, FL",MIAMI-DADE COUNTY,FLORIDA,FL,2014,710172334.150825,104,2634056,1,1,4,269611.70686987106,3.9482835596509718
4538,12086,MIAMI-DADE,"Miami-Dade County, FL",MIAMI-DADE COUNTY,FLORIDA,FL,2015,803699082.1579139,169,2659549,1,1,5,302193.7486987132,6.3544608503171025
4539,12086,MIAMI-DADE,,,,FL,2016,825325196.7100879,,,0,1,6,,
4540,12086,MIAMI-DADE,,,,FL,2017,833827762.986458,,,0,1,7,,
4541,12086,MIAMI-DADE,,,,FL,2018,734479239.7552799,,,0,1,8,,
4542,12086,MIAMI-DADE,,,,FL,2019,655374192.6216149,,,0,1,9,,
4599,12095,ORANGE,"Orange County, FL",ORANGE COUNTY,FLORIDA,FL,2006,639570107.8735797,88,1083429,1,0,-4,590320.277446496,8.122359656239587
4600,12095,ORANGE,"Orange County, FL",ORANGE COUNTY,FLORIDA,FL,2007,706341454.9489137,93,1100663,1,0,-3,641741.80012312,8.449452738940076
4601,12095,ORANGE,"Orange County, FL",ORANGE COUNTY,FLORIDA,FL,2008,852777156.108042,99,1115525,1,0,-2,764462.6127680168,8.874745075188812
4602,12095,ORANGE,"Orange County, FL",ORANGE COUNTY,FLORIDA,FL,2009,1156397722.3235912,99,1131351,1,0,-1,1022138.7724265867,8.750599946435722
4603,12095,ORANGE,"Orange County, FL",ORANGE COUNTY,FLORIDA,FL,2010,1660668252.32812,125,1148590,1,1,0,1445832.0656875996,10.88290860968666
4604,12095,ORANGE,"Orange County, FL",ORANGE COUNTY,FLORIDA,FL,2011,1527952445.385863,125,1170699,1,1,1,1305162.51007805,10.677381632682696
4605,12095,ORANGE,"Orange County, FL",ORANGE COUNTY,FLORIDA,FL,2012,1237687112.3381555,102,1202716,1,1,2,1029076.7831625717,8.480805111098547
4606,12095,ORANGE,"Orange County, FL",ORANGE COUNTY,FLORIDA,FL,2013,976241952.5767645,105,1227761,1,1,3,795140.0578587889,8.552153065621079
4607,12095,ORANGE,"Orange County, FL",ORANGE COUNTY,FLORIDA,FL,2014,872001843.874396,149,1257031,1,1,4,693699.5538490268,11.85332740401788
4608,12095,ORANGE,"Orange County, FL",ORANGE COUNTY,FLORIDA,FL,2015,856812637.30107,173,1291844,1,1,5,663247.7584763098,13.39170983493363
4609,12095,ORANGE,,,,FL,2016,810206228.8567699,,,0,1,6,,
4610,12095,ORANGE,,,,FL,2017,769125162.8651938,,,0,1,7,,
4611,12095,ORANGE,,,,FL,2018,696130951.079989,,,0,1,8,,
4612,12095,ORANGE,,,,FL,2019,680340480.977307,,,0,1,9,,
4627,12099,PALM BEACH,"Palm Beach County, FL",PALM BEACH COUNTY,FLORIDA,FL,2006,1488812361.604686,162,1284489,1,0,-4,1159069.7636217093,12.612019254349395
4628,12099,PALM BEACH,"Palm Beach County, FL",PALM BEACH COUNTY,FLORIDA,FL,2007,1826859842.6036026,220,1286586,1,0,-3,1419928.2773196683,17.099517638152445
4629,12099,PALM BEACH,"Palm Beach County, FL",PALM BEACH COUNTY,FLORIDA,FL,2008,1920941370.0632036,203,1294938,1,0,-2,1483423.4303597575,15.676426207277878
4630,12099,PALM BEACH,"Palm Beach County, FL",PALM BEACH COUNTY,FLORIDA,FL,2009,2089634428.9679437,218,1307371,1,0,-1,1598348.4634185275,16.674685303559585
4631,12099,PALM BEACH,"Palm Beach County, FL",PALM BEACH COUNTY,FLORIDA,FL,2010,2313003046.503052,193,1323631,1,1,0,1747468.1739118018,14.581103041557656
4632,12099,PALM BEACH,"Palm Beach County, FL",PALM BEACH COUNTY,FLORIDA,FL,2011,1879967479.7048671,160,1336875,1,1,1,1406240.2840242109,11.968209443665264
4633,12099,PALM BEACH,"Palm Beach County, FL",PALM BEACH COUNTY,FLORIDA,FL,2012,1477628816.2036738,134,1355149,1,1,2,1090381.0696858233,9.88821155459658
4634,12099,PALM BEACH,"Palm Beach County, FL",PALM BEACH COUNTY,FLORIDA,FL,2013,1350972672.0430958,190,1376782,1,1,3,981253.8746461646,13.800296633744486
4635,12099,PALM BEACH,"Palm Beach County, FL",PALM BEACH COUNTY,FLORIDA,FL,2014,1376780013.17462,184,1399064,1,1,4,984072.217693129,13.151649960259146
4636,12099,PALM BEACH,"Palm Beach County, FL",PALM BEACH COUNTY,FLORIDA,FL,2015,1393727811.886142,263,1424772,1,1,5,978211.1186113582,18.459093805886134
4637,12099,PALM BEACH,,,,FL,2016,1383035868.8793468,,,0,1,6,,
4638,12099,PALM BEACH,,,,FL,2017,1355944669.4017887,,,0,1,7,,
4639,12099,PALM BEACH,,,,FL,2018,1281413762.0721693,,,0,1,8,,
4640,12099,PALM BEACH,,,,FL,2019,1246520267.8462489,,,0,1,9,,
4641,12101,PASCO,"Pasco County, FL",PASCO COUNTY,FLORIDA,FL,2006,556512391.5036522,81,439529,1,0,-4,1266156.2524967687,18.42881812121612
4642,12101,PASCO,"Pasco County, FL",PASCO COUNTY,FLORIDA,FL,2007,693483642.8532485,112,453579,1,0,-3,1528914.7929098315,24.692501196043025
4643,12101,PASCO,"Pasco County, FL",PASCO COUNTY,FLORIDA,FL,2008,810434934.1089202,129,461313,1,0,-2,1756800.5543067728,27.96366024803116
4644,12101,PASCO,"Pasco County, FL",PASCO COUNTY,FLORIDA,FL,2009,909683919.0680813,146,462607,1,0,-1,1966429.2132805625,31.560266057366185
4645,12101,PASCO,"Pasco County, FL",PASCO COUNTY,FLORIDA,FL,2010,1121034236.767231,159,465516,1,1,0,2408154.0414663106,34.15564663727992
4646,12101,PASCO,"Pasco County, FL",PASCO COUNTY,FLORIDA,FL,2011,1105211183.7360644,127,466529,1,1,1,2369008.536952825,27.222316297593505
4647,12101,PASCO,"Pasco County, FL",PASCO COUNTY,FLORIDA,FL,2012,783758435.1043338,95,469755,1,1,2,1668440.8576903571,20.22330789454077
4648,12101,PASCO,"Pasco County, FL",PASCO COUNTY,FLORIDA,FL,2013,692789076.310038,82,474501,1,1,3,1460037.1259703096,17.281312368150964
4649,12101,PASCO,"Pasco County, FL",PASCO COUNTY,FLORIDA,FL,2014,647456273.7780069,95,483590,1,1,4,1338853.7268719513,19.644740379246883
4650,12101,PASCO,"Pasco County, FL",PASCO COUNTY,FLORIDA,FL,2015,629829054.140325,95,495130,1,1,5,1272047.8543823338,19.186880213277323
4651,12101,PASCO,,,,FL,2016,665143238.4802009,,,0,1,6,,
4652,12101,PASCO,,,,FL,2017,643214166.424333,,,0,1,7,,
4653,12101,PASCO,,,,FL,2018,585136201.5392829,,,0,1,8,,
4654,12101,PASCO,,,,FL,2019,556284030.278397,,,0,1,9,,
4655,12103,PINELLAS,"Pinellas County, FL",PINELLAS COUNTY,FLORIDA,FL,2006,1238684199.107583,179,924182,1,0,-4,1340303.3159135138,19.36847936878234
4656,12103,PINELLAS,"Pinellas County, FL",PINELLAS COUNTY,FLORIDA,FL,2007,1289517246.204777,202,918624,1,0,-3,1403748.7004528262,21.989410248371478
4657,12103,PINELLAS,"Pinellas County, FL",PINELLAS COUNTY,FLORIDA,FL,2008,1573989003.7546334,236,916458,1,0,-2,1717469.8717831406,25.751316481497245
4658,12103,PINELLAS,"Pinellas County, FL",PINELLAS COUNTY,FLORIDA,FL,2009,1721108434.799643,223,915330,1,0,-1,1880314.6786401002,24.36279811652628
4659,12103,PINELLAS,"Pinellas County, FL",PINELLAS COUNTY,FLORIDA,FL,2010,2144073464.9839168,238,916428,1,1,0,2339598.3808699828,25.970398110926336
4660,12103,PINELLAS,"Pinellas County, FL",PINELLAS COUNTY,FLORIDA,FL,2011,2048363941.7599132,213,918574,1,1,1,2229938.950764896,23.188115492056166
4661,12103,PINELLAS,"Pinellas County, FL",PINELLAS COUNTY,FLORIDA,FL,2012,1512840590.1281457,169,921863,1,1,2,1641068.7815089072,18.332442022296156
4662,12103,PINELLAS,"Pinellas County, FL",PINELLAS COUNTY,FLORIDA,FL,2013,1369083540.107801,150,928755,1,1,3,1474106.2391134377,16.15065329392574
4663,12103,PINELLAS,"Pinellas County, FL",PINELLAS COUNTY,FLORIDA,FL,2014,1297816804.392753,161,936862,1,1,4,1385280.654346908,17.185028317937967
4664,12103,PINELLAS,"Pinellas County, FL",PINELLAS COUNTY,FLORIDA,FL,2015,1305391886.447264,161,947664,1,1,5,1377483.8829450775,16.989143831568995
4665,12103,PINELLAS,,,,FL,2016,1317409988.140483,,,0,1,6,,
4666,12103,PINELLAS,,,,FL,2017,1252398885.880228,,,0,1,7,,
4667,12103,PINELLAS,,,,FL,2018,1120145986.2874439,,,0,1,8,,
4668,12103,PINELLAS,,,,FL,2019,1046021246.5876414,,,0,1,9,,
4669,12105,POLK,"Polk County, FL",POLK COUNTY,FLORIDA,FL,2006,304697702.4748235,56,568324,1,0,-4,536133.79423502,9.853534251588883
4670,12105,POLK,"Polk County, FL",POLK COUNTY,FLORIDA,FL,2007,310687510.98366904,61,585982,1,0,-3,530199.751841642,10.40987607127864
4671,12105,POLK,"Polk County, FL",POLK COUNTY,FLORIDA,FL,2008,321427067.33934,73,594801,1,0,-2,540394.29546914,12.273012318405653
4672,12105,POLK,"Polk County, FL",POLK COUNTY,FLORIDA,FL,2009,352878451.3730537,86,598683,1,0,-1,589424.5391518612,14.364864210274886
4673,12105,POLK,"Polk County, FL",POLK COUNTY,FLORIDA,FL,2010,452209707.78207,86,603119,1,1,0,749785.21283871,14.259209210785933
4674,12105,POLK,"Polk County, FL",POLK COUNTY,FLORIDA,FL,2011,463180881.85929674,91,610026,1,1,1,759280.5583029194,14.917396963408118
4675,12105,POLK,"Polk County, FL",POLK COUNTY,FLORIDA,FL,2012,427722165.8588375,73,615581,1,1,2,694826.7829235104,11.858715587388176
4676,12105,POLK,"Polk County, FL",POLK COUNTY,FLORIDA,FL,2013,401136819.873048,88,622808,1,1,3,644077.8215325559,14.129555175912962
4677,12105,POLK,"Polk County, FL",POLK COUNTY,FLORIDA,FL,2014,407725272.8441475,72,634624,1,1,4,642467.4655294276,11.345300524405003
4678,12105,POLK,"Polk County, FL",POLK COUNTY,FLORIDA,FL,2015,416021666.579125,86,648823,1,1,5,641194.3882678712,13.254770561462834
4679,12105,POLK,,,,FL,2016,429995098.556083,,,0,1,6,,
4680,12105,POLK,,,,FL,2017,417757413.614856,,,0,1,7,,
4681,12105,POLK,,,,FL,2018,379587886.29173595,,,0,1,8,,
4682,12105,POLK,,,,FL,2019,368377772.313608,,,0,1,9,,
4739,12115,SARASOTA,"Sarasota County, FL",SARASOTA COUNTY,FLORIDA,FL,2006,423507047.0144425,76,371361,1,0,-4,1140418.7489112816,20.46526156489238
4740,12115,SARASOTA,"Sarasota County, FL",SARASOTA COUNTY,FLORIDA,FL,2007,535568006.6959182,65,375325,1,0,-3,1426944.665812078,17.318324119096783
4741,12115,SARASOTA,"Sarasota County, FL",SARASOTA COUNTY,FLORIDA,FL,2008,594701823.1579893,71,377178,1,0,-2,1576713.9736622742,18.82400352088404
4742,12115,SARASOTA,"Sarasota County, FL",SARASOTA COUNTY,FLORIDA,FL,2009,644176870.7073157,62,377262,1,0,-1,1707505.3164838115,16.434202225509065
4743,12115,SARASOTA,"Sarasota County, FL",SARASOTA COUNTY,FLORIDA,FL,2010,693928693.6359572,64,379942,1,1,0,1826406.9085175034,16.844676292697304
4744,12115,SARASOTA,"Sarasota County, FL",SARASOTA COUNTY,FLORIDA,FL,2011,735578158.759991,65,382298,1,1,1,1924096.2776681832,17.002443120288362
4745,12115,SARASOTA,"Sarasota County, FL",SARASOTA COUNTY,FLORIDA,FL,2012,627089921.3942592,55,386585,1,1,2,1622126.8838528635,14.227142801712432
4746,12115,SARASOTA,"Sarasota County, FL",SARASOTA COUNTY,FLORIDA,FL,2013,578823721.7105265,47,390153,1,1,3,1483581.3686182767,12.0465560946603
4747,12115,SARASOTA,"Sarasota County, FL",SARASOTA COUNTY,FLORIDA,FL,2014,568643838.507138,39,396636,1,1,4,1433666.733496551,9.832692947690074
4748,12115,SARASOTA,"Sarasota County, FL",SARASOTA COUNTY,FLORIDA,FL,2015,587957877.159501,83,405099,1,1,5,1451393.059868084,20.488818782569197
4749,12115,SARASOTA,,,,FL,2016,594511156.832934,,,0,1,6,,
4750,12115,SARASOTA,,,,FL,2017,576455741.56931,,,0,1,7,,
4751,12115,SARASOTA,,,,FL,2018,526032336.64114046,,,0,1,8,,
4752,12115,SARASOTA,,,,FL,2019,483925118.16993195,,,0,1,9,,
4753,12117,SEMINOLE,"Seminole County, FL",SEMINOLE COUNTY,FLORIDA,FL,2006,314363169.1357147,37,413218,1,0,-4,760768.3332664955,8.954111389145682
4754,12117,SEMINOLE,"Seminole County, FL",SEMINOLE COUNTY,FLORIDA,FL,2007,394477764.140111,37,413571,1,0,-3,953833.2333265897,8.946468683732661
4755,12117,SEMINOLE,"Seminole County, FL",SEMINOLE COUNTY,FLORIDA,FL,2008,459625939.1498778,41,416564,1,0,-2,1103374.1253441914,9.842425173562766
4756,12117,SEMINOLE,"Seminole County, FL",SEMINOLE COUNTY,FLORIDA,FL,2009,527608360.04365647,61,419788,1,0,-1,1256844.7884257208,14.531144291880663
4757,12117,SEMINOLE,"Seminole County, FL",SEMINOLE COUNTY,FLORIDA,FL,2010,704948209.0465864,61,423072,1,1,0,1666260.6105972184,14.418349595340745
4758,12117,SEMINOLE,"Seminole County, FL",SEMINOLE COUNTY,FLORIDA,FL,2011,770133867.6527314,49,426382,1,1,1,1806206.3305972847,11.492042347003391
4759,12117,SEMINOLE,"Seminole County, FL",SEMINOLE COUNTY,FLORIDA,FL,2012,461973489.098249,40,430626,1,1,2,1072795.1612263287,9.288802812649491
4760,12117,SEMINOLE,"Seminole County, FL",SEMINOLE COUNTY,FLORIDA,FL,2013,415149421.58560896,45,435640,1,1,3,952964.4238031608,10.329629969699752
4761,12117,SEMINOLE,"Seminole County, FL",SEMINOLE COUNTY,FLORIDA,FL,2014,380991424.36739904,49,441583,1,1,4,862785.5337895685,11.096441665553249
4762,12117,SEMINOLE,"Seminole County, FL",SEMINOLE COUNTY,FLORIDA,FL,2015,350977809.300623,53,448535,1,1,5,782498.1535457055,11.816246223817538
4763,12117,SEMINOLE,,,,FL,2016,401692306.68038297,,,0,1,6,,
4764,12117,SEMINOLE,,,,FL,2017,355878360.089419,,,0,1,7,,
4765,12117,SEMINOLE,,,,FL,2018,326972661.86869997,,,0,1,8,,
4766,12117,SEMINOLE,,,,FL,2019,308897048.429801,,,0,1,9,,
4823,12127,VOLUSIA,"Volusia County, FL",VOLUSIA COUNTY,FLORIDA,FL,2006,404424779.96870404,59,494748,1,0,-4,817435.9067013996,11.925262962154472
4824,12127,VOLUSIA,"Volusia County, FL",VOLUSIA COUNTY,FLORIDA,FL,2007,483277303.3585425,61,498935,1,0,-3,968617.7625513193,12.226041468327539
4825,12127,VOLUSIA,"Volusia County, FL",VOLUSIA COUNTY,FLORIDA,FL,2008,536425719.2962917,81,497366,1,0,-2,1078533.1512332803,16.28579356047659
4826,12127,VOLUSIA,"Volusia County, FL",VOLUSIA COUNTY,FLORIDA,FL,2009,659832942.9755777,92,494688,1,0,-1,1333836.5656243484,18.597580697328418
4827,12127,VOLUSIA,"Volusia County, FL",VOLUSIA COUNTY,FLORIDA,FL,2010,767993631.0406542,104,494462,1,1,0,1553190.3989399676,21.03296107688761
4828,12127,VOLUSIA,"Volusia County, FL",VOLUSIA COUNTY,FLORIDA,FL,2011,725084466.6646228,78,494558,1,1,1,1466126.2514500276,15.771658733657125
4829,12127,VOLUSIA,"Volusia County, FL",VOLUSIA COUNTY,FLORIDA,FL,2012,650923725.8208975,68,496711,1,1,2,1310467.708226509,13.69005316975062
4830,12127,VOLUSIA,"Volusia County, FL",VOLUSIA COUNTY,FLORIDA,FL,2013,608203110.5108734,79,500702,1,1,3,1214700.7811250472,15.77784790154623
4831,12127,VOLUSIA,"Volusia County, FL",VOLUSIA COUNTY,FLORIDA,FL,2014,611873736.1838114,55,507050,1,1,4,1206732.5435042134,10.847056503303422
4832,12127,VOLUSIA,"Volusia County, FL",VOLUSIA COUNTY,FLORIDA,FL,2015,585926378.350941,84,517144,1,1,5,1133004.3050889906,16.2430580263911
4833,12127,VOLUSIA,,,,FL,2016,616649842.4832,,,0,1,6,,
4834,12127,VOLUSIA,,,,FL,2017,634070922.657784,,,0,1,7,,
4835,12127,VOLUSIA,,,,FL,2018,636486416.1455399,,,0,1,8,,
4836,12127,VOLUSIA,,,,FL,2019,634627455.1656824,,,0,1,9,,
5299,13067,COBB,"Cobb County, GA",COBB COUNTY,GEORGIA,GA,2006,358653113.9018107,49,661913,0,0,-4,541843.2843920738,7.402785562453071
5300,13067,COBB,"Cobb County, GA",COBB COUNTY,GEORGIA,GA,2007,386671780.7616915,45,670438,0,0,-3,576745.0245387218,6.712030046029611
5301,13067,COBB,"Cobb County, GA",COBB COUNTY,GEORGIA,GA,2008,417705264.01050675,60,679822,0,0,-2,614433.284022151,8.825839705099275
5302,13067,COBB,"Cobb County, GA",COBB COUNTY,GEORGIA,GA,2009,454132435.09072024,71,684776,0,0,-1,663183.9245106725,10.368354031099221
5303,13067,COBB,"Cobb County, GA",COBB COUNTY,GEORGIA,GA,2010,493896097.48990047,50,689542,0,1,0,716266.8807554877,7.251189920265916
5304,13067,COBB,"Cobb County, GA",COBB COUNTY,GEORGIA,GA,2011,555005076.3494805,65,696629,0,1,1,796701.0795552303,9.330648020682458
5305,13067,COBB,"Cobb County, GA",COBB COUNTY,GEORGIA,GA,2012,532450083.55124646,66,706517,0,1,2,753626.711814785,9.34160112212445
5306,13067,COBB,"Cobb County, GA",COBB COUNTY,GEORGIA,GA,2013,508522708.7791655,94,716265,0,1,3,709964.4807147711,13.123634409052515
5307,13067,COBB,"Cobb County, GA",COBB COUNTY,GEORGIA,GA,2014,502735307.988494,105,727847,0,1,4,690715.6421452503,14.42610878385155
5308,13067,COBB,"Cobb County, GA",COBB COUNTY,GEORGIA,GA,2015,546420650.395239,100,739428,0,1,5,738977.493948348,13.523967174626874
5309,13067,COBB,,,,GA,2016,543751330.2889749,,,0,1,6,,
5310,13067,COBB,,,,GA,2017,507648706.896768,,,0,1,7,,
5311,13067,COBB,,,,GA,2018,454036376.46252495,,,0,1,8,,
5312,13067,COBB,,,,GA,2019,462655893.2491269,,,0,1,9,,
5453,13089,,"DeKalb County, GA",DEKALB COUNTY,GEORGIA,,2006,,29,676687,0,0,-4,,4.285585507036488
5454,13089,,"DeKalb County, GA",DEKALB COUNTY,GEORGIA,,2007,,39,680962,0,0,-3,,5.727191825681903
5455,13089,,"DeKalb County, GA",DEKALB COUNTY,GEORGIA,,2008,,33,685646,0,0,-2,,4.812979292521214
5456,13089,,"DeKalb County, GA",DEKALB COUNTY,GEORGIA,,2009,,28,690658,0,0,-1,,4.0541049260270645
5457,13089,,"DeKalb County, GA",DEKALB COUNTY,GEORGIA,,2010,,30,692536,0,1,0,,4.331904767405594
5458,13089,,"DeKalb County, GA",DEKALB COUNTY,GEORGIA,,2011,,44,698496,0,1,1,,6.299248671431189
5459,13089,,"DeKalb County, GA",DEKALB COUNTY,GEORGIA,,2012,,40,710783,0,1,2,,5.627596608247524
5460,13089,,"DeKalb County, GA",DEKALB COUNTY,GEORGIA,,2013,,34,718026,0,1,3,,4.735204574764702
5461,13089,,"DeKalb County, GA",DEKALB COUNTY,GEORGIA,,2014,,50,725247,0,1,4,,6.894202940515438
5462,13089,,"DeKalb County, GA",DEKALB COUNTY,GEORGIA,,2015,,65,734846,0,1,5,,8.845390734929495
5659,13121,FULTON,"Fulton County, GA",FULTON COUNTY,GEORGIA,GA,2006,372636720.8406192,75,845181,0,0,-4,440895.76178430323,8.873838858185406
5660,13121,FULTON,"Fulton County, GA",FULTON COUNTY,GEORGIA,GA,2007,405690695.43694496,91,869329,0,0,-3,466671.07094890997,10.467843589711144
5661,13121,FULTON,"Fulton County, GA",FULTON COUNTY,GEORGIA,GA,2008,414663508.920083,94,888694,0,0,-2,466598.7493108798,10.577319077207678
5662,13121,FULTON,"Fulton County, GA",FULTON COUNTY,GEORGIA,GA,2009,470034364.25631195,68,905511,0,0,-1,519081.8932694489,7.50957194335574
5663,13121,FULTON,"Fulton County, GA",FULTON COUNTY,GEORGIA,GA,2010,525754978.24808794,91,925622,0,1,0,568001.8174244864,9.83122700195112
5664,13121,FULTON,"Fulton County, GA",FULTON COUNTY,GEORGIA,GA,2011,611986320.1254903,83,947582,0,1,1,645839.9591016823,8.75913641246879
5665,13121,FULTON,"Fulton County, GA",FULTON COUNTY,GEORGIA,GA,2012,523484585.7984738,75,973464,0,1,2,537754.4375533905,7.704445156677597
5666,13121,FULTON,"Fulton County, GA",FULTON COUNTY,GEORGIA,GA,2013,485687589.07539546,96,981844,0,1,3,494668.79573068174,9.777520665197322
5667,13121,FULTON,"Fulton County, GA",FULTON COUNTY,GEORGIA,GA,2014,479683405.63500994,122,992321,0,1,4,483395.39890318754,12.294408764905711
5668,13121,FULTON,"Fulton County, GA",FULTON COUNTY,GEORGIA,GA,2015,463630774.941168,139,1005752,0,1,5,460979.2224536148,13.820504458355538
5669,13121,FULTON,,,,GA,2016,455311851.1199889,,,0,1,6,,
5670,13121,FULTON,,,,GA,2017,451580285.17335,,,0,1,7,,
5671,13121,FULTON,,,,GA,2018,416542936.3694539,,,0,1,8,,
5672,13121,FULTON,,,,GA,2019,400034576.83826894,,,0,1,9,,
5743,13135,GWINNETT,"Gwinnett County, GA",GWINNETT COUNTY,GEORGIA,GA,2006,262209821.14558315,32,740267,0,0,-4,354209.793419919,4.3227646241153534
5744,13135,GWINNETT,"Gwinnett County, GA",GWINNETT COUNTY,GEORGIA,GA,2007,299844293.3583865,32,764129,0,0,-3,392400.09652609244,4.187774577329221
5745,13135,GWINNETT,"Gwinnett County, GA",GWINNETT COUNTY,GEORGIA,GA,2008,307775982.22214967,32,780721,0,0,-2,394220.1916205017,4.098775362773641
5746,13135,GWINNETT,"Gwinnett County, GA",GWINNETT COUNTY,GEORGIA,GA,2009,328813068.10987175,37,796276,0,0,-1,412938.5641534741,4.646630062943
5747,13135,GWINNETT,"Gwinnett County, GA",GWINNETT COUNTY,GEORGIA,GA,2010,367284539.188939,38,807979,0,1,0,454571.8876220038,4.703092530870233
5748,13135,GWINNETT,"Gwinnett County, GA",GWINNETT COUNTY,GEORGIA,GA,2011,428452090.1163892,32,822407,0,1,1,520973.30168200075,3.891017464588701
5749,13135,GWINNETT,"Gwinnett County, GA",GWINNETT COUNTY,GEORGIA,GA,2012,434068959.8176515,35,836854,0,1,2,518691.384420283,4.182330490145234
5750,13135,GWINNETT,"Gwinnett County, GA",GWINNETT COUNTY,GEORGIA,GA,2013,414728658.06037056,50,853496,0,1,3,485917.5181376018,5.858258269517373
5751,13135,GWINNETT,"Gwinnett County, GA",GWINNETT COUNTY,GEORGIA,GA,2014,416860246.09873646,44,871052,0,1,4,478571.0222796532,5.051363179236142
5752,13135,GWINNETT,"Gwinnett County, GA",GWINNETT COUNTY,GEORGIA,GA,2015,432134298.28738195,84,888597,0,1,5,486310.77787498944,9.453104163079551
5753,13135,GWINNETT,,,,GA,2016,432812452.24312097,,,0,1,6,,
5754,13135,GWINNETT,,,,GA,2017,400617874.193764,,,0,1,7,,
5755,13135,GWINNETT,,,,GA,2018,356063637.88978696,,,0,1,8,,
5756,13135,GWINNETT,,,,GA,2019,310348166.3033265,,,0,1,9,,
7010,15003,HONOLULU,"Honolulu County, HI",HONOLULU COUNTY,HAWAII,HI,2006,379044143.40084565,48,926954,0,0,-4,408913.6498691905,5.178250484921581
7011,15003,HONOLULU,"Honolulu County, HI",HONOLULU COUNTY,HAWAII,HI,2007,404758990.00993323,75,925335,0,0,-3,437418.8699335195,8.10517272123069
7012,15003,HONOLULU,"Honolulu County, HI",HONOLULU COUNTY,HAWAII,HI,2008,438232823.7013244,71,933680,0,0,-2,469360.83422727743,7.6043183960243335
7013,15003,HONOLULU,"Honolulu County, HI",HONOLULU COUNTY,HAWAII,HI,2009,439258853.160434,81,943177,0,0,-1,465722.6089699325,8.587995678435755
7014,15003,HONOLULU,"Honolulu County, HI",HONOLULU COUNTY,HAWAII,HI,2010,447891392.3659965,82,956320,0,1,0,468348.87105361855,8.574535720261
7015,15003,HONOLULU,"Honolulu County, HI",HONOLULU COUNTY,HAWAII,HI,2011,486583035.23405194,78,967510,0,1,1,502923.0036217217,8.061932176411613
7016,15003,HONOLULU,"Honolulu County, HI",HONOLULU COUNTY,HAWAII,HI,2012,508370635.896809,68,978295,0,1,2,519649.6311407183,6.950868603028739
7017,15003,HONOLULU,"Honolulu County, HI",HONOLULU COUNTY,HAWAII,HI,2013,504707590.352416,91,986494,0,1,3,511617.49625686114,9.224587275746229
7018,15003,HONOLULU,"Honolulu County, HI",HONOLULU COUNTY,HAWAII,HI,2014,485577667.81256247,81,988002,0,1,4,491474.3773925179,8.198363970923134
7019,15003,HONOLULU,"Honolulu County, HI",HONOLULU COUNTY,HAWAII,HI,2015,477021091.892384,106,991755,0,1,5,480986.82829164865,10.688123578908097
7020,15003,HONOLULU,,,,HI,2016,455094456.584071,,,0,1,6,,
7021,15003,HONOLULU,,,,HI,2017,422884713.2258759,,,0,1,7,,
7022,15003,HONOLULU,,,,HI,2018,382205309.38265496,,,0,1,8,,
7023,15003,HONOLULU,,,,HI,2019,351329893.86122894,,,0,1,9,,
7052,16001,ADA,"Ada County, ID",ADA COUNTY,IDAHO,ID,2006,250811031.89856476,32,363498,0,0,-4,689992.8800118975,8.803349674551168
7053,16001,ADA,"Ada County, ID",ADA COUNTY,IDAHO,ID,2007,289820782.027185,32,375368,0,0,-3,772097.7334966887,8.524967498561411
7054,16001,ADA,"Ada County, ID",ADA COUNTY,IDAHO,ID,2008,322505539.14397323,26,382618,0,0,-2,842891.7069870556,6.795289296373929
7055,16001,ADA,"Ada County, ID",ADA COUNTY,IDAHO,ID,2009,353203487.106446,34,388577,0,0,-1,908966.5294303214,8.749874542240018
7056,16001,ADA,"Ada County, ID",ADA COUNTY,IDAHO,ID,2010,414934287.95768,35,393369,0,1,0,1054822.032131866,8.897498277698547
7057,16001,ADA,"Ada County, ID",ADA COUNTY,IDAHO,ID,2011,453984922.04084694,32,401352,0,1,1,1131139.055095893,7.973051087324842
7058,16001,ADA,"Ada County, ID",ADA COUNTY,IDAHO,ID,2012,495015348.386662,28,409032,0,1,2,1210211.7887760908,6.845430186391285
7059,16001,ADA,"Ada County, ID",ADA COUNTY,IDAHO,ID,2013,493925834.124125,43,416180,0,1,3,1186808.1938683384,10.332067855254937
7060,16001,ADA,"Ada County, ID",ADA COUNTY,IDAHO,ID,2014,507038895.03739595,50,425774,0,1,4,1190863.920853307,11.743319225692503
7061,16001,ADA,"Ada County, ID",ADA COUNTY,IDAHO,ID,2015,502356047.4433329,30,433254,0,1,5,1159495.4632694284,6.9243446107825894
7062,16001,ADA,,,,ID,2016,481369008.46651095,,,0,1,6,,
7063,16001,ADA,,,,ID,2017,455929593.350959,,,0,1,7,,
7064,16001,ADA,,,,ID,2018,413957279.023138,,,0,1,8,,
7065,16001,ADA,,,,ID,2019,376638885.12344444,,,0,1,9,,
7814,17031,COOK,"Cook County, IL",COOK COUNTY,ILLINOIS,IL,2006,1279968406.499163,705,5165495,0,0,-4,247792.01344675833,13.648256362652564
7815,17031,COOK,"Cook County, IL",COOK COUNTY,ILLINOIS,IL,2007,1361498508.5861828,462,5154235,0,0,-3,264151.4227787795,8.963502828256763
7816,17031,COOK,"Cook County, IL",COOK COUNTY,ILLINOIS,IL,2008,1435493239.635608,472,5161831,0,0,-2,278097.68270902475,9.144042104439297
7817,17031,COOK,"Cook County, IL",COOK COUNTY,ILLINOIS,IL,2009,1571494168.3127296,446,5181728,0,0,-1,303276.08247919026,8.60716733877193
7818,17031,COOK,"Cook County, IL",COOK COUNTY,ILLINOIS,IL,2010,1736793005.706428,439,5198977,0,1,0,334064.375685145,8.443968880800973
7819,17031,COOK,"Cook County, IL",COOK COUNTY,ILLINOIS,IL,2011,1864132963.0048394,450,5219636,0,1,1,357138.4983559849,8.62129083330715
7820,17031,COOK,"Cook County, IL",COOK COUNTY,ILLINOIS,IL,2012,1912264596.7630157,545,5239105,0,1,2,364998.3340213673,10.402540128514318
7821,17031,COOK,"Cook County, IL",COOK COUNTY,ILLINOIS,IL,2013,1919212767.6465805,543,5252513,0,1,3,365389.4369507663,10.33790873054479
7822,17031,COOK,"Cook County, IL",COOK COUNTY,ILLINOIS,IL,2014,1946536259.0285099,543,5254108,0,1,4,370478.9203093104,10.3347704310608
7823,17031,COOK,"Cook County, IL",COOK COUNTY,ILLINOIS,IL,2015,1913711970.004817,624,5243371,0,1,5,364977.41052556015,11.900740954626327
7824,17031,COOK,,,,IL,2016,1910587852.692959,,,0,1,6,,
7825,17031,COOK,,,,IL,2017,1846273600.861259,,,0,1,7,,
7826,17031,COOK,,,,IL,2018,1743742745.2528949,,,0,1,8,,
7827,17031,COOK,,,,IL,2019,1723753813.3884618,,,0,1,9,,
7885,17043,,"DuPage County, IL",DUPAGE COUNTY,ILLINOIS,,2006,,59,908685,0,0,-4,,6.4928990794389705
7886,17043,,"DuPage County, IL",DUPAGE COUNTY,ILLINOIS,,2007,,50,907426,0,0,-3,,5.510091180988863
7887,17043,,"DuPage County, IL",DUPAGE COUNTY,ILLINOIS,,2008,,81,909798,0,0,-2,,8.903075188118681
7888,17043,,"DuPage County, IL",DUPAGE COUNTY,ILLINOIS,,2009,,55,912732,0,0,-1,,6.025865204682207
7889,17043,,"DuPage County, IL",DUPAGE COUNTY,ILLINOIS,,2010,,62,917996,0,1,0,,6.753842064671306
7890,17043,,"DuPage County, IL",DUPAGE COUNTY,ILLINOIS,,2011,,73,924866,0,1,1,,7.893035315386229
7891,17043,,"DuPage County, IL",DUPAGE COUNTY,ILLINOIS,,2012,,95,928719,0,1,2,,10.229143583796606
7892,17043,,"DuPage County, IL",DUPAGE COUNTY,ILLINOIS,,2013,,73,932301,0,1,3,,7.83008920938624
7893,17043,,"DuPage County, IL",DUPAGE COUNTY,ILLINOIS,,2014,,81,933480,0,1,4,,8.677207867335134
7894,17043,,"DuPage County, IL",DUPAGE COUNTY,ILLINOIS,,2015,,88,933669,0,1,5,,9.425181729285217
8199,17089,KANE,"Kane County, IL",KANE COUNTY,ILLINOIS,IL,2006,90807871.55368449,20,485179,0,0,-4,187163.6479602054,4.1221899546353
8200,17089,KANE,"Kane County, IL",KANE COUNTY,ILLINOIS,IL,2007,92542941.95854574,27,495752,0,0,-3,186671.84793716564,5.446271522858203
8201,17089,KANE,"Kane County, IL",KANE COUNTY,ILLINOIS,IL,2008,98524649.647753,22,504437,0,0,-2,195316.0645387888,4.361297842941735
8202,17089,KANE,"Kane County, IL",KANE COUNTY,ILLINOIS,IL,2009,110380991.55143926,28,511273,0,0,-1,215894.4273439811,5.476526239406344
8203,17089,KANE,"Kane County, IL",KANE COUNTY,ILLINOIS,IL,2010,122454033.90250824,25,516060,0,1,0,237286.42774582072,4.844397938224238
8204,17089,KANE,"Kane County, IL",KANE COUNTY,ILLINOIS,IL,2011,129634290.58608574,43,519091,0,1,1,249733.26562411166,8.283711333850905
8205,17089,KANE,"Kane County, IL",KANE COUNTY,ILLINOIS,IL,2012,139216202.9191035,41,520615,0,1,2,267407.20670572977,7.875301326315992
8206,17089,KANE,"Kane County, IL",KANE COUNTY,ILLINOIS,IL,2013,138339248.02456948,36,522523,0,1,3,264752.4568766724,6.889648876700164
8207,17089,KANE,"Kane County, IL",KANE COUNTY,ILLINOIS,IL,2014,143368734.5324155,34,525476,0,1,4,272835.932625687,6.470324049052668
8208,17089,KANE,"Kane County, IL",KANE COUNTY,ILLINOIS,IL,2015,146085116.66193,30,528562,0,1,5,276382.1777992553,5.675776919263965
8209,17089,KANE,,,,IL,2016,149310745.850918,,,0,1,6,,
8210,17089,KANE,,,,IL,2017,141873275.37893298,,,0,1,7,,
8211,17089,KANE,,,,IL,2018,131390932.03833999,,,0,1,8,,
8212,17089,KANE,,,,IL,2019,125945242.863398,,,0,1,9,,
8255,17097,LAKE,"Lake County, IL",LAKE COUNTY,ILLINOIS,IL,2006,239453732.72260544,52,689891,0,0,-4,347089.22528719093,7.537422578349333
8256,17097,LAKE,"Lake County, IL",LAKE COUNTY,ILLINOIS,IL,2007,254240400.90753663,64,692995,0,0,-3,366871.9123623354,9.235275867791254
8257,17097,LAKE,"Lake County, IL",LAKE COUNTY,ILLINOIS,IL,2008,272417513.8828632,72,697369,0,0,-2,390636.1107001648,10.324519730587394
8258,17097,LAKE,"Lake County, IL",LAKE COUNTY,ILLINOIS,IL,2009,301371669.3497755,70,701042,0,0,-1,429891.0327052809,9.985136411227858
8259,17097,LAKE,"Lake County, IL",LAKE COUNTY,ILLINOIS,IL,2010,334102088.874651,80,704179,0,1,0,474456.1949087533,11.360747764417853
8260,17097,LAKE,"Lake County, IL",LAKE COUNTY,ILLINOIS,IL,2011,362293217.7669815,72,701652,0,1,1,516343.1697864205,10.26149715243454
8261,17097,LAKE,"Lake County, IL",LAKE COUNTY,ILLINOIS,IL,2012,385353988.2773295,69,702117,0,1,2,548845.8309332056,9.827421925405595
8262,17097,LAKE,"Lake County, IL",LAKE COUNTY,ILLINOIS,IL,2013,371021918.1329065,62,704259,0,1,3,526825.9520047405,8.80357936497794
8263,17097,LAKE,"Lake County, IL",LAKE COUNTY,ILLINOIS,IL,2014,359237060.4982745,65,704359,0,1,4,510019.8343433881,9.228248662968742
8264,17097,LAKE,"Lake County, IL",LAKE COUNTY,ILLINOIS,IL,2015,360021944.69073397,66,704687,0,1,5,510896.2485340782,9.365860303936358
8265,17097,LAKE,,,,IL,2016,358581105.426085,,,0,1,6,,
8266,17097,LAKE,,,,IL,2017,331710545.611385,,,0,1,7,,
8267,17097,LAKE,,,,IL,2018,294339245.984773,,,0,1,8,,
8268,17097,LAKE,,,,IL,2019,278833066.34483397,,,0,1,9,,
8945,17197,WILL,"Will County, IL",WILL COUNTY,ILLINOIS,IL,2006,226868008.65854627,45,650779,0,0,-4,348609.9100594,6.91478981343897
8946,17197,WILL,"Will County, IL",WILL COUNTY,ILLINOIS,IL,2007,239765332.3189257,51,664048,0,0,-3,361066.26677427796,7.680167698720574
8947,17197,WILL,"Will County, IL",WILL COUNTY,ILLINOIS,IL,2008,268514211.58063626,50,671392,0,0,-2,399936.5669841706,7.4472141461322146
8948,17197,WILL,"Will County, IL",WILL COUNTY,ILLINOIS,IL,2009,298329225.802637,64,674970,0,0,-1,441988.86736097455,9.481902899388121
8949,17197,WILL,"Will County, IL",WILL COUNTY,ILLINOIS,IL,2010,326616023.1248667,54,678829,0,1,0,481146.2431994902,7.95487523367446
8950,17197,WILL,"Will County, IL",WILL COUNTY,ILLINOIS,IL,2011,352221293.61767954,68,680813,0,1,1,517353.94832014013,9.98805839488964
8951,17197,WILL,"Will County, IL",WILL COUNTY,ILLINOIS,IL,2012,370686326.45438725,65,682459,0,1,2,543162.7782099544,9.524381684467492
8952,17197,WILL,"Will County, IL",WILL COUNTY,ILLINOIS,IL,2013,389888737.72455597,67,683720,0,1,3,570246.2085715731,9.799333060317089
8953,17197,WILL,"Will County, IL",WILL COUNTY,ILLINOIS,IL,2014,400510812.718672,74,685123,0,1,4,584582.3490361175,10.800980261938367
8954,17197,WILL,"Will County, IL",WILL COUNTY,ILLINOIS,IL,2015,400542643.338312,88,685825,0,1,5,584030.3916280566,12.831261619217731
8955,17197,WILL,,,,IL,2016,388229177.80925095,,,0,1,6,,
8956,17197,WILL,,,,IL,2017,364464672.315736,,,0,1,7,,
8957,17197,WILL,,,,IL,2018,319336480.636579,,,0,1,8,,
8958,17197,WILL,,,,IL,2019,291627037.6339205,,,0,1,9,,
9015,18003,ALLEN,"Allen County, IN",ALLEN COUNTY,INDIANA,IN,2006,215501452.2868375,19,346314,0,0,-4,622271.8466098324,5.486350537373598
9016,18003,ALLEN,"Allen County, IN",ALLEN COUNTY,INDIANA,IN,2007,252163995.95280838,18,349534,0,0,-3,721429.0911694095,5.1497136187037595
9017,18003,ALLEN,"Allen County, IN",ALLEN COUNTY,INDIANA,IN,2008,267794709.52800402,22,351264,0,0,-2,762374.480527478,6.263095563450851
9018,18003,ALLEN,"Allen County, IN",ALLEN COUNTY,INDIANA,IN,2009,308125906.6718845,31,353693,0,0,-1,871167.6699054957,8.7646631400678
9019,18003,ALLEN,"Allen County, IN",ALLEN COUNTY,INDIANA,IN,2010,342874214.49603,33,355956,0,1,0,963248.8692311128,9.270808751643461
9020,18003,ALLEN,"Allen County, IN",ALLEN COUNTY,INDIANA,IN,2011,378858575.98722947,25,359013,0,1,1,1055278.154237394,6.9635361393598565
9021,18003,ALLEN,"Allen County, IN",ALLEN COUNTY,INDIANA,IN,2012,391557706.440707,33,360946,0,1,2,1084809.656958955,9.14264183562084
9022,18003,ALLEN,"Allen County, IN",ALLEN COUNTY,INDIANA,IN,2013,355403110.8362365,47,363432,0,1,3,977908.139173866,12.932267934579235
9023,18003,ALLEN,"Allen County, IN",ALLEN COUNTY,INDIANA,IN,2014,315193471.739856,39,365254,0,1,4,862943.2442625023,10.677501136195634
9024,18003,ALLEN,"Allen County, IN",ALLEN COUNTY,INDIANA,IN,2015,303973693.431115,57,367508,0,1,5,827121.2964918178,15.509866451886761
9025,18003,ALLEN,,,,IN,2016,272014951.393298,,,0,1,6,,
9026,18003,ALLEN,,,,IN,2017,242910484.55110398,,,0,1,7,,
9027,18003,ALLEN,,,,IN,2018,242435973.06674597,,,0,1,8,,
9028,18003,ALLEN,,,,IN,2019,263672039.21211398,,,0,1,9,,
9617,18089,LAKE,"Lake County, IN",LAKE COUNTY,INDIANA,IN,2006,219476819.77913386,17,491432,0,0,-4,446606.6918294573,3.459278191082388
9618,18089,LAKE,"Lake County, IN",LAKE COUNTY,INDIANA,IN,2007,237032046.64763704,17,493403,0,0,-3,480402.52419956314,3.445459391207593
9619,18089,LAKE,"Lake County, IN",LAKE COUNTY,INDIANA,IN,2008,267805212.59015173,17,495479,0,0,-2,540497.6045203768,3.431023312794286
9620,18089,LAKE,"Lake County, IN",LAKE COUNTY,INDIANA,IN,2009,297100322.07230824,20,495789,0,0,-1,599247.5066455856,4.033974130123903
9621,18089,LAKE,"Lake County, IN",LAKE COUNTY,INDIANA,IN,2010,316028657.3401435,13,495972,0,1,0,637190.5215216656,2.621115708144815
9622,18089,LAKE,"Lake County, IN",LAKE COUNTY,INDIANA,IN,2011,343754973.89598775,21,495035,0,1,1,694405.3933479204,4.242124294241821
9623,18089,LAKE,"Lake County, IN",LAKE COUNTY,INDIANA,IN,2012,367715830.991094,25,493511,0,1,2,745101.5904226936,5.065743215450111
9624,18089,LAKE,"Lake County, IN",LAKE COUNTY,INDIANA,IN,2013,373971565.5550645,44,491909,0,1,3,760245.422537633,8.944743844898142
9625,18089,LAKE,"Lake County, IN",LAKE COUNTY,INDIANA,IN,2014,361152239.3075955,39,491259,0,1,4,735156.484273256,7.938785854304959
9626,18089,LAKE,"Lake County, IN",LAKE COUNTY,INDIANA,IN,2015,352419779.734657,59,488195,0,1,5,721883.2223489733,12.085334753530864
9627,18089,LAKE,,,,IN,2016,358648580.918092,,,0,1,6,,
9628,18089,LAKE,,,,IN,2017,340120673.71461797,,,0,1,7,,
9629,18089,LAKE,,,,IN,2018,317566043.31535596,,,0,1,8,,
9630,18089,LAKE,,,,IN,2019,316205483.58725196,,,0,1,9,,
9673,18097,MARION,"Marion County, IN",MARION COUNTY,INDIANA,IN,2006,763873831.4017767,22,878515,0,0,-4,869505.7357037463,2.504225881174482
9674,18097,MARION,"Marion County, IN",MARION COUNTY,INDIANA,IN,2007,871396514.3185883,48,883591,0,0,-3,986198.9476110421,5.432377649840254
9675,18097,MARION,"Marion County, IN",MARION COUNTY,INDIANA,IN,2008,903605105.6194923,48,889504,0,0,-2,1015852.7737025266,5.396265784077419
9676,18097,MARION,"Marion County, IN",MARION COUNTY,INDIANA,IN,2009,993784490.9088745,124,898394,0,0,-1,1106178.9046998026,13.80240740699515
9677,18097,MARION,"Marion County, IN",MARION COUNTY,INDIANA,IN,2010,1110512320.1213622,106,904604,0,1,0,1227622.6062689999,11.717834544176236
9678,18097,MARION,"Marion County, IN",MARION COUNTY,INDIANA,IN,2011,1200598524.43637,126,911294,0,1,1,1317465.6306706397,13.826492877161488
9679,18097,MARION,"Marion County, IN",MARION COUNTY,INDIANA,IN,2012,1309222548.1344395,157,919917,0,1,2,1423196.384167745,17.0667571096088
9680,18097,MARION,"Marion County, IN",MARION COUNTY,INDIANA,IN,2013,1288849856.0662076,183,930127,0,1,3,1385670.834269092,19.674732590280684
9681,18097,MARION,"Marion County, IN",MARION COUNTY,INDIANA,IN,2014,1172542016.242135,215,936178,0,1,4,1252477.644467329,22.9657180578907
9682,18097,MARION,"Marion County, IN",MARION COUNTY,INDIANA,IN,2015,1136674703.814742,232,940152,0,1,5,1209032.9051203872,24.67686076294046
9683,18097,MARION,,,,IN,2016,1082773281.188827,,,0,1,6,,
9684,18097,MARION,,,,IN,2017,998896953.622832,,,0,1,7,,
9685,18097,MARION,,,,IN,2018,972959069.222759,,,0,1,8,,
9686,18097,MARION,,,,IN,2019,975311354.9439911,,,0,1,9,,
11348,19153,POLK,"Polk County, IA",POLK COUNTY,IOWA,IA,2006,295416572.8664875,21,405990,0,0,-4,727644.9490541331,5.172541195595951
11349,19153,POLK,"Polk County, IA",POLK COUNTY,IOWA,IA,2007,317371117.3060826,22,413024,0,0,-3,768408.415264204,5.326566979158597
11350,19153,POLK,"Polk County, IA",POLK COUNTY,IOWA,IA,2008,359545605.9966147,28,419495,0,0,-2,857091.517173303,6.674692189418229
11351,19153,POLK,"Polk County, IA",POLK COUNTY,IOWA,IA,2009,383918603.378204,32,425737,0,0,-1,901774.1079074735,7.5163774818726115
11352,19153,POLK,"Polk County, IA",POLK COUNTY,IOWA,IA,2010,420523592.8622937,36,432360,0,1,0,972623.7229676513,8.32639467110741
11353,19153,POLK,"Polk County, IA",POLK COUNTY,IOWA,IA,2011,473928637.1568797,39,438783,0,1,1,1080097.9918476325,8.888220373168513
11354,19153,POLK,"Polk County, IA",POLK COUNTY,IOWA,IA,2012,466594925.439439,44,444753,0,1,2,1049110.2374563836,9.89313169332191
11355,19153,POLK,"Polk County, IA",POLK COUNTY,IOWA,IA,2013,417784672.80108553,48,452780,0,1,3,922710.086136944,10.601174963558462
11356,19153,POLK,"Polk County, IA",POLK COUNTY,IOWA,IA,2014,411893990.4306825,38,461069,0,1,4,893345.6606943484,8.241716532666477
11357,19153,POLK,"Polk County, IA",POLK COUNTY,IOWA,IA,2015,392249682.651239,55,467517,0,1,5,839006.2450162005,11.764278090422382
11358,19153,POLK,,,,IA,2016,361155851.385105,,,0,1,6,,
11359,19153,POLK,,,,IA,2017,322662590.77533495,,,0,1,7,,
11360,19153,POLK,,,,IA,2018,277731108.386418,,,0,1,8,,
11361,19153,POLK,,,,IA,2019,252358299.76604497,,,0,1,9,,
12275,20091,JOHNSON,"Johnson County, KS",JOHNSON COUNTY,KANSAS,KS,2006,299274260.3469198,23,514813,0,0,-4,581326.1521113876,4.467641648520919
12276,20091,JOHNSON,"Johnson County, KS",JOHNSON COUNTY,KANSAS,KS,2007,361147709.27518785,20,523879,0,0,-3,689372.372771552,3.8176754555918446
12277,20091,JOHNSON,"Johnson County, KS",JOHNSON COUNTY,KANSAS,KS,2008,396441497.19666624,25,532175,0,0,-2,744945.7362646991,4.697702823319397
12278,20091,JOHNSON,"Johnson County, KS",JOHNSON COUNTY,KANSAS,KS,2009,425789365.70961124,22,539396,0,0,-1,789381.7635088344,4.078636104086794
12279,20091,JOHNSON,"Johnson County, KS",JOHNSON COUNTY,KANSAS,KS,2010,471434218.614001,22,545681,0,1,0,863937.3894528139,4.031659522688163
12280,20091,JOHNSON,"Johnson County, KS",JOHNSON COUNTY,KANSAS,KS,2011,516560833.3967145,28,553034,0,1,1,934048.9615407272,5.0629798529566
12281,20091,JOHNSON,"Johnson County, KS",JOHNSON COUNTY,KANSAS,KS,2012,518721694.1464235,28,559647,0,1,2,926873.0005636115,5.0031537737180765
12282,20091,JOHNSON,"Johnson County, KS",JOHNSON COUNTY,KANSAS,KS,2013,527218984.637833,35,566661,0,1,3,930395.7474360032,6.176532353558829
12283,20091,JOHNSON,"Johnson County, KS",JOHNSON COUNTY,KANSAS,KS,2014,554443424.8182875,36,573322,0,1,4,967071.601679837,6.279193891042032
12284,20091,JOHNSON,"Johnson County, KS",JOHNSON COUNTY,KANSAS,KS,2015,534890740.8556799,27,580158,0,1,5,921974.2567639848,4.653904625981198
12285,20091,JOHNSON,,,,KS,2016,484994605.584643,,,0,1,6,,
12286,20091,JOHNSON,,,,KS,2017,433638591.9041249,,,0,1,7,,
12287,20091,JOHNSON,,,,KS,2018,378244567.561444,,,0,1,8,,
12288,20091,JOHNSON,,,,KS,2019,359855551.16620994,,,0,1,9,,
12849,20173,SEDGWICK,"Sedgwick County, KS",SEDGWICK COUNTY,KANSAS,KS,2006,395337822.4738471,60,471659,0,0,-4,838185.686001639,12.721054829866492
12850,20173,SEDGWICK,"Sedgwick County, KS",SEDGWICK COUNTY,KANSAS,KS,2007,440206169.707348,51,478479,0,0,-3,920011.473246157,10.658774993259891
12851,20173,SEDGWICK,"Sedgwick County, KS",SEDGWICK COUNTY,KANSAS,KS,2008,412453793.7646837,48,486077,0,0,-2,848535.9187221031,9.874978655645094
12852,20173,SEDGWICK,"Sedgwick County, KS",SEDGWICK COUNTY,KANSAS,KS,2009,420717791.1975067,55,495006,0,0,-1,849924.6295954124,11.110976432608897
12853,20173,SEDGWICK,"Sedgwick County, KS",SEDGWICK COUNTY,KANSAS,KS,2010,432265105.0112812,40,499138,0,1,0,866023.2340781131,8.013815818471045
12854,20173,SEDGWICK,"Sedgwick County, KS",SEDGWICK COUNTY,KANSAS,KS,2011,460317773.473001,45,501051,0,1,1,918704.4302336508,8.981121682223966
12855,20173,SEDGWICK,"Sedgwick County, KS",SEDGWICK COUNTY,KANSAS,KS,2012,492115188.025725,57,504171,0,1,2,976087.8511967666,11.305687951111825
12856,20173,SEDGWICK,"Sedgwick County, KS",SEDGWICK COUNTY,KANSAS,KS,2013,502913916.419991,61,506542,0,1,3,992837.5463831056,12.042436757465323
12857,20173,SEDGWICK,"Sedgwick County, KS",SEDGWICK COUNTY,KANSAS,KS,2014,523949440.06584495,74,509084,0,1,4,1029200.3678486162,14.535911558799727
12858,20173,SEDGWICK,"Sedgwick County, KS",SEDGWICK COUNTY,KANSAS,KS,2015,528686129.073958,72,511230,0,1,5,1034145.3535081234,14.08368053517986
12859,20173,SEDGWICK,,,,KS,2016,494701481.537862,,,0,1,6,,
12860,20173,SEDGWICK,,,,KS,2017,473504701.1288949,,,0,1,7,,
12861,20173,SEDGWICK,,,,KS,2018,397465883.036923,,,0,1,8,,
12862,20173,SEDGWICK,,,,KS,2019,343665858.850104,,,0,1,9,,
13859,21111,JEFFERSON,"Jefferson County, KY",JEFFERSON COUNTY,KENTUCKY,KY,2006,575445881.2121035,82,715149,0,0,-4,804651.7316141161,11.466142020753717
13860,21111,JEFFERSON,"Jefferson County, KY",JEFFERSON COUNTY,KENTUCKY,KY,2007,619583916.342166,74,723040,0,0,-3,856915.1310330908,10.23456516928524
13861,21111,JEFFERSON,"Jefferson County, KY",JEFFERSON COUNTY,KENTUCKY,KY,2008,692676979.2108833,78,730194,0,0,-2,948620.4751215201,10.682092704130683
13862,21111,JEFFERSON,"Jefferson County, KY",JEFFERSON COUNTY,KENTUCKY,KY,2009,738192912.8120528,63,736705,0,0,-1,1002019.6860507977,8.551591206792407
13863,21111,JEFFERSON,"Jefferson County, KY",JEFFERSON COUNTY,KENTUCKY,KY,2010,818578714.5845068,91,742096,0,1,0,1103063.1004405182,12.262564412151528
13864,21111,JEFFERSON,"Jefferson County, KY",JEFFERSON COUNTY,KENTUCKY,KY,2011,897105584.775619,129,746458,0,1,1,1201816.5587020556,17.28161530856391
13865,21111,JEFFERSON,"Jefferson County, KY",JEFFERSON COUNTY,KENTUCKY,KY,2012,927534438.3808864,148,751802,0,1,2,1233748.2985957558,19.686034354790223
13866,21111,JEFFERSON,"Jefferson County, KY",JEFFERSON COUNTY,KENTUCKY,KY,2013,858340994.879374,158,759427,0,1,3,1130248.193545099,20.805159679600543
13867,21111,JEFFERSON,"Jefferson County, KY",JEFFERSON COUNTY,KENTUCKY,KY,2014,909482929.0079479,161,762038,0,1,4,1193487.6331730804,21.127555318763633
13868,21111,JEFFERSON,"Jefferson County, KY",JEFFERSON COUNTY,KENTUCKY,KY,2015,936186030.6798589,184,765322,0,1,5,1223257.7015685672,24.042167871823885
13869,21111,JEFFERSON,,,,KY,2016,882076899.4641701,,,0,1,6,,
13870,21111,JEFFERSON,,,,KY,2017,868951305.28116,,,0,1,7,,
13871,21111,JEFFERSON,,,,KY,2018,814997739.8550514,,,0,1,8,,
13872,21111,JEFFERSON,,,,KY,2019,838928784.2113295,,,0,1,9,,
14969,22033,EAST BATON ROUGE,"East Baton Rouge Parish, LA",EAST BATON ROUGE PARISH,LOUISIANA,LA,2006,466567901.039503,34,433474,0,0,-4,1076345.7578528423,7.843607690426646
14970,22033,EAST BATON ROUGE,"East Baton Rouge Parish, LA",EAST BATON ROUGE PARISH,LOUISIANA,LA,2007,564254374.4477223,34,433344,0,0,-3,1302093.4279642093,7.845960714813174
14971,22033,EAST BATON ROUGE,"East Baton Rouge Parish, LA",EAST BATON ROUGE PARISH,LOUISIANA,LA,2008,546053929.7590195,30,433723,0,0,-2,1258992.3286498974,6.916857072371075
14972,22033,EAST BATON ROUGE,"East Baton Rouge Parish, LA",EAST BATON ROUGE PARISH,LOUISIANA,LA,2009,485874829.5630242,29,437623,0,0,-1,1110258.8976425468,6.62670837684491
14973,22033,EAST BATON ROUGE,"East Baton Rouge Parish, LA",EAST BATON ROUGE PARISH,LOUISIANA,LA,2010,454047430.0924807,31,440937,0,1,0,1029733.1140105745,7.030482812737421
14974,22033,EAST BATON ROUGE,"East Baton Rouge Parish, LA",EAST BATON ROUGE PARISH,LOUISIANA,LA,2011,452196996.6198775,24,441627,0,1,1,1023934.2173822649,5.434450339313493
14975,22033,EAST BATON ROUGE,"East Baton Rouge Parish, LA",EAST BATON ROUGE PARISH,LOUISIANA,LA,2012,468368852.2851193,28,443075,0,1,2,1057087.0671672274,6.319471872707781
14976,22033,EAST BATON ROUGE,"East Baton Rouge Parish, LA",EAST BATON ROUGE PARISH,LOUISIANA,LA,2013,453783798.7376315,52,444345,0,1,3,1021242.0500683737,11.702618460880622
14977,22033,EAST BATON ROUGE,"East Baton Rouge Parish, LA",EAST BATON ROUGE PARISH,LOUISIANA,LA,2014,424380380.3436205,56,445334,0,1,4,952948.5292917687,12.574831474803183
14978,22033,EAST BATON ROUGE,"East Baton Rouge Parish, LA",EAST BATON ROUGE PARISH,LOUISIANA,LA,2015,412288848.98747694,72,445776,0,1,5,924878.9728192567,16.151609777107787
14979,22033,EAST BATON ROUGE,,,,LA,2016,403024191.623149,,,0,1,6,,
14980,22033,EAST BATON ROUGE,,,,LA,2017,396664317.145949,,,0,1,7,,
14981,22033,EAST BATON ROUGE,,,,LA,2018,363039126.59392697,,,0,1,8,,
14982,22033,EAST BATON ROUGE,,,,LA,2019,339079796.21069294,,,0,1,9,,
15095,22051,JEFFERSON,"Jefferson Parish, LA",JEFFERSON PARISH,LOUISIANA,LA,2006,926809652.3999934,115,426285,0,0,-4,2174154.9723776192,26.97725699942527
15096,22051,JEFFERSON,"Jefferson Parish, LA",JEFFERSON PARISH,LOUISIANA,LA,2007,853186579.1256117,117,432683,0,0,-3,1971851.3995826312,27.04058167295688
15097,22051,JEFFERSON,"Jefferson Parish, LA",JEFFERSON PARISH,LOUISIANA,LA,2008,557292929.8332621,81,431759,0,0,-2,1290750.0013508974,18.76046590806445
15098,22051,JEFFERSON,"Jefferson Parish, LA",JEFFERSON PARISH,LOUISIANA,LA,2009,546499090.1594973,71,431921,0,0,-1,1265275.57159642,16.43819124330607
15099,22051,JEFFERSON,"Jefferson Parish, LA",JEFFERSON PARISH,LOUISIANA,LA,2010,573261735.6236906,58,432618,0,1,0,1325099.1304654235,13.406746829766677
15100,22051,JEFFERSON,"Jefferson Parish, LA",JEFFERSON PARISH,LOUISIANA,LA,2011,611375594.4794952,80,434133,0,1,1,1408267.960462566,18.427532576422433
15101,22051,JEFFERSON,"Jefferson Parish, LA",JEFFERSON PARISH,LOUISIANA,LA,2012,633391114.9580153,84,434049,0,1,2,1459261.7767994287,19.35265373264309
15102,22051,JEFFERSON,"Jefferson Parish, LA",JEFFERSON PARISH,LOUISIANA,LA,2013,657378715.8373821,118,434394,0,1,3,1513323.6551089152,27.16427943295718
15103,22051,JEFFERSON,"Jefferson Parish, LA",JEFFERSON PARISH,LOUISIANA,LA,2014,657260052.8217754,104,434235,0,1,4,1513604.5063658513,23.950165233111104
15104,22051,JEFFERSON,"Jefferson Parish, LA",JEFFERSON PARISH,LOUISIANA,LA,2015,685727006.299609,116,435358,0,1,5,1575087.6435016906,26.64473835326329
15105,22051,JEFFERSON,,,,LA,2016,689946402.149749,,,0,1,6,,
15106,22051,JEFFERSON,,,,LA,2017,682240312.388132,,,0,1,7,,
15107,22051,JEFFERSON,,,,LA,2018,620719685.97189,,,0,1,8,,
15108,22051,JEFFERSON,,,,LA,2019,587832144.4560679,,,0,1,9,,
15866,24003,ANNE ARUNDEL,,ANNE ARUNDEL COUNTY,MARYLAND,MD,2006,389873348.99780977,,517698,0,0,-4,753090.3132672132,
15867,24003,ANNE ARUNDEL,,ANNE ARUNDEL COUNTY,MARYLAND,MD,2007,453976195.24925447,,520503,0,0,-3,872187.4710602139,
15868,24003,ANNE ARUNDEL,,ANNE ARUNDEL COUNTY,MARYLAND,MD,2008,496053208.01969624,,525304,0,0,-2,944316.4491793253,
15869,24003,ANNE ARUNDEL,"Anne Arundel County, MD",ANNE ARUNDEL COUNTY,MARYLAND,MD,2009,552394020.6801287,10,532395,0,0,-1,1037564.253383538,1.8783046422299232
15870,24003,ANNE ARUNDEL,"Anne Arundel County, MD",ANNE ARUNDEL COUNTY,MARYLAND,MD,2010,602284297.8856735,10,539305,0,1,0,1116778.6278370745,1.8542383252519445
15871,24003,ANNE ARUNDEL,,ANNE ARUNDEL COUNTY,MARYLAND,MD,2011,643638754.9658595,,544863,0,1,1,1181285.4882160462,
15872,24003,ANNE ARUNDEL,"Anne Arundel County, MD",ANNE ARUNDEL COUNTY,MARYLAND,MD,2012,651743968.971954,15,550476,0,1,2,1183964.3671512546,2.7249144376866568
15873,24003,ANNE ARUNDEL,"Anne Arundel County, MD",ANNE ARUNDEL COUNTY,MARYLAND,MD,2013,661330057.7905239,25,555638,0,1,3,1190217.4757495418,4.499332299086816
15874,24003,ANNE ARUNDEL,"Anne Arundel County, MD",ANNE ARUNDEL COUNTY,MARYLAND,MD,2014,682095404.9584475,29,559421,0,1,4,1219288.165725719,5.18393124319609
15875,24003,ANNE ARUNDEL,"Anne Arundel County, MD",ANNE ARUNDEL COUNTY,MARYLAND,MD,2015,659638044.515901,34,563133,0,1,5,1171371.6733274395,6.037650075559415
15876,24003,ANNE ARUNDEL,,,,MD,2016,664400549.361173,,,0,1,6,,
15877,24003,ANNE ARUNDEL,,,,MD,2017,619922462.036951,,,0,1,7,,
15878,24003,ANNE ARUNDEL,,,,MD,2018,586335938.7855229,,,0,1,8,,
15879,24003,ANNE ARUNDEL,,,,MD,2019,643857571.7533745,,,0,1,9,,
15880,24005,BALTIMORE,,BALTIMORE COUNTY,MARYLAND,MD,2006,628457170.9101267,,793733,0,0,-4,791774.0233934165,
15881,24005,BALTIMORE,,BALTIMORE COUNTY,MARYLAND,MD,2007,746512116.0117741,,796073,0,0,-3,937743.2924012925,
15882,24005,BALTIMORE,,BALTIMORE COUNTY,MARYLAND,MD,2008,815335785.1056403,,798651,0,0,-2,1020891.2091835361,
15883,24005,BALTIMORE,"Baltimore County, MD",BALTIMORE COUNTY,MARYLAND,MD,2009,974692090.0935717,14,801808,0,0,-1,1215617.8163520088,1.7460539181449923
15884,24005,BALTIMORE,"Baltimore County, MD",BALTIMORE COUNTY,MARYLAND,MD,2010,1087543347.1307757,15,806654,0,1,0,1348215.4023047995,1.859533331515123
15885,24005,BALTIMORE,"Baltimore County, MD",BALTIMORE COUNTY,MARYLAND,MD,2011,1179970976.4186783,22,813021,0,1,1,1451341.3262617795,2.705957164698083
15886,24005,BALTIMORE,"Baltimore County, MD",BALTIMORE COUNTY,MARYLAND,MD,2012,1196092972.7513535,33,818218,0,1,2,1461826.7659124506,4.033154978257628
15887,24005,BALTIMORE,"Baltimore County, MD",BALTIMORE COUNTY,MARYLAND,MD,2013,1177160140.2038965,39,822426,0,1,3,1431326.5147306826,4.742067979368357
15888,24005,BALTIMORE,"Baltimore County, MD",BALTIMORE COUNTY,MARYLAND,MD,2014,1177245559.554605,38,825201,0,1,4,1426616.7388970747,4.6049386755469275
15889,24005,BALTIMORE,"Baltimore County, MD",BALTIMORE COUNTY,MARYLAND,MD,2015,1170091782.1985168,66,827796,0,1,5,1413502.580585696,7.97297884986156
15890,24005,BALTIMORE,,,,MD,2016,1137452477.2852108,,,0,1,6,,
15891,24005,BALTIMORE,,,,MD,2017,1065585343.3616331,,,0,1,7,,
15892,24005,BALTIMORE,,,,MD,2018,963141209.1207299,,,0,1,8,,
15893,24005,BALTIMORE,,,,MD,2019,959460058.408335,,,0,1,9,,
16048,24031,MONTGOMERY,,MONTGOMERY COUNTY,MARYLAND,MD,2006,413175860.96334106,,926492,0,0,-4,445957.28939196566,
16049,24031,MONTGOMERY,,MONTGOMERY COUNTY,MARYLAND,MD,2007,518034454.8642083,,931694,0,0,-3,556013.513947936,
16050,24031,MONTGOMERY,,MONTGOMERY COUNTY,MARYLAND,MD,2008,541768079.400338,,942748,0,0,-2,574669.0307487664,
16051,24031,MONTGOMERY,,MONTGOMERY COUNTY,MARYLAND,MD,2009,617098722.6688585,,959013,0,0,-1,643472.7398573935,
16052,24031,MONTGOMERY,,MONTGOMERY COUNTY,MARYLAND,MD,2010,660068722.6932579,,975619,0,1,0,676564.0303164022,
16053,24031,MONTGOMERY,"Montgomery County, MD",MONTGOMERY COUNTY,MARYLAND,MD,2011,617193080.3936485,13,991325,0,1,1,622594.0840729817,1.3113761884346709
16054,24031,MONTGOMERY,"Montgomery County, MD",MONTGOMERY COUNTY,MARYLAND,MD,2012,588142517.474143,18,1005310,0,1,2,585035.9764392506,1.7904924849051536
16055,24031,MONTGOMERY,"Montgomery County, MD",MONTGOMERY COUNTY,MARYLAND,MD,2013,552917860.983214,19,1015534,0,1,3,544460.2159880556,1.8709368667124882
16056,24031,MONTGOMERY,"Montgomery County, MD",MONTGOMERY COUNTY,MARYLAND,MD,2014,553758197.8654375,21,1025063,0,1,4,540218.6966707779,2.0486545704995693
16057,24031,MONTGOMERY,"Montgomery County, MD",MONTGOMERY COUNTY,MARYLAND,MD,2015,554509026.5363799,22,1033370,0,1,5,536602.5978462505,2.128956714439165
16058,24031,MONTGOMERY,,,,MD,2016,571962322.4102759,,,0,1,6,,
16059,24031,MONTGOMERY,,,,MD,2017,523239564.757892,,,0,1,7,,
16060,24031,MONTGOMERY,,,,MD,2018,438827958.6813579,,,0,1,8,,
16061,24031,MONTGOMERY,,,,MD,2019,409070324.81854844,,,0,1,9,,
16062,24033,PRINCE GEORGES,,PRINCE GEORGE'S COUNTY,MARYLAND,MD,2006,261882523.134798,,852097,0,0,-4,307338.86298719276,
16063,24033,PRINCE GEORGES,,PRINCE GEORGE'S COUNTY,MARYLAND,MD,2007,295965996.32086736,,849916,0,0,-3,348229.7030775599,
16064,24033,PRINCE GEORGES,"Prince George's County, MD",PRINCE GEORGE'S COUNTY,MARYLAND,MD,2008,306904848.232575,15,850167,0,0,-2,360993.60270696814,1.7643592376556607
16065,24033,PRINCE GEORGES,,PRINCE GEORGE'S COUNTY,MARYLAND,MD,2009,345351133.58106226,,856161,0,0,-1,403371.71814771084,
16066,24033,PRINCE GEORGES,,PRINCE GEORGE'S COUNTY,MARYLAND,MD,2010,378052195.118351,,866442,0,1,0,436327.1807210996,
16067,24033,PRINCE GEORGES,"Prince George's County, MD",PRINCE GEORGE'S COUNTY,MARYLAND,MD,2011,400688338.5965795,13,874594,0,1,1,458142.10776266415,1.4864039771596878
16068,24033,PRINCE GEORGES,"Prince George's County, MD",PRINCE GEORGE'S COUNTY,MARYLAND,MD,2012,381374928.035238,18,882787,0,1,2,432012.39714136935,2.0389969494340083
16069,24033,PRINCE GEORGES,"Prince George's County, MD",PRINCE GEORGE'S COUNTY,MARYLAND,MD,2013,362026625.134686,21,891020,0,1,3,406305.8350370205,2.3568494534353888
16070,24033,PRINCE GEORGES,"Prince George's County, MD",PRINCE GEORGE'S COUNTY,MARYLAND,MD,2014,350811594.93596697,25,900372,0,1,4,389629.6141327884,2.776630104001457
16071,24033,PRINCE GEORGES,"Prince George's County, MD",PRINCE GEORGE'S COUNTY,MARYLAND,MD,2015,350348623.466375,28,906754,0,1,5,386376.70577287226,3.0879378530450374
16072,24033,PRINCE GEORGES,,,,MD,2016,342427946.21554595,,,0,1,6,,
16073,24033,PRINCE GEORGES,,,,MD,2017,323786402.08352596,,,0,1,7,,
16074,24033,PRINCE GEORGES,,,,MD,2018,316115449.002137,,,0,1,8,,
16075,24033,PRINCE GEORGES,,,,MD,2019,342339202.8694805,,,0,1,9,,
16174,24510,BALTIMORE CITY,"Baltimore city, MD",BALTIMORE CITY,MARYLAND,MD,2006,598000100.5246695,10,621109,0,0,-4,962794.1319875731,1.6100233614389743
16175,24510,BALTIMORE CITY,,BALTIMORE CITY,MARYLAND,MD,2007,672345258.9970201,,620306,0,0,-3,1083892.8835075272,
16176,24510,BALTIMORE CITY,"Baltimore city, MD",BALTIMORE CITY,MARYLAND,MD,2008,754354700.8980515,11,620184,0,0,-2,1216340.1521130046,1.773667169743173
16177,24510,BALTIMORE CITY,"Baltimore city, MD",BALTIMORE CITY,MARYLAND,MD,2009,846944550.4982514,10,620509,0,0,-1,1364919.0430731084,1.6115801704729502
16178,24510,BALTIMORE CITY,"Baltimore city, MD",BALTIMORE CITY,MARYLAND,MD,2010,964740581.42189,13,620942,0,1,0,1553672.615835118,2.093593282464385
16179,24510,BALTIMORE CITY,"Baltimore city, MD",BALTIMORE CITY,MARYLAND,MD,2011,1042054760.0307051,16,620493,0,1,1,1679398.0915670362,2.578594762551713
16180,24510,BALTIMORE CITY,"Baltimore city, MD",BALTIMORE CITY,MARYLAND,MD,2012,1139405439.7137444,38,623035,0,1,2,1828798.4458557616,6.099175808742687
16181,24510,BALTIMORE CITY,"Baltimore city, MD",BALTIMORE CITY,MARYLAND,MD,2013,1147150662.061474,48,622591,0,1,3,1842542.9568713235,7.709716330624761
16182,24510,BALTIMORE CITY,"Baltimore city, MD",BALTIMORE CITY,MARYLAND,MD,2014,1170933793.381837,43,623833,0,1,4,1876998.8015732365,6.892870367550291
16183,24510,BALTIMORE CITY,"Baltimore city, MD",BALTIMORE CITY,MARYLAND,MD,2015,1222263596.315342,78,622831,0,1,5,1962432.1787376383,12.523461420513751
16184,24510,BALTIMORE CITY,,,,MD,2016,1232760354.2148468,,,0,1,6,,
16185,24510,BALTIMORE CITY,,,,MD,2017,1247995632.877189,,,0,1,7,,
16186,24510,BALTIMORE CITY,,,,MD,2018,1221692048.136402,,,0,1,8,,
16187,24510,BALTIMORE CITY,,,,MD,2019,1221595542.368587,,,0,1,9,,
16216,25005,BRISTOL,"Bristol County, MA",BRISTOL COUNTY,MASSACHUSETTS,MA,2006,464788578.1906565,98,544487,0,0,-4,853626.5846395901,17.998593171186823
16217,25005,BRISTOL,"Bristol County, MA",BRISTOL COUNTY,MASSACHUSETTS,MA,2007,554981863.718126,77,545288,0,0,-3,1017777.5115500911,14.120978272032394
16218,25005,BRISTOL,"Bristol County, MA",BRISTOL COUNTY,MASSACHUSETTS,MA,2008,630663597.5687729,89,546456,0,0,-2,1154097.6722165607,16.286764167654855
16219,25005,BRISTOL,"Bristol County, MA",BRISTOL COUNTY,MASSACHUSETTS,MA,2009,729132638.2185885,69,547324,0,0,-1,1332177.354215398,12.606792320453698
16220,25005,BRISTOL,"Bristol County, MA",BRISTOL COUNTY,MASSACHUSETTS,MA,2010,771094522.1980785,87,549175,0,1,0,1404096.1846370983,15.841944735284745
16221,25005,BRISTOL,"Bristol County, MA",BRISTOL COUNTY,MASSACHUSETTS,MA,2011,851133050.3187975,86,549355,0,1,1,1549331.5803420327,15.654722356217746
16222,25005,BRISTOL,"Bristol County, MA",BRISTOL COUNTY,MASSACHUSETTS,MA,2012,933455494.824035,101,551204,0,1,2,1693484.6169912321,18.323524502724943
16223,25005,BRISTOL,"Bristol County, MA",BRISTOL COUNTY,MASSACHUSETTS,MA,2013,987389266.447378,117,552495,0,1,3,1787146.0672899808,21.176662232237394
16224,25005,BRISTOL,"Bristol County, MA",BRISTOL COUNTY,MASSACHUSETTS,MA,2014,1002519027.3708434,141,555212,0,1,4,1805650.8637616686,25.395704703788827
16225,25005,BRISTOL,"Bristol County, MA",BRISTOL COUNTY,MASSACHUSETTS,MA,2015,1036422183.6179218,155,557104,0,1,5,1860374.6941646833,27.822453258278525
16226,25005,BRISTOL,,,,MA,2016,1020383115.6763381,,,0,1,6,,
16227,25005,BRISTOL,,,,MA,2017,1003053580.3878189,,,0,1,7,,
16228,25005,BRISTOL,,,,MA,2018,998039402.1422638,,,0,1,8,,
16229,25005,BRISTOL,,,,MA,2019,1032194108.477612,,,0,1,9,,
16244,25009,ESSEX,"Essex County, MA",ESSEX COUNTY,MASSACHUSETTS,MA,2006,518081353.0809485,109,729455,0,0,-4,710230.7244188448,14.942662672817379
16245,25009,ESSEX,"Essex County, MA",ESSEX COUNTY,MASSACHUSETTS,MA,2007,639857251.111148,104,730664,0,0,-3,875720.2368135669,14.233628589885365
16246,25009,ESSEX,"Essex County, MA",ESSEX COUNTY,MASSACHUSETTS,MA,2008,655449609.8797653,66,734361,0,0,-2,892544.1436565467,8.987405376919526
16247,25009,ESSEX,"Essex County, MA",ESSEX COUNTY,MASSACHUSETTS,MA,2009,741222032.5416425,84,739086,0,0,-1,1002890.1001258887,11.365389142806114
16248,25009,ESSEX,"Essex County, MA",ESSEX COUNTY,MASSACHUSETTS,MA,2010,824161739.6239455,55,745469,0,1,0,1105561.3843418646,7.377905721096383
16249,25009,ESSEX,"Essex County, MA",ESSEX COUNTY,MASSACHUSETTS,MA,2011,926878310.947053,63,751553,0,1,1,1233284.0278025009,8.382642341923988
16250,25009,ESSEX,"Essex County, MA",ESSEX COUNTY,MASSACHUSETTS,MA,2012,998788823.3150004,93,757409,0,1,2,1318691.5171525562,12.278702788057707
16251,25009,ESSEX,"Essex County, MA",ESSEX COUNTY,MASSACHUSETTS,MA,2013,1042764999.1138625,108,764684,0,1,3,1363654.7895782606,14.123481071919903
16252,25009,ESSEX,"Essex County, MA",ESSEX COUNTY,MASSACHUSETTS,MA,2014,1015425802.936703,178,771803,0,1,4,1315654.1279791642,23.06288003544946
16253,25009,ESSEX,"Essex County, MA",ESSEX COUNTY,MASSACHUSETTS,MA,2015,1002828706.803046,217,777228,0,1,5,1290263.226238692,27.91973526429825
16254,25009,ESSEX,,,,MA,2016,959568086.956547,,,0,1,6,,
16255,25009,ESSEX,,,,MA,2017,953240591.8333169,,,0,1,7,,
16256,25009,ESSEX,,,,MA,2018,899204639.434827,,,0,1,8,,
16257,25009,ESSEX,,,,MA,2019,881503741.50062,,,0,1,9,,
16272,25013,HAMPDEN,"Hampden County, MA",HAMPDEN COUNTY,MASSACHUSETTS,MA,2006,450924602.09616804,53,461408,0,0,-4,977279.5488941848,11.486580206671754
16273,25013,HAMPDEN,"Hampden County, MA",HAMPDEN COUNTY,MASSACHUSETTS,MA,2007,511588248.2547727,58,461434,0,0,-3,1108692.1385393636,12.569511566117798
16274,25013,HAMPDEN,"Hampden County, MA",HAMPDEN COUNTY,MASSACHUSETTS,MA,2008,519850171.25170773,50,462053,0,0,-2,1125087.752382752,10.821269421473295
16275,25013,HAMPDEN,"Hampden County, MA",HAMPDEN COUNTY,MASSACHUSETTS,MA,2009,575570260.6329372,51,462777,0,0,-1,1243731.3449737935,11.020426684990827
16276,25013,HAMPDEN,"Hampden County, MA",HAMPDEN COUNTY,MASSACHUSETTS,MA,2010,633957316.7994975,51,464248,0,1,0,1365557.4537736243,10.985507745859971
16277,25013,HAMPDEN,"Hampden County, MA",HAMPDEN COUNTY,MASSACHUSETTS,MA,2011,722102116.433313,54,466191,0,1,1,1548940.490986126,11.583235197590687
16278,25013,HAMPDEN,"Hampden County, MA",HAMPDEN COUNTY,MASSACHUSETTS,MA,2012,764098819.8658284,59,467009,0,1,2,1636154.3778938488,12.633589502557767
16279,25013,HAMPDEN,"Hampden County, MA",HAMPDEN COUNTY,MASSACHUSETTS,MA,2013,799275214.5583935,74,467828,0,1,3,1708480.9258069065,15.817779183802594
16280,25013,HAMPDEN,"Hampden County, MA",HAMPDEN COUNTY,MASSACHUSETTS,MA,2014,800550508.917252,56,469561,0,1,4,1704891.396255762,11.926033039370816
16281,25013,HAMPDEN,"Hampden County, MA",HAMPDEN COUNTY,MASSACHUSETTS,MA,2015,773407326.5185099,104,469251,0,1,5,1648174.061469256,22.16297887484523
16282,25013,HAMPDEN,,,,MA,2016,732589644.867453,,,0,1,6,,
16283,25013,HAMPDEN,,,,MA,2017,709671162.3704,,,0,1,7,,
16284,25013,HAMPDEN,,,,MA,2018,693125132.229728,,,0,1,8,,
16285,25013,HAMPDEN,,,,MA,2019,686961903.4395394,,,0,1,9,,
16300,25017,MIDDLESEX,"Middlesex County, MA",MIDDLESEX COUNTY,MASSACHUSETTS,MA,2006,755979877.0887724,137,1456528,0,0,-4,519028.72934044,9.405929717794647
16301,25017,MIDDLESEX,"Middlesex County, MA",MIDDLESEX COUNTY,MASSACHUSETTS,MA,2007,938471176.523613,135,1463106,0,0,-3,641423.9135945126,9.226945962903576
16302,25017,MIDDLESEX,"Middlesex County, MA",MIDDLESEX COUNTY,MASSACHUSETTS,MA,2008,1007336699.2406337,123,1477049,0,0,-2,681992.7431254032,8.327415001127248
16303,25017,MIDDLESEX,"Middlesex County, MA",MIDDLESEX COUNTY,MASSACHUSETTS,MA,2009,1087412193.394582,133,1494764,0,0,-1,727480.8554357624,8.897725661040807
16304,25017,MIDDLESEX,"Middlesex County, MA",MIDDLESEX COUNTY,MASSACHUSETTS,MA,2010,1152954031.021161,101,1507694,0,1,0,764713.549978418,6.698972072582367
16305,25017,MIDDLESEX,"Middlesex County, MA",MIDDLESEX COUNTY,MASSACHUSETTS,MA,2011,1220531041.6657739,143,1524996,0,1,1,800350.323322667,9.377073775931215
16306,25017,MIDDLESEX,"Middlesex County, MA",MIDDLESEX COUNTY,MASSACHUSETTS,MA,2012,1252453801.1926215,120,1543163,0,1,2,811614.7167814557,7.776236210951144
16307,25017,MIDDLESEX,"Middlesex County, MA",MIDDLESEX COUNTY,MASSACHUSETTS,MA,2013,1231794723.805773,150,1560625,0,1,3,789295.7781694981,9.61153384060873
16308,25017,MIDDLESEX,"Middlesex County, MA",MIDDLESEX COUNTY,MASSACHUSETTS,MA,2014,1208468678.82024,240,1575520,0,1,4,767028.4596959988,15.233065908398498
16309,25017,MIDDLESEX,"Middlesex County, MA",MIDDLESEX COUNTY,MASSACHUSETTS,MA,2015,1211877897.7366538,299,1586107,0,1,5,764058.0980581094,18.851187214986126
16310,25017,MIDDLESEX,,,,MA,2016,1200225051.8758261,,,0,1,6,,
16311,25017,MIDDLESEX,,,,MA,2017,1173291100.270949,,,0,1,7,,
16312,25017,MIDDLESEX,,,,MA,2018,1146693606.346634,,,0,1,8,,
16313,25017,MIDDLESEX,,,,MA,2019,1203771414.7124274,,,0,1,9,,
16328,25021,NORFOLK,"Norfolk County, MA",NORFOLK COUNTY,MASSACHUSETTS,MA,2006,422066026.5599535,67,653421,0,0,-4,645932.7547782419,10.253726158173674
16329,25021,NORFOLK,"Norfolk County, MA",NORFOLK COUNTY,MASSACHUSETTS,MA,2007,479107421.46387327,60,656582,0,0,-3,729699.2934071803,9.138234066727385
16330,25021,NORFOLK,"Norfolk County, MA",NORFOLK COUNTY,MASSACHUSETTS,MA,2008,493242980.252819,72,661703,0,0,-2,745414.4536942088,10.881014594160824
16331,25021,NORFOLK,"Norfolk County, MA",NORFOLK COUNTY,MASSACHUSETTS,MA,2009,513754776.16807425,68,666301,0,0,-1,771055.0879678617,10.205597770377052
16332,25021,NORFOLK,"Norfolk County, MA",NORFOLK COUNTY,MASSACHUSETTS,MA,2010,561298292.892916,60,673059,0,1,0,833951.0992244602,8.914523095300709
16333,25021,NORFOLK,"Norfolk County, MA",NORFOLK COUNTY,MASSACHUSETTS,MA,2011,605507652.1529145,64,677823,0,1,1,893312.3428283115,9.441992968665861
16334,25021,NORFOLK,"Norfolk County, MA",NORFOLK COUNTY,MASSACHUSETTS,MA,2012,631252703.618432,65,682984,0,1,2,924256.942502946,9.517060428941235
16335,25021,NORFOLK,"Norfolk County, MA",NORFOLK COUNTY,MASSACHUSETTS,MA,2013,646503195.223955,79,688518,0,1,3,938977.9137567283,11.473919345608975
16336,25021,NORFOLK,"Norfolk County, MA",NORFOLK COUNTY,MASSACHUSETTS,MA,2014,637560291.3353354,118,692439,0,1,4,920745.7860336222,17.041212294512587
16337,25021,NORFOLK,"Norfolk County, MA",NORFOLK COUNTY,MASSACHUSETTS,MA,2015,625270886.991815,148,694774,0,1,5,899962.9908312847,21.301890974619084
16338,25021,NORFOLK,,,,MA,2016,611474439.9051989,,,0,1,6,,
16339,25021,NORFOLK,,,,MA,2017,617395463.7422839,,,0,1,7,,
16340,25021,NORFOLK,,,,MA,2018,610136691.386931,,,0,1,8,,
16341,25021,NORFOLK,,,,MA,2019,639719138.809575,,,0,1,9,,
16342,25023,PLYMOUTH,"Plymouth County, MA",PLYMOUTH COUNTY,MASSACHUSETTS,MA,2006,342803310.707347,58,486779,0,0,-4,704227.8132527224,11.915057962648348
16343,25023,PLYMOUTH,"Plymouth County, MA",PLYMOUTH COUNTY,MASSACHUSETTS,MA,2007,400383584.342671,61,488251,0,0,-3,820036.3836278287,12.493574001896565
16344,25023,PLYMOUTH,"Plymouth County, MA",PLYMOUTH COUNTY,MASSACHUSETTS,MA,2008,450433207.71871847,49,490371,0,0,-2,918555.9662351944,9.99243429974448
16345,25023,PLYMOUTH,"Plymouth County, MA",PLYMOUTH COUNTY,MASSACHUSETTS,MA,2009,509450201.0395645,50,492738,0,0,-1,1033917.0127726388,10.147380555183485
16346,25023,PLYMOUTH,"Plymouth County, MA",PLYMOUTH COUNTY,MASSACHUSETTS,MA,2010,560233995.9326117,43,495937,0,1,0,1129647.5075112598,8.670456126483808
16347,25023,PLYMOUTH,"Plymouth County, MA",PLYMOUTH COUNTY,MASSACHUSETTS,MA,2011,575798906.0827265,68,498212,0,1,1,1155730.7051671306,13.648808137901135
16348,25023,PLYMOUTH,"Plymouth County, MA",PLYMOUTH COUNTY,MASSACHUSETTS,MA,2012,608982620.541361,59,499545,0,1,2,1219074.5989677825,11.810747780480236
16349,25023,PLYMOUTH,"Plymouth County, MA",PLYMOUTH COUNTY,MASSACHUSETTS,MA,2013,648320134.735264,82,502895,0,1,3,1289175.9407734496,16.305590630250848
16350,25023,PLYMOUTH,"Plymouth County, MA",PLYMOUTH COUNTY,MASSACHUSETTS,MA,2014,617367608.392365,92,506634,0,1,4,1218567.266295521,18.159065518697915
16351,25023,PLYMOUTH,"Plymouth County, MA",PLYMOUTH COUNTY,MASSACHUSETTS,MA,2015,580131786.447222,157,509413,0,1,5,1138824.0709350214,30.819786695667368
16352,25023,PLYMOUTH,,,,MA,2016,575681034.448048,,,0,1,6,,
16353,25023,PLYMOUTH,,,,MA,2017,585411369.527502,,,0,1,7,,
16354,25023,PLYMOUTH,,,,MA,2018,578696720.3257095,,,0,1,8,,
16355,25023,PLYMOUTH,,,,MA,2019,588947895.9266934,,,0,1,9,,
16356,25025,SUFFOLK,"Suffolk County, MA",SUFFOLK COUNTY,MASSACHUSETTS,MA,2006,564155523.9508364,143,687192,0,0,-4,820957.6420430337,20.80932257651428
16357,25025,SUFFOLK,"Suffolk County, MA",SUFFOLK COUNTY,MASSACHUSETTS,MA,2007,627436881.1602923,121,693368,0,0,-3,904911.7945453097,17.45105052439686
16358,25025,SUFFOLK,"Suffolk County, MA",SUFFOLK COUNTY,MASSACHUSETTS,MA,2008,652132642.2695588,83,702201,0,0,-2,928697.9686294363,11.819977470838122
16359,25025,SUFFOLK,"Suffolk County, MA",SUFFOLK COUNTY,MASSACHUSETTS,MA,2009,691341467.0744085,113,716214,0,0,-1,965272.2050593937,15.777407311222625
16360,25025,SUFFOLK,"Suffolk County, MA",SUFFOLK COUNTY,MASSACHUSETTS,MA,2010,762810072.091363,73,725786,0,1,0,1051012.3811858632,10.05806119159091
16361,25025,SUFFOLK,"Suffolk County, MA",SUFFOLK COUNTY,MASSACHUSETTS,MA,2011,822359435.0672868,86,737285,0,1,1,1115388.804963192,11.664417423384444
16362,25025,SUFFOLK,"Suffolk County, MA",SUFFOLK COUNTY,MASSACHUSETTS,MA,2012,842180439.1067309,85,751371,0,1,2,1120858.3231276306,11.312653802182943
16363,25025,SUFFOLK,"Suffolk County, MA",SUFFOLK COUNTY,MASSACHUSETTS,MA,2013,863862743.3835931,112,762863,0,1,3,1132395.6508358554,14.681535216677174
16364,25025,SUFFOLK,"Suffolk County, MA",SUFFOLK COUNTY,MASSACHUSETTS,MA,2014,860538318.2257005,130,774113,0,1,4,1111644.3183691537,16.793413881435914
16365,25025,SUFFOLK,"Suffolk County, MA",SUFFOLK COUNTY,MASSACHUSETTS,MA,2015,855705340.171869,183,783177,0,1,5,1092607.8525950955,23.366365457616862
16366,25025,SUFFOLK,,,,MA,2016,869288568.385492,,,0,1,6,,
16367,25025,SUFFOLK,,,,MA,2017,903960204.9750268,,,0,1,7,,
16368,25025,SUFFOLK,,,,MA,2018,915280390.3181599,,,0,1,8,,
16369,25025,SUFFOLK,,,,MA,2019,955543506.272387,,,0,1,9,,
16370,25027,WORCESTER,"Worcester County, MA",WORCESTER COUNTY,MASSACHUSETTS,MA,2006,611824336.501448,100,785345,0,0,-4,779051.6734701921,12.733257358231095
16371,25027,WORCESTER,"Worcester County, MA",WORCESTER COUNTY,MASSACHUSETTS,MA,2007,681537719.2256669,75,788280,0,0,-3,864588.3686325505,9.5143857512559
16372,25027,WORCESTER,"Worcester County, MA",WORCESTER COUNTY,MASSACHUSETTS,MA,2008,733023702.7485359,84,790847,0,0,-2,926884.3439357245,10.621523505810858
16373,25027,WORCESTER,"Worcester County, MA",WORCESTER COUNTY,MASSACHUSETTS,MA,2009,826925845.2491447,66,795251,0,0,-1,1039829.997383398,8.2992665208846
16374,25027,WORCESTER,"Worcester County, MA",WORCESTER COUNTY,MASSACHUSETTS,MA,2010,871536280.7080687,87,800404,0,1,0,1088870.4712970809,10.869510896997015
16375,25027,WORCESTER,"Worcester County, MA",WORCESTER COUNTY,MASSACHUSETTS,MA,2011,925651439.053686,104,804107,0,1,1,1151154.5590993315,12.933602120115856
16376,25027,WORCESTER,"Worcester County, MA",WORCESTER COUNTY,MASSACHUSETTS,MA,2012,967882629.025978,86,807047,0,1,2,1199289.0488732106,10.65613279028359
16377,25027,WORCESTER,"Worcester County, MA",WORCESTER COUNTY,MASSACHUSETTS,MA,2013,996703661.716985,115,810994,0,1,3,1228990.1796030365,14.180129569392621
16378,25027,WORCESTER,"Worcester County, MA",WORCESTER COUNTY,MASSACHUSETTS,MA,2014,1019581163.996075,126,815707,0,1,4,1249935.5332197407,15.446722904180053
16379,25027,WORCESTER,"Worcester County, MA",WORCESTER COUNTY,MASSACHUSETTS,MA,2015,1032660170.3392419,207,818446,0,1,5,1261732.8086877349,25.291833547967734
16380,25027,WORCESTER,,,,MA,2016,1014539902.2662091,,,0,1,6,,
16381,25027,WORCESTER,,,,MA,2017,1004535075.7467619,,,0,1,7,,
16382,25027,WORCESTER,,,,MA,2018,971182552.442964,,,0,1,8,,
16383,25027,WORCESTER,,,,MA,2019,1007773313.1680186,,,0,1,9,,
16720,26049,GENESEE,,GENESEE COUNTY,MICHIGAN,MI,2006,260881107.7427615,,441164,0,0,-4,591347.2262985228,
16721,26049,GENESEE,"Genesee County, MI",GENESEE COUNTY,MICHIGAN,MI,2007,302686171.6289155,18,438109,0,0,-3,690892.3843813195,4.108566589593001
16722,26049,GENESEE,"Genesee County, MI",GENESEE COUNTY,MICHIGAN,MI,2008,333418089.35911924,65,433082,0,0,-2,769872.8863335794,15.008705048928379
16723,26049,GENESEE,"Genesee County, MI",GENESEE COUNTY,MICHIGAN,MI,2009,370529494.0431635,77,427989,0,0,-1,865745.3673883289,17.991116594118076
16724,26049,GENESEE,"Genesee County, MI",GENESEE COUNTY,MICHIGAN,MI,2010,397295397.1756197,88,424959,0,1,0,934902.8898684807,20.707880054311122
16725,26049,GENESEE,"Genesee County, MI",GENESEE COUNTY,MICHIGAN,MI,2011,414742986.57909,80,422062,0,1,1,982658.9140436477,18.954561178215524
16726,26049,GENESEE,"Genesee County, MI",GENESEE COUNTY,MICHIGAN,MI,2012,429202271.2953865,56,418243,0,1,2,1026203.1194673587,13.389345428375371
16727,26049,GENESEE,"Genesee County, MI",GENESEE COUNTY,MICHIGAN,MI,2013,448787643.84029454,49,415713,0,1,3,1079561.24499425,11.786978035327257
16728,26049,GENESEE,"Genesee County, MI",GENESEE COUNTY,MICHIGAN,MI,2014,474256721.87328947,47,412950,0,1,4,1148460.3992572695,11.381523186826492
16729,26049,GENESEE,"Genesee County, MI",GENESEE COUNTY,MICHIGAN,MI,2015,465044667.05821294,55,410574,0,1,5,1132669.5481404397,13.395879914461219
16730,26049,GENESEE,,,,MI,2016,450545753.77630496,,,0,1,6,,
16731,26049,GENESEE,,,,MI,2017,400852398.09381694,,,0,1,7,,
16732,26049,GENESEE,,,,MI,2018,366177373.011657,,,0,1,8,,
16733,26049,GENESEE,,,,MI,2019,347890819.6557329,,,0,1,9,,
16944,26081,KENT,"Kent County, MI",KENT COUNTY,MICHIGAN,MI,2006,360665708.9961562,45,595191,0,0,-4,605966.3351699811,7.560598194529151
16945,26081,KENT,"Kent County, MI",KENT COUNTY,MICHIGAN,MI,2007,407341156.6029342,51,598077,0,0,-3,681084.8044698829,8.527330092947897
16946,26081,KENT,"Kent County, MI",KENT COUNTY,MICHIGAN,MI,2008,423730880.855863,46,599234,0,0,-2,707120.8924324437,7.676466956147348
16947,26081,KENT,"Kent County, MI",KENT COUNTY,MICHIGAN,MI,2009,455790734.440361,45,601437,0,0,-1,757836.2063530529,7.482080417400326
16948,26081,KENT,"Kent County, MI",KENT COUNTY,MICHIGAN,MI,2010,504928984.63010377,39,602994,0,1,0,837369.8322538927,6.467726047025343
16949,26081,KENT,"Kent County, MI",KENT COUNTY,MICHIGAN,MI,2011,519751126.2548365,48,608543,0,1,1,854091.0441083646,7.887692406288462
16950,26081,KENT,"Kent County, MI",KENT COUNTY,MICHIGAN,MI,2012,535207025.50661296,52,615871,0,1,2,869024.5611607187,8.443326605733994
16951,26081,KENT,"Kent County, MI",KENT COUNTY,MICHIGAN,MI,2013,525665466.21953696,53,624409,0,1,3,841860.8095327533,8.488026277648144
16952,26081,KENT,"Kent County, MI",KENT COUNTY,MICHIGAN,MI,2014,537023762.1601009,43,631464,0,1,4,850442.4039376765,6.809572675560286
16953,26081,KENT,"Kent County, MI",KENT COUNTY,MICHIGAN,MI,2015,506736983.867135,94,637333,0,1,5,795089.8256753299,14.748961688787496
16954,26081,KENT,,,,MI,2016,487178778.620617,,,0,1,6,,
16955,26081,KENT,,,,MI,2017,469255404.414678,,,0,1,7,,
16956,26081,KENT,,,,MI,2018,423789429.143481,,,0,1,8,,
16957,26081,KENT,,,,MI,2019,383516785.99852943,,,0,1,9,,
17056,26099,MACOMB,"Macomb County, MI",MACOMB COUNTY,MICHIGAN,MI,2006,546487776.1082469,112,833328,0,0,-4,655789.5283828779,13.440086016550506
17057,26099,MACOMB,"Macomb County, MI",MACOMB COUNTY,MICHIGAN,MI,2007,673850096.5437262,128,835703,0,0,-3,806327.2437022796,15.316446153717289
17058,26099,MACOMB,"Macomb County, MI",MACOMB COUNTY,MICHIGAN,MI,2008,758686902.741301,134,837857,0,0,-2,905508.8192153326,15.993182607533265
17059,26099,MACOMB,"Macomb County, MI",MACOMB COUNTY,MICHIGAN,MI,2009,877268864.3181338,151,839435,0,0,-1,1045070.6300286907,17.988289742505376
17060,26099,MACOMB,"Macomb County, MI",MACOMB COUNTY,MICHIGAN,MI,2010,1009500683.6622787,151,841350,0,1,0,1199858.1846583213,17.94734652641588
17061,26099,MACOMB,"Macomb County, MI",MACOMB COUNTY,MICHIGAN,MI,2011,1135559030.0196745,149,844159,0,1,1,1345195.668137963,17.650703244294025
17062,26099,MACOMB,"Macomb County, MI",MACOMB COUNTY,MICHIGAN,MI,2012,1164168354.829843,134,849761,0,1,2,1369995.0395815328,15.76913979342427
17063,26099,MACOMB,"Macomb County, MI",MACOMB COUNTY,MICHIGAN,MI,2013,1136740338.4877024,192,857146,0,1,3,1326192.198864257,22.399917866967822
17064,26099,MACOMB,"Macomb County, MI",MACOMB COUNTY,MICHIGAN,MI,2014,1142402724.3815296,191,862914,0,1,4,1323889.4309068222,22.13430307075792
17065,26099,MACOMB,"Macomb County, MI",MACOMB COUNTY,MICHIGAN,MI,2015,1164745940.0420167,187,865031,0,1,5,1346478.8430033335,21.617722370643364
17066,26099,MACOMB,,,,MI,2016,1093854434.576201,,,0,1,6,,
17067,26099,MACOMB,,,,MI,2017,1032769037.1584439,,,0,1,7,,
17068,26099,MACOMB,,,,MI,2018,914465859.641653,,,0,1,8,,
17069,26099,MACOMB,,,,MI,2019,848739813.1292539,,,0,1,9,,
17238,26125,OAKLAND,"Oakland County, MI",OAKLAND COUNTY,MICHIGAN,MI,2006,807406268.2651982,23,1202256,0,0,-4,671575.9940189096,1.9130700948882766
17239,26125,OAKLAND,"Oakland County, MI",OAKLAND COUNTY,MICHIGAN,MI,2007,935687533.290096,20,1199862,0,0,-3,779829.291443596,1.666858355377535
17240,26125,OAKLAND,"Oakland County, MI",OAKLAND COUNTY,MICHIGAN,MI,2008,979198810.3431163,16,1199545,0,0,-2,816308.5256018876,1.3338390806514138
17241,26125,OAKLAND,"Oakland County, MI",OAKLAND COUNTY,MICHIGAN,MI,2009,1135181730.529133,23,1200890,0,0,-1,945283.6900374998,1.9152461924072979
17242,26125,OAKLAND,"Oakland County, MI",OAKLAND COUNTY,MICHIGAN,MI,2010,1251389030.031033,20,1203125,0,1,0,1040115.5574283912,1.6623376623376624
17243,26125,OAKLAND,"Oakland County, MI",OAKLAND COUNTY,MICHIGAN,MI,2011,1348470275.326592,21,1212718,0,1,1,1111940.513232748,1.7316474233910935
17244,26125,OAKLAND,"Oakland County, MI",OAKLAND COUNTY,MICHIGAN,MI,2012,1345709577.0070472,23,1223723,0,1,2,1099684.795502779,1.8795103140171427
17245,26125,OAKLAND,"Oakland County, MI",OAKLAND COUNTY,MICHIGAN,MI,2013,1343771523.040336,32,1235656,0,1,3,1087496.457784639,2.5897175265607904
17246,26125,OAKLAND,"Oakland County, MI",OAKLAND COUNTY,MICHIGAN,MI,2014,1374197335.550221,41,1243076,0,1,4,1105481.3507381857,3.2982697759429027
17247,26125,OAKLAND,"Oakland County, MI",OAKLAND COUNTY,MICHIGAN,MI,2015,1413565886.697517,47,1244895,0,1,5,1135490.0507251753,3.7754188104217623
17248,26125,OAKLAND,,,,MI,2016,1369525936.6169848,,,0,1,6,,
17249,26125,OAKLAND,,,,MI,2017,1266044918.910619,,,0,1,7,,
17250,26125,OAKLAND,,,,MI,2018,1067675788.273835,,,0,1,8,,
17251,26125,OAKLAND,,,,MI,2019,978347120.690819,,,0,1,9,,
17490,26161,WASHTENAW,,WASHTENAW COUNTY,MICHIGAN,MI,2006,262493021.27682972,,344018,0,0,-4,763021.1828358682,
17491,26161,WASHTENAW,,WASHTENAW COUNTY,MICHIGAN,MI,2007,303740209.650216,,345310,0,0,-3,879616.0251664186,
17492,26161,WASHTENAW,"Washtenaw County, MI",WASHTENAW COUNTY,MICHIGAN,MI,2008,317499280.23728925,11,341595,0,0,-2,929461.1462032209,3.220187649116644
17493,26161,WASHTENAW,"Washtenaw County, MI",WASHTENAW COUNTY,MICHIGAN,MI,2009,347805774.450166,15,343520,0,0,-1,1012476.055106445,4.366557987890079
17494,26161,WASHTENAW,"Washtenaw County, MI",WASHTENAW COUNTY,MICHIGAN,MI,2010,361445479.91205496,16,345980,0,1,0,1044700.5026650527,4.624544771374068
17495,26161,WASHTENAW,"Washtenaw County, MI",WASHTENAW COUNTY,MICHIGAN,MI,2011,369014650.0809465,18,350072,0,1,1,1054110.7260247793,5.1417994012660255
17496,26161,WASHTENAW,"Washtenaw County, MI",WASHTENAW COUNTY,MICHIGAN,MI,2012,382671941.65969795,25,352685,0,1,2,1085024.715141551,7.088478387229397
17497,26161,WASHTENAW,"Washtenaw County, MI",WASHTENAW COUNTY,MICHIGAN,MI,2013,370773998.07901293,46,356474,0,1,3,1040115.1222221338,12.90416692381492
17498,26161,WASHTENAW,"Washtenaw County, MI",WASHTENAW COUNTY,MICHIGAN,MI,2014,367897216.7936895,59,360523,0,1,4,1020454.220101601,16.365114014917218
17499,26161,WASHTENAW,"Washtenaw County, MI",WASHTENAW COUNTY,MICHIGAN,MI,2015,352077631.75029,54,363555,0,1,5,968430.1735646324,14.853323431117714
17500,26161,WASHTENAW,,,,MI,2016,329657077.932494,,,0,1,6,,
17501,26161,WASHTENAW,,,,MI,2017,301376982.06695294,,,0,1,7,,
17502,26161,WASHTENAW,,,,MI,2018,300275153.27813,,,0,1,8,,
17503,26161,WASHTENAW,,,,MI,2019,290789996.102005,,,0,1,9,,
17504,26163,WAYNE,"Wayne County, MI",WAYNE COUNTY,MICHIGAN,MI,2006,1130773044.7013905,295,1932490,0,0,-4,585137.8504941245,15.265279509855162
17505,26163,WAYNE,"Wayne County, MI",WAYNE COUNTY,MICHIGAN,MI,2007,1356035756.2945497,251,1900992,0,0,-3,713330.5959701828,13.203632629700703
17506,26163,WAYNE,"Wayne County, MI",WAYNE COUNTY,MICHIGAN,MI,2008,1601754302.6590953,222,1865058,0,0,-2,858822.7833445906,11.903115077386333
17507,26163,WAYNE,"Wayne County, MI",WAYNE COUNTY,MICHIGAN,MI,2009,1715897126.0856287,271,1837536,0,0,-1,933803.2702954548,14.748010379116383
17508,26163,WAYNE,"Wayne County, MI",WAYNE COUNTY,MICHIGAN,MI,2010,1960699215.8645625,239,1814847,0,1,0,1080366.1222486317,13.169154204183602
17509,26163,WAYNE,"Wayne County, MI",WAYNE COUNTY,MICHIGAN,MI,2011,2177861391.9441476,245,1803003,0,1,1,1207907.8026737324,13.588441061939443
17510,26163,WAYNE,"Wayne County, MI",WAYNE COUNTY,MICHIGAN,MI,2012,2163175794.0591645,266,1795797,0,1,2,1204577.0173684245,14.81236464923374
17511,26163,WAYNE,"Wayne County, MI",WAYNE COUNTY,MICHIGAN,MI,2013,2134533007.975806,357,1780131,0,1,3,1199087.5997192375,20.054703839211836
17512,26163,WAYNE,"Wayne County, MI",WAYNE COUNTY,MICHIGAN,MI,2014,2227449079.8451486,424,1771626,0,1,4,1257290.8050825335,23.932816519965275
17513,26163,WAYNE,"Wayne County, MI",WAYNE COUNTY,MICHIGAN,MI,2015,2234844966.258473,539,1764866,0,1,5,1266297.2521757872,30.540562286315218
17514,26163,WAYNE,,,,MI,2016,2135336032.662176,,,0,1,6,,
17515,26163,WAYNE,,,,MI,2017,2000211084.1491728,,,0,1,7,,
17516,26163,WAYNE,,,,MI,2018,1743403413.1781278,,,0,1,8,,
17517,26163,WAYNE,,,,MI,2019,1583888238.7932856,,,0,1,9,,
17784,27037,DAKOTA,,DAKOTA COUNTY,MINNESOTA,MN,2006,110291221.35160649,,386228,0,0,-4,285559.880049107,
17785,27037,DAKOTA,,DAKOTA COUNTY,MINNESOTA,MN,2007,124979501.10016349,,390767,0,0,-3,319831.25775759853,
17786,27037,DAKOTA,"Dakota County, MN",DAKOTA COUNTY,MINNESOTA,MN,2008,156106300.38133124,13,393900,0,0,-2,396309.4703765708,3.3003300330033003
17787,27037,DAKOTA,"Dakota County, MN",DAKOTA COUNTY,MINNESOTA,MN,2009,147237569.6470365,12,396906,0,0,-1,370963.3254398686,3.023385889858052
17788,27037,DAKOTA,"Dakota County, MN",DAKOTA COUNTY,MINNESOTA,MN,2010,161385259.8758345,18,399214,0,1,0,404257.5157079523,4.508859909722605
17789,27037,DAKOTA,"Dakota County, MN",DAKOTA COUNTY,MINNESOTA,MN,2011,178891749.3651565,29,401804,0,1,1,445221.4247871014,7.217449303640581
17790,27037,DAKOTA,"Dakota County, MN",DAKOTA COUNTY,MINNESOTA,MN,2012,189316125.055657,21,404669,0,1,2,467829.5719604344,5.189426420111252
17791,27037,DAKOTA,"Dakota County, MN",DAKOTA COUNTY,MINNESOTA,MN,2013,189929259.91592652,25,407974,0,1,3,465542.55887857196,6.127841480094319
17792,27037,DAKOTA,"Dakota County, MN",DAKOTA COUNTY,MINNESOTA,MN,2014,203249553.99933797,18,411821,0,1,4,493538.58593742904,4.370831016388188
17793,27037,DAKOTA,"Dakota County, MN",DAKOTA COUNTY,MINNESOTA,MN,2015,202447230.048453,29,414245,0,1,5,488713.75646888436,7.000687998648144
17794,27037,DAKOTA,,,,MN,2016,192116696.764729,,,0,1,6,,
17795,27037,DAKOTA,,,,MN,2017,189181625.89452597,,,0,1,7,,
17796,27037,DAKOTA,,,,MN,2018,174767785.28127497,,,0,1,8,,
17797,27037,DAKOTA,,,,MN,2019,165868150.45984098,,,0,1,9,,
17896,27053,HENNEPIN,"Hennepin County, MN",HENNEPIN COUNTY,MINNESOTA,MN,2006,548729245.3844848,61,1119507,0,0,-4,490152.5808989892,5.448827028325861
17897,27053,HENNEPIN,"Hennepin County, MN",HENNEPIN COUNTY,MINNESOTA,MN,2007,585113927.6312549,80,1126585,0,0,-3,519369.53503841686,7.101106441147361
17898,27053,HENNEPIN,"Hennepin County, MN",HENNEPIN COUNTY,MINNESOTA,MN,2008,652786293.069608,78,1135173,0,0,-2,575054.4569590784,6.871199367849658
17899,27053,HENNEPIN,"Hennepin County, MN",HENNEPIN COUNTY,MINNESOTA,MN,2009,682809348.8595283,78,1146721,0,0,-1,595445.0549519267,6.802003277170297
17900,27053,HENNEPIN,"Hennepin County, MN",HENNEPIN COUNTY,MINNESOTA,MN,2010,711494959.276773,74,1154323,0,1,0,616374.23777987,6.410684011320921
17901,27053,HENNEPIN,"Hennepin County, MN",HENNEPIN COUNTY,MINNESOTA,MN,2011,743562939.0519361,94,1169581,0,1,1,635751.5546609736,8.03706626561136
17902,27053,HENNEPIN,"Hennepin County, MN",HENNEPIN COUNTY,MINNESOTA,MN,2012,748939259.4515026,103,1184545,0,1,2,632259.0188228413,8.695321832433551
17903,27053,HENNEPIN,"Hennepin County, MN",HENNEPIN COUNTY,MINNESOTA,MN,2013,730470045.6354635,109,1198531,0,1,3,609471.1322739782,9.094466476044424
17904,27053,HENNEPIN,"Hennepin County, MN",HENNEPIN COUNTY,MINNESOTA,MN,2014,734562656.777154,111,1211635,0,1,4,606257.3768314336,9.161174776232116
17905,27053,HENNEPIN,"Hennepin County, MN",HENNEPIN COUNTY,MINNESOTA,MN,2015,718744983.1649059,115,1222868,0,1,5,587753.5295427683,9.404122112934513
17906,27053,HENNEPIN,,,,MN,2016,686493808.233066,,,0,1,6,,
17907,27053,HENNEPIN,,,,MN,2017,664340077.7756739,,,0,1,7,,
17908,27053,HENNEPIN,,,,MN,2018,633859346.6169009,,,0,1,8,,
17909,27053,HENNEPIN,,,,MN,2019,626701760.856563,,,0,1,9,,
18386,27123,RAMSEY,"Ramsey County, MN",RAMSEY COUNTY,MINNESOTA,MN,2006,188364901.45189252,28,497158,0,0,-4,378883.37601304316,5.6320123582442605
18387,27123,RAMSEY,"Ramsey County, MN",RAMSEY COUNTY,MINNESOTA,MN,2007,205284941.9967765,43,499605,0,0,-3,410894.49064115953,8.606799371503488
18388,27123,RAMSEY,"Ramsey County, MN",RAMSEY COUNTY,MINNESOTA,MN,2008,223460494.5628155,38,502890,0,0,-2,444352.6309189196,7.556324444709579
18389,27123,RAMSEY,"Ramsey County, MN",RAMSEY COUNTY,MINNESOTA,MN,2009,249203766.94362774,34,506590,0,0,-1,491923.97588509,6.711541878047337
18390,27123,RAMSEY,"Ramsey County, MN",RAMSEY COUNTY,MINNESOTA,MN,2010,265416789.8235575,40,509364,0,1,0,521074.88912360807,7.8529303209492625
18391,27123,RAMSEY,"Ramsey County, MN",RAMSEY COUNTY,MINNESOTA,MN,2011,290709251.773055,49,515856,0,1,1,563547.291827671,9.498774851896654
18392,27123,RAMSEY,"Ramsey County, MN",RAMSEY COUNTY,MINNESOTA,MN,2012,298795174.50681347,59,521091,0,1,2,573403.0610906992,11.322398582973031
18393,27123,RAMSEY,"Ramsey County, MN",RAMSEY COUNTY,MINNESOTA,MN,2013,298788629.5322625,54,527261,0,1,3,566680.6942524908,10.241607097813038
18394,27123,RAMSEY,"Ramsey County, MN",RAMSEY COUNTY,MINNESOTA,MN,2014,309431285.543969,47,532966,0,1,4,580583.5373062615,8.818573792699722
18395,27123,RAMSEY,"Ramsey County, MN",RAMSEY COUNTY,MINNESOTA,MN,2015,316952952.32241493,76,536838,0,1,5,590407.0731252537,14.156971004288073
18396,27123,RAMSEY,,,,MN,2016,311072361.00633997,,,0,1,6,,
18397,27123,RAMSEY,,,,MN,2017,300268549.94747597,,,0,1,7,,
18398,27123,RAMSEY,,,,MN,2018,284457059.874684,,,0,1,8,,
18399,27123,RAMSEY,,,,MN,2019,276496755.6486185,,,0,1,9,,
20536,29095,JACKSON,"Jackson County, MO",JACKSON COUNTY,MISSOURI,MO,2006,392180479.9449002,72,660539,0,0,-4,593727.9705587409,10.900189088002373
20537,29095,JACKSON,"Jackson County, MO",JACKSON COUNTY,MISSOURI,MO,2007,427300727.08341825,74,662995,0,0,-3,644500.6781098172,11.161471805971386
20538,29095,JACKSON,"Jackson County, MO",JACKSON COUNTY,MISSOURI,MO,2008,472818402.642526,67,665427,0,0,-2,710548.8695867856,10.068722790028058
20539,29095,JACKSON,"Jackson County, MO",JACKSON COUNTY,MISSOURI,MO,2009,502308814.98087597,83,670763,0,0,-1,748861.8408899656,12.373968152685821
20540,29095,JACKSON,"Jackson County, MO",JACKSON COUNTY,MISSOURI,MO,2010,526738170.75744575,98,674854,0,1,0,780521.669512881,14.521659499684377
20541,29095,JACKSON,"Jackson County, MO",JACKSON COUNTY,MISSOURI,MO,2011,544194699.4496025,72,675644,0,1,1,805445.914489883,10.656499576700156
20542,29095,JACKSON,"Jackson County, MO",JACKSON COUNTY,MISSOURI,MO,2012,556147035.906867,87,677570,0,1,2,820796.4282758491,12.840001771034727
20543,29095,JACKSON,"Jackson County, MO",JACKSON COUNTY,MISSOURI,MO,2013,542528631.641319,105,680063,0,1,3,797762.3126700306,15.439746023530175
20544,29095,JACKSON,"Jackson County, MO",JACKSON COUNTY,MISSOURI,MO,2014,549970668.4190099,94,683334,0,1,4,804834.3393113908,13.756084140405717
20545,29095,JACKSON,"Jackson County, MO",JACKSON COUNTY,MISSOURI,MO,2015,551464757.604988,109,687182,0,1,5,802501.7500530981,15.861882296102051
20546,29095,JACKSON,,,,MO,2016,535749967.70625997,,,0,1,6,,
20547,29095,JACKSON,,,,MO,2017,476064135.778108,,,0,1,7,,
20548,29095,JACKSON,,,,MO,2018,430568215.30640894,,,0,1,8,,
20549,29095,JACKSON,,,,MO,2019,412334922.17104644,,,0,1,9,,
21132,29183,SAINT CHARLES,"St. Charles County, MO",ST. CHARLES COUNTY,MISSOURI,MO,2006,131036220.40741849,34,337952,0,0,-4,387736.1885931093,10.06060032193921
21133,29183,SAINT CHARLES,"St. Charles County, MO",ST. CHARLES COUNTY,MISSOURI,MO,2007,152289433.36938825,24,345395,0,0,-3,440913.8330589275,6.948566134425802
21134,29183,SAINT CHARLES,"St. Charles County, MO",ST. CHARLES COUNTY,MISSOURI,MO,2008,176145288.08249375,25,351179,0,0,-2,501582.63473184255,7.1188766982080365
21135,29183,SAINT CHARLES,"St. Charles County, MO",ST. CHARLES COUNTY,MISSOURI,MO,2009,192943773.470631,26,356902,0,0,-1,540607.1511805229,7.284912945290303
21136,29183,SAINT CHARLES,"St. Charles County, MO",ST. CHARLES COUNTY,MISSOURI,MO,2010,214458498.28915724,43,361808,0,1,0,592741.1729125868,11.884756555963385
21137,29183,SAINT CHARLES,"St. Charles County, MO",ST. CHARLES COUNTY,MISSOURI,MO,2011,232457494.15027598,49,365614,0,1,1,635800.308933126,13.402112610567428
21138,29183,SAINT CHARLES,"St. Charles County, MO",ST. CHARLES COUNTY,MISSOURI,MO,2012,255349552.5082735,37,369175,0,1,2,691676.1766324196,10.022347125347057
21139,29183,SAINT CHARLES,"St. Charles County, MO",ST. CHARLES COUNTY,MISSOURI,MO,2013,257783666.66433424,43,374378,0,1,3,688565.2112686489,11.485717643664959
21140,29183,SAINT CHARLES,"St. Charles County, MO",ST. CHARLES COUNTY,MISSOURI,MO,2014,262413335.448163,54,379956,0,1,4,690641.378075785,14.212171935697816
21141,29183,SAINT CHARLES,"St. Charles County, MO",ST. CHARLES COUNTY,MISSOURI,MO,2015,272164712.067212,51,385108,0,1,5,706723.0804533066,13.243038316524197
21142,29183,SAINT CHARLES,,,,MO,2016,272358197.59896,,,0,1,6,,
21143,29183,SAINT CHARLES,,,,MO,2017,246651444.33238497,,,0,1,7,,
21144,29183,SAINT CHARLES,,,,MO,2018,224296259.74895498,,,0,1,8,,
21145,29183,SAINT CHARLES,,,,MO,2019,205337247.02045497,,,0,1,9,,
21174,29189,SAINT LOUIS,"St. Louis County, MO",ST. LOUIS COUNTY,MISSOURI,MO,2006,555500330.6513163,86,1002050,0,0,-4,554363.8846877065,8.582406067561498
21175,29189,SAINT LOUIS,"St. Louis County, MO",ST. LOUIS COUNTY,MISSOURI,MO,2007,540513010.4047567,63,999389,0,0,-3,540843.4657623374,6.303851653360202
21176,29189,SAINT LOUIS,"St. Louis County, MO",ST. LOUIS COUNTY,MISSOURI,MO,2008,588947854.079439,91,998331,0,0,-2,589932.4513407267,9.11521329098265
21177,29189,SAINT LOUIS,"St. Louis County, MO",ST. LOUIS COUNTY,MISSOURI,MO,2009,653442045.4299397,97,998618,0,0,-1,654346.3520885261,9.713423951901529
21178,29189,SAINT LOUIS,"St. Louis County, MO",ST. LOUIS COUNTY,MISSOURI,MO,2010,723560037.5547652,124,998846,0,1,0,724395.9905278343,12.41432613235674
21179,29189,SAINT LOUIS,"St. Louis County, MO",ST. LOUIS COUNTY,MISSOURI,MO,2011,784333167.0578275,133,1000147,0,1,1,784217.8870284343,13.298045187357458
21180,29189,SAINT LOUIS,"St. Louis County, MO",ST. LOUIS COUNTY,MISSOURI,MO,2012,842937772.0755094,120,1000975,0,1,2,842116.7082849316,11.988311396388522
21181,29189,SAINT LOUIS,"St. Louis County, MO",ST. LOUIS COUNTY,MISSOURI,MO,2013,824628891.4912779,146,1000746,0,1,3,824014.1769152991,14.589116519076768
21182,29189,SAINT LOUIS,"St. Louis County, MO",ST. LOUIS COUNTY,MISSOURI,MO,2014,835230253.7024596,161,1000903,0,1,4,834476.721223195,16.085474816240936
21183,29189,SAINT LOUIS,"St. Louis County, MO",ST. LOUIS COUNTY,MISSOURI,MO,2015,858493091.2849059,142,1001585,0,1,5,857134.5330500216,14.177528617141832
21184,29189,SAINT LOUIS,,,,MO,2016,828910124.4776409,,,0,1,6,,
21185,29189,SAINT LOUIS,,,,MO,2017,751584007.6474539,,,0,1,7,,
21186,29189,SAINT LOUIS,,,,MO,2018,655787869.7490699,,,0,1,8,,
21187,29189,SAINT LOUIS,,,,MO,2019,569567987.1561675,,,0,1,9,,
22468,31055,DOUGLAS,"Douglas County, NE",DOUGLAS COUNTY,NEBRASKA,NE,2006,265988018.8445385,21,493757,0,0,-4,538702.2742858096,4.253104259787709
22469,31055,DOUGLAS,"Douglas County, NE",DOUGLAS COUNTY,NEBRASKA,NE,2007,265403663.57755926,21,498743,0,0,-3,532145.1400371719,4.210585411725076
22470,31055,DOUGLAS,"Douglas County, NE",DOUGLAS COUNTY,NEBRASKA,NE,2008,281596855.96772623,30,504547,0,0,-2,558118.1851596109,5.94592773319433
22471,31055,DOUGLAS,"Douglas County, NE",DOUGLAS COUNTY,NEBRASKA,NE,2009,297289763.2857545,36,511902,0,0,-1,580755.2290980589,7.032596082843981
22472,31055,DOUGLAS,"Douglas County, NE",DOUGLAS COUNTY,NEBRASKA,NE,2010,310185524.5634955,35,518599,0,1,0,598122.1031345906,6.748952466163645
22473,31055,DOUGLAS,"Douglas County, NE",DOUGLAS COUNTY,NEBRASKA,NE,2011,326412284.056493,46,524264,0,1,1,622610.5245763451,8.774205362183938
22474,31055,DOUGLAS,"Douglas County, NE",DOUGLAS COUNTY,NEBRASKA,NE,2012,336337764.44755876,52,530899,0,1,2,633524.9538001743,9.794706714459812
22475,31055,DOUGLAS,"Douglas County, NE",DOUGLAS COUNTY,NEBRASKA,NE,2013,326421300.7060855,27,536923,0,1,3,607948.0683563295,5.028654015566477
22476,31055,DOUGLAS,"Douglas County, NE",DOUGLAS COUNTY,NEBRASKA,NE,2014,333802836.7971775,36,543236,0,1,4,614471.1263560911,6.626954031028871
22477,31055,DOUGLAS,"Douglas County, NE",DOUGLAS COUNTY,NEBRASKA,NE,2015,339150182.28800994,42,549313,0,1,5,617407.8936562759,7.645914078130319
22478,31055,DOUGLAS,,,,NE,2016,342368121.29609895,,,0,1,6,,
22479,31055,DOUGLAS,,,,NE,2017,319349787.693727,,,0,1,7,,
22480,31055,DOUGLAS,,,,NE,2018,277445541.25628245,,,0,1,8,,
22481,31055,DOUGLAS,,,,NE,2019,249301158.265728,,,0,1,9,,
23212,32003,CLARK,"Clark County, NV",CLARK COUNTY,NEVADA,NV,2006,1950328539.9406028,285,1803774,0,0,-4,1081248.83712738,15.80020556899035
23213,32003,CLARK,"Clark County, NV",CLARK COUNTY,NEVADA,NV,2007,2217952830.263134,306,1867817,0,0,-3,1187457.24568474,16.382761266226833
23214,32003,CLARK,"Clark County, NV",CLARK COUNTY,NEVADA,NV,2008,2253075869.940333,289,1912349,0,0,-2,1178171.907920747,15.112304291737543
23215,32003,CLARK,"Clark County, NV",CLARK COUNTY,NEVADA,NV,2009,2341319656.821918,329,1939407,0,0,-1,1207234.8180768236,16.963948258410948
23216,32003,CLARK,"Clark County, NV",CLARK COUNTY,NEVADA,NV,2010,2529224444.1674156,320,1952640,0,1,0,1295284.5604757743,16.38806948541462
23217,32003,CLARK,"Clark County, NV",CLARK COUNTY,NEVADA,NV,2011,2690058851.0332026,379,1962162,0,1,1,1370966.7453722998,19.31542859356159
23218,32003,CLARK,"Clark County, NV",CLARK COUNTY,NEVADA,NV,2012,2671664662.935559,348,1989644,0,1,2,1342785.2736145556,17.490566151532636
23219,32003,CLARK,"Clark County, NV",CLARK COUNTY,NEVADA,NV,2013,2330846623.4357824,351,2017798,0,1,3,1155143.6880380407,17.395200114183876
23220,32003,CLARK,"Clark County, NV",CLARK COUNTY,NEVADA,NV,2014,2297121746.303917,331,2053929,0,1,4,1118403.6771981488,16.115454818545334
23221,32003,CLARK,"Clark County, NV",CLARK COUNTY,NEVADA,NV,2015,2171001277.5811157,371,2097832,0,1,5,1034878.5210546487,17.684924245602126
23222,32003,CLARK,,,,NV,2016,2134079642.0631528,,,0,1,6,,
23223,32003,CLARK,,,,NV,2017,1939092750.251286,,,0,1,7,,
23224,32003,CLARK,,,,NV,2018,1624907101.918738,,,0,1,8,,
23225,32003,CLARK,,,,NV,2019,1520231064.1971805,,,0,1,9,,
23352,32031,WASHOE,"Washoe County, NV",WASHOE COUNTY,NEVADA,NV,2006,322359712.8355396,36,400453,0,0,-4,804987.633593804,8.989819029948583
23353,32031,WASHOE,"Washoe County, NV",WASHOE COUNTY,NEVADA,NV,2007,353104815.55576545,63,408724,0,0,-3,863919.9448913337,15.413824487918497
23354,32031,WASHOE,"Washoe County, NV",WASHOE COUNTY,NEVADA,NV,2008,386804101.11992097,78,414793,0,0,-2,932523.2130723541,18.80456034696825
23355,32031,WASHOE,"Washoe County, NV",WASHOE COUNTY,NEVADA,NV,2009,424191682.1326303,70,417722,0,0,-1,1015488.0090888924,16.75755646099559
23356,32031,WASHOE,"Washoe County, NV",WASHOE COUNTY,NEVADA,NV,2010,452845063.64370596,86,421969,0,1,0,1073171.4027421589,20.38064407574964
23357,32031,WASHOE,"Washoe County, NV",WASHOE COUNTY,NEVADA,NV,2011,474570638.58853894,94,424066,0,1,1,1119096.175096657,22.16636089665288
23358,32031,WASHOE,"Washoe County, NV",WASHOE COUNTY,NEVADA,NV,2012,492437228.021201,83,427490,0,1,2,1151926.8942459496,19.415658845820957
23359,32031,WASHOE,"Washoe County, NV",WASHOE COUNTY,NEVADA,NV,2013,490387964.0020635,94,431255,0,1,3,1137118.3267488228,21.796848732188614
23360,32031,WASHOE,"Washoe County, NV",WASHOE COUNTY,NEVADA,NV,2014,493613710.9345535,69,436515,0,1,4,1130805.8392828505,15.807016940998592
23361,32031,WASHOE,"Washoe County, NV",WASHOE COUNTY,NEVADA,NV,2015,496269659.39697695,70,442617,0,1,5,1121216.897220344,15.815027439072606
23362,32031,WASHOE,,,,NV,2016,454375631.72573495,,,0,1,6,,
23363,32031,WASHOE,,,,NV,2017,385708799.746843,,,0,1,7,,
23364,32031,WASHOE,,,,NV,2018,334999983.667416,,,0,1,8,,
23365,32031,WASHOE,,,,NV,2019,305344577.4213345,,,0,1,9,,
23464,33011,HILLSBOROUGH,"Hillsborough County, NH",HILLSBOROUGH COUNTY,NEW HAMPSHIRE,NH,2006,261769444.58188924,36,398169,0,0,-4,657433.0110628633,9.041386948757939
23465,33011,HILLSBOROUGH,"Hillsborough County, NH",HILLSBOROUGH COUNTY,NEW HAMPSHIRE,NH,2007,303474514.05077195,43,398843,0,0,-3,760887.1512118101,10.781184576387199
23466,33011,HILLSBOROUGH,"Hillsborough County, NH",HILLSBOROUGH COUNTY,NEW HAMPSHIRE,NH,2008,292138115.420284,29,399556,0,0,-2,731156.8726793841,7.258056442651344
23467,33011,HILLSBOROUGH,"Hillsborough County, NH",HILLSBOROUGH COUNTY,NEW HAMPSHIRE,NH,2009,348791820.73590446,42,400148,0,0,-1,871657.038735429,10.49611643691834
23468,33011,HILLSBOROUGH,"Hillsborough County, NH",HILLSBOROUGH COUNTY,NEW HAMPSHIRE,NH,2010,376461254.6625495,44,401064,0,1,0,938656.3108694609,10.970817625117188
23469,33011,HILLSBOROUGH,"Hillsborough County, NH",HILLSBOROUGH COUNTY,NEW HAMPSHIRE,NH,2011,389704119.5727085,56,402832,0,1,1,967411.0288475307,13.901576836001112
23470,33011,HILLSBOROUGH,"Hillsborough County, NH",HILLSBOROUGH COUNTY,NEW HAMPSHIRE,NH,2012,417312897.5323795,50,404439,0,1,2,1031831.4938281904,12.362803784996007
23471,33011,HILLSBOROUGH,"Hillsborough County, NH",HILLSBOROUGH COUNTY,NEW HAMPSHIRE,NH,2013,415044018.6737005,57,405417,0,1,3,1023745.9669271405,14.05959789550019
23472,33011,HILLSBOROUGH,"Hillsborough County, NH",HILLSBOROUGH COUNTY,NEW HAMPSHIRE,NH,2014,417824861.451386,97,407455,0,1,4,1025450.3232292794,23.80630989925268
23473,33011,HILLSBOROUGH,"Hillsborough County, NH",HILLSBOROUGH COUNTY,NEW HAMPSHIRE,NH,2015,433551775.06762296,152,409229,0,1,5,1059435.6095673156,37.14301772357287
23474,33011,HILLSBOROUGH,,,,NH,2016,421640534.75186104,,,0,1,6,,
23475,33011,HILLSBOROUGH,,,,NH,2017,419273998.00281996,,,0,1,7,,
23476,33011,HILLSBOROUGH,,,,NH,2018,412958867.78248394,,,0,1,8,,
23477,33011,HILLSBOROUGH,,,,NH,2019,444915108.4204344,,,0,1,9,,
23548,34003,BERGEN,"Bergen County, NJ",BERGEN COUNTY,NEW JERSEY,NJ,2006,488936141.69677496,32,889406,0,0,-4,549733.3520313277,3.597906917650657
23549,34003,BERGEN,"Bergen County, NJ",BERGEN COUNTY,NEW JERSEY,NJ,2007,548849962.8551577,43,890817,0,0,-3,616119.7674215442,4.827029569485091
23550,34003,BERGEN,"Bergen County, NJ",BERGEN COUNTY,NEW JERSEY,NJ,2008,536187322.2268502,49,895328,0,0,-2,598872.5050784184,5.472854640980736
23551,34003,BERGEN,,BERGEN COUNTY,NEW JERSEY,NJ,2009,597556346.6797135,,900319,0,0,-1,663716.2457747904,
23552,34003,BERGEN,"Bergen County, NJ",BERGEN COUNTY,NEW JERSEY,NJ,2010,666579722.3380564,38,906293,0,1,0,735501.3470677325,4.192904502186379
23553,34003,BERGEN,"Bergen County, NJ",BERGEN COUNTY,NEW JERSEY,NJ,2011,750134082.556756,57,912024,0,1,1,822493.7968263511,6.249835530643931
23554,34003,BERGEN,"Bergen County, NJ",BERGEN COUNTY,NEW JERSEY,NJ,2012,729982035.969971,66,916299,0,1,2,796663.5737570061,7.202889013302427
23555,34003,BERGEN,"Bergen County, NJ",BERGEN COUNTY,NEW JERSEY,NJ,2013,702325075.9037545,84,920021,0,1,3,763379.3966700265,9.13022637526752
23556,34003,BERGEN,"Bergen County, NJ",BERGEN COUNTY,NEW JERSEY,NJ,2014,693897713.8760935,79,923475,0,1,4,751398.4827700733,8.554644143046644
23557,34003,BERGEN,"Bergen County, NJ",BERGEN COUNTY,NEW JERSEY,NJ,2015,717150559.8178129,82,926481,0,1,5,774058.5719705131,8.850694185849468
23558,34003,BERGEN,,,,NJ,2016,782496321.178446,,,0,1,6,,
23559,34003,BERGEN,,,,NJ,2017,708882196.537768,,,0,1,7,,
23560,34003,BERGEN,,,,NJ,2018,614227259.9840834,,,0,1,8,,
23561,34003,BERGEN,,,,NJ,2019,555077558.7350614,,,0,1,9,,
23562,34005,BURLINGTON,"Burlington County, NJ",BURLINGTON COUNTY,NEW JERSEY,NJ,2006,355181155.7649925,44,448373,0,0,-4,792155.5396176676,9.813258157828415
23563,34005,BURLINGTON,"Burlington County, NJ",BURLINGTON COUNTY,NEW JERSEY,NJ,2007,401046405.2476355,27,447560,0,0,-3,896072.9404943147,6.032710698006971
23564,34005,BURLINGTON,"Burlington County, NJ",BURLINGTON COUNTY,NEW JERSEY,NJ,2008,452788770.2513795,34,446831,0,0,-2,1013333.38611551,7.609140816102733
23565,34005,BURLINGTON,"Burlington County, NJ",BURLINGTON COUNTY,NEW JERSEY,NJ,2009,507511265.33429545,29,447391,0,0,-1,1134379.6932309668,6.482025789521917
23566,34005,BURLINGTON,"Burlington County, NJ",BURLINGTON COUNTY,NEW JERSEY,NJ,2010,567538703.8044205,46,449125,0,1,0,1263654.2250028844,10.24213748956304
23567,34005,BURLINGTON,"Burlington County, NJ",BURLINGTON COUNTY,NEW JERSEY,NJ,2011,606125185.7724315,49,450250,0,1,1,1346196.9700664775,10.88284286507496
23568,34005,BURLINGTON,"Burlington County, NJ",BURLINGTON COUNTY,NEW JERSEY,NJ,2012,624381148.9649085,69,450667,0,1,2,1385460.104611406,15.310639563136418
23569,34005,BURLINGTON,"Burlington County, NJ",BURLINGTON COUNTY,NEW JERSEY,NJ,2013,648499290.4841695,71,448992,0,1,3,1444344.8669111466,15.813199344309028
23570,34005,BURLINGTON,"Burlington County, NJ",BURLINGTON COUNTY,NEW JERSEY,NJ,2014,648605705.5460235,62,449806,0,1,4,1441967.6606048462,13.78372009266217
23571,34005,BURLINGTON,"Burlington County, NJ",BURLINGTON COUNTY,NEW JERSEY,NJ,2015,663845360.797272,82,447906,0,1,5,1482108.6585070796,18.30741271606096
23572,34005,BURLINGTON,,,,NJ,2016,667295248.905722,,,0,1,6,,
23573,34005,BURLINGTON,,,,NJ,2017,575208504.738647,,,0,1,7,,
23574,34005,BURLINGTON,,,,NJ,2018,483818784.810615,,,0,1,8,,
23575,34005,BURLINGTON,,,,NJ,2019,459833098.056308,,,0,1,9,,
23576,34007,CAMDEN,"Camden County, NJ",CAMDEN COUNTY,NEW JERSEY,NJ,2006,657410657.7949308,136,513195,0,0,-4,1281015.3212617636,26.50064790186966
23577,34007,CAMDEN,"Camden County, NJ",CAMDEN COUNTY,NEW JERSEY,NJ,2007,771060260.7723821,97,513546,0,0,-3,1501443.4165048157,18.888278752049477
23578,34007,CAMDEN,"Camden County, NJ",CAMDEN COUNTY,NEW JERSEY,NJ,2008,766056482.1703212,78,513853,0,0,-2,1490808.620695649,15.179438477541241
23579,34007,CAMDEN,"Camden County, NJ",CAMDEN COUNTY,NEW JERSEY,NJ,2009,831774411.7807373,62,513668,0,0,-1,1619284.074111561,12.070053030362024
23580,34007,CAMDEN,"Camden County, NJ",CAMDEN COUNTY,NEW JERSEY,NJ,2010,895724468.9975644,85,513283,0,1,0,1745088.9061152707,16.560065305104594
23581,34007,CAMDEN,"Camden County, NJ",CAMDEN COUNTY,NEW JERSEY,NJ,2011,908165211.1947534,118,512610,0,1,1,1771649.4239182875,23.019449484013187
23582,34007,CAMDEN,"Camden County, NJ",CAMDEN COUNTY,NEW JERSEY,NJ,2012,914743800.135271,117,511636,0,1,2,1787880.0556162407,22.867820090845836
23583,34007,CAMDEN,"Camden County, NJ",CAMDEN COUNTY,NEW JERSEY,NJ,2013,899810013.8715994,137,509983,0,1,3,1764392.1736050015,26.863640552724306
23584,34007,CAMDEN,"Camden County, NJ",CAMDEN COUNTY,NEW JERSEY,NJ,2014,898722616.3562144,123,508409,0,1,4,1767715.7885800889,24.193120106056345
23585,34007,CAMDEN,"Camden County, NJ",CAMDEN COUNTY,NEW JERSEY,NJ,2015,915622158.083303,143,507760,0,1,5,1803257.755796642,28.162911611785095
23586,34007,CAMDEN,,,,NJ,2016,913755575.854458,,,0,1,6,,
23587,34007,CAMDEN,,,,NJ,2017,856620937.0934709,,,0,1,7,,
23588,34007,CAMDEN,,,,NJ,2018,808926595.189367,,,0,1,8,,
23589,34007,CAMDEN,,,,NJ,2019,821225677.554663,,,0,1,9,,
23618,34013,ESSEX,"Essex County, NJ",ESSEX COUNTY,NEW JERSEY,NJ,2006,525429579.8100919,88,781027,0,0,-4,672741.8896018857,11.267216114167628
23619,34013,ESSEX,"Essex County, NJ",ESSEX COUNTY,NEW JERSEY,NJ,2007,463679542.01549774,63,778996,0,0,-3,595227.1154351212,8.087332925971378
23620,34013,ESSEX,"Essex County, NJ",ESSEX COUNTY,NEW JERSEY,NJ,2008,480716419.5836838,54,778165,0,0,-2,617756.4135931117,6.93940231184903
23621,34013,ESSEX,,ESSEX COUNTY,NEW JERSEY,NJ,2009,529687834.4419112,,781943,0,0,-1,677399.5475909513,
23622,34013,ESSEX,"Essex County, NJ",ESSEX COUNTY,NEW JERSEY,NJ,2010,588996707.3487515,74,784017,0,1,0,751255.0204252605,9.43857084731581
23623,34013,ESSEX,"Essex County, NJ",ESSEX COUNTY,NEW JERSEY,NJ,2011,617808826.2228869,61,785576,0,1,1,786440.556003349,7.765003004165096
23624,34013,ESSEX,"Essex County, NJ",ESSEX COUNTY,NEW JERSEY,NJ,2012,569272793.8181585,83,785092,0,1,2,725103.29212138,10.572009395077265
23625,34013,ESSEX,"Essex County, NJ",ESSEX COUNTY,NEW JERSEY,NJ,2013,556499911.0954175,102,786685,0,1,3,707398.655237379,12.965799525858507
23626,34013,ESSEX,"Essex County, NJ",ESSEX COUNTY,NEW JERSEY,NJ,2014,548875296.42438,81,788796,0,1,4,695839.350636134,10.2688147505819
23627,34013,ESSEX,"Essex County, NJ",ESSEX COUNTY,NEW JERSEY,NJ,2015,563590100.2465159,108,790546,0,1,5,712912.4684035032,13.661444115838927
23628,34013,ESSEX,,,,NJ,2016,535940666.5986709,,,0,1,6,,
23629,34013,ESSEX,,,,NJ,2017,486954368.76161003,,,0,1,7,,
23630,34013,ESSEX,,,,NJ,2018,441727838.29187196,,,0,1,8,,
23631,34013,ESSEX,,,,NJ,2019,423385979.85472095,,,0,1,9,,
23646,34017,HUDSON,"Hudson County, NJ",HUDSON COUNTY,NEW JERSEY,NJ,2006,241410560.8402601,40,613577,0,0,-4,393447.8652887251,6.5191491858397566
23647,34017,HUDSON,"Hudson County, NJ",HUDSON COUNTY,NEW JERSEY,NJ,2007,275035108.1926075,34,613637,0,0,-3,448204.896693986,5.540734994793339
23648,34017,HUDSON,"Hudson County, NJ",HUDSON COUNTY,NEW JERSEY,NJ,2008,258823631.7881447,40,619533,0,0,-2,417772.14738866966,6.4564760876337495
23649,34017,HUDSON,,HUDSON COUNTY,NEW JERSEY,NJ,2009,295238499.7441402,,628572,0,0,-1,469697.1862318719,
23650,34017,HUDSON,"Hudson County, NJ",HUDSON COUNTY,NEW JERSEY,NJ,2010,317531814.2265695,32,635648,0,1,0,499540.3340002163,5.034232782923882
23651,34017,HUDSON,"Hudson County, NJ",HUDSON COUNTY,NEW JERSEY,NJ,2011,356814832.517153,43,645658,0,1,1,552637.5147789589,6.659872564112889
23652,34017,HUDSON,"Hudson County, NJ",HUDSON COUNTY,NEW JERSEY,NJ,2012,336648216.308502,58,652373,0,1,2,516036.402960426,8.890619323607813
23653,34017,HUDSON,"Hudson County, NJ",HUDSON COUNTY,NEW JERSEY,NJ,2013,343240441.8783555,54,657101,0,1,3,522355.68333993637,8.217914749787324
23654,34017,HUDSON,"Hudson County, NJ",HUDSON COUNTY,NEW JERSEY,NJ,2014,363750249.7903905,45,660312,0,1,4,550876.3278425812,6.814960200632428
23655,34017,HUDSON,"Hudson County, NJ",HUDSON COUNTY,NEW JERSEY,NJ,2015,376170182.6454359,75,664595,0,1,5,566014.1629796131,11.285068349897305
23656,34017,HUDSON,,,,NJ,2016,358382373.538576,,,0,1,6,,
23657,34017,HUDSON,,,,NJ,2017,320794975.719829,,,0,1,7,,
23658,34017,HUDSON,,,,NJ,2018,285543744.879237,,,0,1,8,,
23659,34017,HUDSON,,,,NJ,2019,257361666.93801498,,,0,1,9,,
23674,34021,MERCER,,MERCER COUNTY,NEW JERSEY,NJ,2006,190479299.76184326,,362840,0,0,-4,524967.7537257284,
23675,34021,MERCER,"Mercer County, NJ",MERCER COUNTY,NEW JERSEY,NJ,2007,227253850.61465052,26,363088,0,0,-3,625891.9342271035,7.160798484114044
23676,34021,MERCER,"Mercer County, NJ",MERCER COUNTY,NEW JERSEY,NJ,2008,237340063.55122375,16,364119,0,0,-2,651820.0466090034,4.394167840733386
23677,34021,MERCER,,MERCER COUNTY,NEW JERSEY,NJ,2009,253283303.01178223,,365388,0,0,-1,693189.9871144707,
23678,34021,MERCER,"Mercer County, NJ",MERCER COUNTY,NEW JERSEY,NJ,2010,275794657.265513,34,367717,0,1,0,750018.7841886913,9.24624099511309
23679,34021,MERCER,"Mercer County, NJ",MERCER COUNTY,NEW JERSEY,NJ,2011,281507579.7796295,32,367407,0,1,1,766200.91555041,8.709687077273976
23680,34021,MERCER,"Mercer County, NJ",MERCER COUNTY,NEW JERSEY,NJ,2012,298101336.414886,31,368628,0,1,2,808677.952881729,8.409561943205615
23681,34021,MERCER,"Mercer County, NJ",MERCER COUNTY,NEW JERSEY,NJ,2013,306261533.60218203,40,369534,0,1,3,828777.6864975402,10.82444375889634
23682,34021,MERCER,"Mercer County, NJ",MERCER COUNTY,NEW JERSEY,NJ,2014,308048493.2155995,37,369031,0,1,4,834749.6367936555,10.026257956648628
23683,34021,MERCER,"Mercer County, NJ",MERCER COUNTY,NEW JERSEY,NJ,2015,314655579.629065,57,368266,0,1,5,854424.7354604144,15.477942574117622
23684,34021,MERCER,,,,NJ,2016,307386672.22475296,,,0,1,6,,
23685,34021,MERCER,,,,NJ,2017,285128448.82437295,,,0,1,7,,
23686,34021,MERCER,,,,NJ,2018,256365601.736646,,,0,1,8,,
23687,34021,MERCER,,,,NJ,2019,255371920.535756,,,0,1,9,,
23688,34023,MIDDLESEX,"Middlesex County, NJ",MIDDLESEX COUNTY,NEW JERSEY,NJ,2006,482122798.5324599,40,786890,0,0,-4,612694.0214419549,5.083302621713328
23689,34023,MIDDLESEX,"Middlesex County, NJ",MIDDLESEX COUNTY,NEW JERSEY,NJ,2007,591699225.1865604,38,792137,0,0,-3,746965.7713079434,4.797149987944005
23690,34023,MIDDLESEX,"Middlesex County, NJ",MIDDLESEX COUNTY,NEW JERSEY,NJ,2008,692917238.8410195,50,799191,0,0,-2,867023.3258895802,6.256326710385879
23691,34023,MIDDLESEX,"Middlesex County, NJ",MIDDLESEX COUNTY,NEW JERSEY,NJ,2009,841650249.2118497,15,805204,0,0,-1,1045263.37327168,1.862881952896409
23692,34023,MIDDLESEX,"Middlesex County, NJ",MIDDLESEX COUNTY,NEW JERSEY,NJ,2010,957455996.605034,48,810813,0,1,0,1180859.207493015,5.9199840160431565
23693,34023,MIDDLESEX,"Middlesex County, NJ",MIDDLESEX COUNTY,NEW JERSEY,NJ,2011,974945377.6858355,61,815253,0,1,1,1195880.760556337,7.48233983806254
23694,34023,MIDDLESEX,"Middlesex County, NJ",MIDDLESEX COUNTY,NEW JERSEY,NJ,2012,889395061.1057479,86,819389,0,1,2,1085436.90616514,10.495625398925297
23695,34023,MIDDLESEX,"Middlesex County, NJ",MIDDLESEX COUNTY,NEW JERSEY,NJ,2013,807026506.0755575,68,821811,0,1,3,982009.8612400631,8.274408592729959
23696,34023,MIDDLESEX,"Middlesex County, NJ",MIDDLESEX COUNTY,NEW JERSEY,NJ,2014,760187711.716053,101,824331,0,1,4,922187.4607603656,12.25235979236496
23697,34023,MIDDLESEX,"Middlesex County, NJ",MIDDLESEX COUNTY,NEW JERSEY,NJ,2015,738875465.793678,85,825471,0,1,5,895095.6069851976,10.297151565591038
23698,34023,MIDDLESEX,,,,NJ,2016,702670545.6313499,,,0,1,6,,
23699,34023,MIDDLESEX,,,,NJ,2017,612173326.72084,,,0,1,7,,
23700,34023,MIDDLESEX,,,,NJ,2018,533737128.25487393,,,0,1,8,,
23701,34023,MIDDLESEX,,,,NJ,2019,490803834.25691396,,,0,1,9,,
23702,34025,MONMOUTH,"Monmouth County, NJ",MONMOUTH COUNTY,NEW JERSEY,NJ,2006,613751165.9244273,41,626934,0,0,-4,978972.5328733602,6.539763356270357
23703,34025,MONMOUTH,"Monmouth County, NJ",MONMOUTH COUNTY,NEW JERSEY,NJ,2007,654158186.370981,45,626644,0,0,-3,1043907.2046823731,7.181110806135542
23704,34025,MONMOUTH,"Monmouth County, NJ",MONMOUTH COUNTY,NEW JERSEY,NJ,2008,568921851.0401632,38,627348,0,0,-2,906868.0398122942,6.05724414519533
23705,34025,MONMOUTH,,MONMOUTH COUNTY,NEW JERSEY,NJ,2009,658965235.7567827,,628669,0,0,-1,1048191.0763164442,
23706,34025,MONMOUTH,"Monmouth County, NJ",MONMOUTH COUNTY,NEW JERSEY,NJ,2010,730575895.7810615,66,630454,0,1,0,1158809.2006412228,10.46864640401996
23707,34025,MONMOUTH,"Monmouth County, NJ",MONMOUTH COUNTY,NEW JERSEY,NJ,2011,786979134.114314,79,629144,0,1,1,1250872.8273881876,12.556743766133032
23708,34025,MONMOUTH,"Monmouth County, NJ",MONMOUTH COUNTY,NEW JERSEY,NJ,2012,749746583.5260105,80,627682,0,1,2,1194468.8290026009,12.745307337154802
23709,34025,MONMOUTH,"Monmouth County, NJ",MONMOUTH COUNTY,NEW JERSEY,NJ,2013,723758810.1058615,72,626964,0,1,3,1154386.551868786,11.483912951939825
23710,34025,MONMOUTH,"Monmouth County, NJ",MONMOUTH COUNTY,NEW JERSEY,NJ,2014,719631935.199299,96,625581,0,1,4,1150341.73863864,15.345734605111089
23711,34025,MONMOUTH,"Monmouth County, NJ",MONMOUTH COUNTY,NEW JERSEY,NJ,2015,706655934.938658,103,624180,0,1,5,1132134.856834019,16.501650165016503
23712,34025,MONMOUTH,,,,NJ,2016,675368688.9729499,,,0,1,6,,
23713,34025,MONMOUTH,,,,NJ,2017,622743386.615209,,,0,1,7,,
23714,34025,MONMOUTH,,,,NJ,2018,562518276.9125209,,,0,1,8,,
23715,34025,MONMOUTH,,,,NJ,2019,534183863.728442,,,0,1,9,,
23716,34027,MORRIS,"Morris County, NJ",MORRIS COUNTY,NEW JERSEY,NJ,2006,240098861.90148747,23,487486,0,0,-4,492524.630248843,4.718084211649155
23717,34027,MORRIS,"Morris County, NJ",MORRIS COUNTY,NEW JERSEY,NJ,2007,269323313.5830299,18,488355,0,0,-3,551490.8490402063,3.6858432902294442
23718,34027,MORRIS,"Morris County, NJ",MORRIS COUNTY,NEW JERSEY,NJ,2008,297175006.5673605,27,489743,0,0,-2,606797.8645276411,5.513095644041875
23719,34027,MORRIS,,MORRIS COUNTY,NEW JERSEY,NJ,2009,329655027.4740045,,490779,0,0,-1,671697.5002475748,
23720,34027,MORRIS,"Morris County, NJ",MORRIS COUNTY,NEW JERSEY,NJ,2010,366733390.743004,32,492623,0,1,0,744450.4027278548,6.495839617719838
23721,34027,MORRIS,"Morris County, NJ",MORRIS COUNTY,NEW JERSEY,NJ,2011,407542922.49836445,34,494801,0,1,1,823650.1593536886,6.871449330134741
23722,34027,MORRIS,"Morris County, NJ",MORRIS COUNTY,NEW JERSEY,NJ,2012,386677468.6011355,49,495623,0,1,2,780184.6738370404,9.886546830958208
23723,34027,MORRIS,"Morris County, NJ",MORRIS COUNTY,NEW JERSEY,NJ,2013,370389170.746176,39,496050,0,1,3,746677.0905073602,7.862110674327185
23724,34027,MORRIS,"Morris County, NJ",MORRIS COUNTY,NEW JERSEY,NJ,2014,379546829.2388645,41,494931,0,1,4,766868.1679645537,8.283983019855294
23725,34027,MORRIS,"Morris County, NJ",MORRIS COUNTY,NEW JERSEY,NJ,2015,393263425.777923,44,494370,0,1,5,795484.0014117422,8.900216437081538
23726,34027,MORRIS,,,,NJ,2016,372376371.5213559,,,0,1,6,,
23727,34027,MORRIS,,,,NJ,2017,331232116.32676494,,,0,1,7,,
23728,34027,MORRIS,,,,NJ,2018,295731700.04987293,,,0,1,8,,
23729,34027,MORRIS,,,,NJ,2019,275951033.283808,,,0,1,9,,
23730,34029,OCEAN,"Ocean County, NJ",OCEAN COUNTY,NEW JERSEY,NJ,2006,463982550.53449136,29,561302,0,0,-4,826618.381075591,5.166559178481459
23731,34029,OCEAN,"Ocean County, NJ",OCEAN COUNTY,NEW JERSEY,NJ,2007,558882985.5781431,54,565356,0,0,-3,988550.5514722461,9.551503831214314
23732,34029,OCEAN,"Ocean County, NJ",OCEAN COUNTY,NEW JERSEY,NJ,2008,624332755.2418755,44,569485,0,0,-2,1096311.149972125,7.726279006470759
23733,34029,OCEAN,,OCEAN COUNTY,NEW JERSEY,NJ,2009,690507168.065816,,573123,0,0,-1,1204814.966535658,
23734,34029,OCEAN,"Ocean County, NJ",OCEAN COUNTY,NEW JERSEY,NJ,2010,781983277.858177,54,577574,0,1,0,1353910.1099740933,9.34945132571757
23735,34029,OCEAN,"Ocean County, NJ",OCEAN COUNTY,NEW JERSEY,NJ,2011,824559239.6861585,72,578922,0,1,1,1424301.0970150703,12.436908599085887
23736,34029,OCEAN,"Ocean County, NJ",OCEAN COUNTY,NEW JERSEY,NJ,2012,833226633.4829065,103,580013,0,1,2,1436565.4450553807,17.758222660526574
23737,34029,OCEAN,"Ocean County, NJ",OCEAN COUNTY,NEW JERSEY,NJ,2013,819343144.3226986,132,582166,0,1,3,1407404.6652032214,22.673945232115926
23738,34029,OCEAN,"Ocean County, NJ",OCEAN COUNTY,NEW JERSEY,NJ,2014,825741641.943467,120,584563,0,1,4,1412579.3831348666,20.52815522022434
23739,34029,OCEAN,"Ocean County, NJ",OCEAN COUNTY,NEW JERSEY,NJ,2015,850074887.0047889,139,587238,0,1,5,1447581.537647068,23.6701303389767
23740,34029,OCEAN,,,,NJ,2016,836196378.602723,,,0,1,6,,
23741,34029,OCEAN,,,,NJ,2017,786982790.4845959,,,0,1,7,,
23742,34029,OCEAN,,,,NJ,2018,707817145.1911069,,,0,1,8,,
23743,34029,OCEAN,,,,NJ,2019,701303163.703628,,,0,1,9,,
23744,34031,PASSAIC,"Passaic County, NJ",PASSAIC COUNTY,NEW JERSEY,NJ,2006,225119702.40606245,30,492730,0,0,-4,456882.47601335915,6.0885271852738825
23745,34031,PASSAIC,"Passaic County, NJ",PASSAIC COUNTY,NEW JERSEY,NJ,2007,255932901.07017615,28,492886,0,0,-3,519253.7444159018,5.680826803763954
23746,34031,PASSAIC,"Passaic County, NJ",PASSAIC COUNTY,NEW JERSEY,NJ,2008,280486695.38025725,30,494904,0,0,-2,566749.7037410431,6.061781678871054
23747,34031,PASSAIC,,PASSAIC COUNTY,NEW JERSEY,NJ,2009,326457002.76537126,,498641,0,0,-1,654693.4623614409,
23748,34031,PASSAIC,"Passaic County, NJ",PASSAIC COUNTY,NEW JERSEY,NJ,2010,360107263.0022995,35,502010,0,1,0,717330.8559636252,6.971972669867134
23749,34031,PASSAIC,"Passaic County, NJ",PASSAIC COUNTY,NEW JERSEY,NJ,2011,390667878.0818695,35,503257,0,1,1,776279.0742739186,6.954697103070599
23750,34031,PASSAIC,"Passaic County, NJ",PASSAIC COUNTY,NEW JERSEY,NJ,2012,398073277.655355,46,503531,0,1,2,790563.5952013977,9.135485203492932
23751,34031,PASSAIC,"Passaic County, NJ",PASSAIC COUNTY,NEW JERSEY,NJ,2013,402136386.9790185,58,503815,0,1,3,798182.6404116957,11.51216220239572
23752,34031,PASSAIC,"Passaic County, NJ",PASSAIC COUNTY,NEW JERSEY,NJ,2014,418600522.3163474,50,504483,0,1,4,829761.4038854579,9.911136747918166
23753,34031,PASSAIC,"Passaic County, NJ",PASSAIC COUNTY,NEW JERSEY,NJ,2015,431642726.881189,63,504556,0,1,5,855490.2268156339,12.48622551312441
23754,34031,PASSAIC,,,,NJ,2016,390762625.700595,,,0,1,6,,
23755,34031,PASSAIC,,,,NJ,2017,355366170.93955696,,,0,1,7,,
23756,34031,PASSAIC,,,,NJ,2018,313702192.48854095,,,0,1,8,,
23757,34031,PASSAIC,,,,NJ,2019,310070334.42751896,,,0,1,9,,
23800,34039,UNION,"Union County, NJ",UNION COUNTY,NEW JERSEY,NJ,2006,282549173.3353694,18,525153,0,0,-4,538032.1036638264,3.427572536003793
23801,34039,UNION,"Union County, NJ",UNION COUNTY,NEW JERSEY,NJ,2007,336896965.2279755,26,524960,0,0,-3,641757.4009981246,4.952758305394697
23802,34039,UNION,"Union County, NJ",UNION COUNTY,NEW JERSEY,NJ,2008,337933828.8225685,24,527528,0,0,-2,640598.8474973243,4.549521541984501
23803,34039,UNION,"Union County, NJ",UNION COUNTY,NEW JERSEY,NJ,2009,369005146.3097095,13,532434,0,0,-1,693053.3104754946,2.4416171769646566
23804,34039,UNION,"Union County, NJ",UNION COUNTY,NEW JERSEY,NJ,2010,373322401.640436,35,537336,0,1,0,694765.289577538,6.513615317045573
23805,34039,UNION,"Union County, NJ",UNION COUNTY,NEW JERSEY,NJ,2011,416583540.017457,28,539918,0,1,1,771568.1640868742,5.185972684741016
23806,34039,UNION,"Union County, NJ",UNION COUNTY,NEW JERSEY,NJ,2012,406077612.700674,35,542977,0,1,2,747872.585212033,6.445945224199184
23807,34039,UNION,"Union County, NJ",UNION COUNTY,NEW JERSEY,NJ,2013,408082082.74135,42,546051,0,1,3,747333.2760884056,7.691589247158232
23808,34039,UNION,"Union County, NJ",UNION COUNTY,NEW JERSEY,NJ,2014,380713454.94920695,37,548052,0,1,4,694666.664749343,6.75118419420055
23809,34039,UNION,"Union County, NJ",UNION COUNTY,NEW JERSEY,NJ,2015,389920215.12322897,61,549954,0,1,5,709005.1442906661,11.091836771802733
23810,34039,UNION,,,,NJ,2016,356727510.297749,,,0,1,6,,
23811,34039,UNION,,,,NJ,2017,304738221.476013,,,0,1,7,,
23812,34039,UNION,,,,NJ,2018,269146076.33249795,,,0,1,8,,
23813,34039,UNION,,,,NJ,2019,248106148.887895,,,0,1,9,,
23828,35001,BERNALILLO,"Bernalillo County, NM",BERNALILLO COUNTY,NEW MEXICO,NM,2006,498306580.95540977,142,628632,0,0,-4,792684.0837809875,22.58873235851818
23829,35001,BERNALILLO,"Bernalillo County, NM",BERNALILLO COUNTY,NEW MEXICO,NM,2007,572691414.6277899,157,638978,0,0,-3,896261.5530234058,24.570485994822985
23830,35001,BERNALILLO,"Bernalillo County, NM",BERNALILLO COUNTY,NEW MEXICO,NM,2008,675429764.4799025,176,646879,0,0,-2,1044136.1745858229,27.207561228606895
23831,35001,BERNALILLO,"Bernalillo County, NM",BERNALILLO COUNTY,NEW MEXICO,NM,2009,776618383.3058485,131,655279,0,0,-1,1185172.0920491095,19.9914845432251
23832,35001,BERNALILLO,"Bernalillo County, NM",BERNALILLO COUNTY,NEW MEXICO,NM,2010,869979677.441368,152,663940,0,1,0,1310328.7607936983,22.893634967015092
23833,35001,BERNALILLO,"Bernalillo County, NM",BERNALILLO COUNTY,NEW MEXICO,NM,2011,902628141.7235765,175,670356,0,1,1,1346490.732869664,26.105531985989536
23834,35001,BERNALILLO,"Bernalillo County, NM",BERNALILLO COUNTY,NEW MEXICO,NM,2012,931019399.8213165,162,673725,0,1,2,1381898.2519890408,24.045419125013915
23835,35001,BERNALILLO,"Bernalillo County, NM",BERNALILLO COUNTY,NEW MEXICO,NM,2013,866193352.0441215,124,676467,0,1,3,1280466.5298442075,18.330532014126337
23836,35001,BERNALILLO,"Bernalillo County, NM",BERNALILLO COUNTY,NEW MEXICO,NM,2014,917960151.731159,173,676120,0,1,4,1357688.208796011,25.587173874460152
23837,35001,BERNALILLO,"Bernalillo County, NM",BERNALILLO COUNTY,NEW MEXICO,NM,2015,959735997.3314459,170,676440,0,1,5,1418804.324598554,25.131571166696233
23838,35001,BERNALILLO,,,,NM,2016,937363035.928499,,,0,1,6,,
23839,35001,BERNALILLO,,,,NM,2017,825604002.467102,,,0,1,7,,
23840,35001,BERNALILLO,,,,NM,2018,803556003.3819829,,,0,1,8,,
23841,35001,BERNALILLO,,,,NM,2019,798097939.7198415,,,0,1,9,,
24299,36005,BRONX,"Bronx County, NY",BRONX COUNTY,NEW YORK,NY,2006,442005897.38442165,176,1348164,0,0,-4,327857.6622609873,13.054791553549865
24300,36005,BRONX,"Bronx County, NY",BRONX COUNTY,NEW YORK,NY,2007,535424926.3840055,157,1354056,0,0,-3,395423.030054891,11.594793716064919
24301,36005,BRONX,"Bronx County, NY",BRONX COUNTY,NEW YORK,NY,2008,602177374.3147295,120,1363488,0,0,-2,441644.7921175173,8.800957544180807
24302,36005,BRONX,"Bronx County, NY",BRONX COUNTY,NEW YORK,NY,2009,678768971.9518046,114,1376261,0,0,-1,493197.8541510692,8.28331254028124
24303,36005,BRONX,"Bronx County, NY",BRONX COUNTY,NEW YORK,NY,2010,830847767.282326,100,1386929,0,1,0,599055.731967769,7.210174421329427
24304,36005,BRONX,"Bronx County, NY",BRONX COUNTY,NEW YORK,NY,2011,922261259.789911,120,1396954,0,1,1,660194.4371753909,8.590118214343493
24305,36005,BRONX,"Bronx County, NY",BRONX COUNTY,NEW YORK,NY,2012,915982667.5545715,151,1411087,0,1,2,649132.6669118003,10.700970244924658
24306,36005,BRONX,"Bronx County, NY",BRONX COUNTY,NEW YORK,NY,2013,893741033.1425024,139,1421498,0,1,3,628731.825962824,9.778416853206968
24307,36005,BRONX,"Bronx County, NY",BRONX COUNTY,NEW YORK,NY,2014,873729969.3440244,133,1430474,0,1,4,610797.5184058042,9.297617433102594
24308,36005,BRONX,"Bronx County, NY",BRONX COUNTY,NEW YORK,NY,2015,960053185.481207,213,1439480,0,1,5,666944.4420771439,14.797010031400228
24309,36005,BRONX,,,,NY,2016,937719607.899723,,,0,1,6,,
24310,36005,BRONX,,,,NY,2017,779336561.928569,,,0,1,7,,
24311,36005,BRONX,,,,NY,2018,716332747.280128,,,0,1,8,,
24312,36005,BRONX,,,,NY,2019,633077202.647683,,,0,1,9,,
24467,36029,ERIE,"Erie County, NY",ERIE COUNTY,NEW YORK,NY,2006,756615693.1163514,15,925564,0,0,-4,817464.4790812428,1.6206334732120091
24468,36029,ERIE,"Erie County, NY",ERIE COUNTY,NEW YORK,NY,2007,885019103.1619489,15,921887,0,0,-3,960008.2256957185,1.6270974642228386
24469,36029,ERIE,"Erie County, NY",ERIE COUNTY,NEW YORK,NY,2008,1003576010.78676,54,920571,0,0,-2,1090166.875544374,5.865924518586834
24470,36029,ERIE,"Erie County, NY",ERIE COUNTY,NEW YORK,NY,2009,1140230002.9657934,66,919334,0,0,-1,1240278.2916391578,7.179110094916537
24471,36029,ERIE,"Erie County, NY",ERIE COUNTY,NEW YORK,NY,2010,1284697139.408745,63,919160,0,1,0,1397686.0823020423,6.8540841638017325
24472,36029,ERIE,"Erie County, NY",ERIE COUNTY,NEW YORK,NY,2011,1312585806.057681,93,919901,0,1,1,1426877.2466359762,10.109783552795356
24473,36029,ERIE,"Erie County, NY",ERIE COUNTY,NEW YORK,NY,2012,1355532164.753986,69,919998,0,1,2,1473407.729966789,7.50001630438327
24474,36029,ERIE,"Erie County, NY",ERIE COUNTY,NEW YORK,NY,2013,1336872904.105644,119,921015,0,1,3,1451521.3151855767,12.92052789585403
24475,36029,ERIE,"Erie County, NY",ERIE COUNTY,NEW YORK,NY,2014,1379768612.905045,128,921934,0,1,4,1496602.3738196497,13.88385719585133
24476,36029,ERIE,"Erie County, NY",ERIE COUNTY,NEW YORK,NY,2015,1369299255.614352,252,920858,0,1,5,1486981.9837742106,27.365782780841347
24477,36029,ERIE,,,,NY,2016,1261814165.111772,,,0,1,6,,
24478,36029,ERIE,,,,NY,2017,1167840877.743826,,,0,1,7,,
24479,36029,ERIE,,,,NY,2018,1170218826.813962,,,0,1,8,,
24480,36029,ERIE,,,,NY,2019,1220769426.4199584,,,0,1,9,,
24579,36047,KINGS,"Kings County, NY",KINGS COUNTY,NEW YORK,NY,2006,529302416.7697661,227,2436132,0,0,-4,217271.64897869495,9.318050089239827
24580,36047,KINGS,"Kings County, NY",KINGS COUNTY,NEW YORK,NY,2007,634296384.6339337,198,2441324,0,0,-3,259816.55226177833,8.110353234556332
24581,36047,KINGS,"Kings County, NY",KINGS COUNTY,NEW YORK,NY,2008,665537490.0374835,163,2460361,0,0,-2,270503.999225107,6.625044048414033
24582,36047,KINGS,"Kings County, NY",KINGS COUNTY,NEW YORK,NY,2009,843970899.32891,155,2487751,0,0,-1,339250.55173484405,6.2305270905327745
24583,36047,KINGS,"Kings County, NY",KINGS COUNTY,NEW YORK,NY,2010,992577601.3853514,152,2509954,0,1,0,395456.4909896163,6.055887876829615
24584,36047,KINGS,"Kings County, NY",KINGS COUNTY,NEW YORK,NY,2011,1145607458.98316,169,2540918,0,1,1,450863.6087363544,6.6511394700655435
24585,36047,KINGS,"Kings County, NY",KINGS COUNTY,NEW YORK,NY,2012,1107059198.493495,191,2568538,0,1,2,431007.5219807902,7.43613682180291
24586,36047,KINGS,"Kings County, NY",KINGS COUNTY,NEW YORK,NY,2013,1058523730.5969465,170,2587759,0,1,3,409050.35229205905,6.569390735381464
24587,36047,KINGS,"Kings County, NY",KINGS COUNTY,NEW YORK,NY,2014,1025510454.6611199,195,2601527,0,1,4,394195.583847917,7.495597777766674
24588,36047,KINGS,"Kings County, NY",KINGS COUNTY,NEW YORK,NY,2015,1123533607.094276,221,2608797,0,1,5,430671.1511452505,8.471337555202648
24589,36047,KINGS,,,,NY,2016,1123499231.6982667,,,0,1,6,,
24590,36047,KINGS,,,,NY,2017,1029926924.8428049,,,0,1,7,,
24591,36047,KINGS,,,,NY,2018,939562035.1517719,,,0,1,8,,
24592,36047,KINGS,,,,NY,2019,873313677.8514479,,,0,1,9,,
24635,36055,MONROE,"Monroe County, NY",MONROE COUNTY,NEW YORK,NY,2006,541824814.6604183,39,738329,0,0,-4,733852.8144775815,5.282198044503196
24636,36055,MONROE,"Monroe County, NY",MONROE COUNTY,NEW YORK,NY,2007,595286785.9509419,43,739249,0,0,-3,805258.8315316516,5.81671398946769
24637,36055,MONROE,"Monroe County, NY",MONROE COUNTY,NEW YORK,NY,2008,650491481.7326738,53,741018,0,0,-2,877834.926726036,7.152322885543941
24638,36055,MONROE,"Monroe County, NY",MONROE COUNTY,NEW YORK,NY,2009,733496828.9436616,38,743386,0,0,-1,986697.1249709593,5.111745445838366
24639,36055,MONROE,"Monroe County, NY",MONROE COUNTY,NEW YORK,NY,2010,797553721.5710504,46,744589,0,1,0,1071132.8284074173,6.177904857579148
24640,36055,MONROE,"Monroe County, NY",MONROE COUNTY,NEW YORK,NY,2011,771535560.4447975,54,746821,0,1,1,1033093.0175300341,7.230648307961346
24641,36055,MONROE,"Monroe County, NY",MONROE COUNTY,NEW YORK,NY,2012,776560074.4134265,60,747468,0,1,2,1038920.8292708538,8.027099487871054
24642,36055,MONROE,"Monroe County, NY",MONROE COUNTY,NEW YORK,NY,2013,749806091.1481025,74,748456,0,1,3,1001803.8350258432,9.887020746710562
24643,36055,MONROE,"Monroe County, NY",MONROE COUNTY,NEW YORK,NY,2014,741026022.0399721,97,747583,0,1,4,991229.0970233032,12.975147909997952
24644,36055,MONROE,"Monroe County, NY",MONROE COUNTY,NEW YORK,NY,2015,748606184.63428,82,745847,0,1,5,1003699.3976435917,10.994211949635783
24645,36055,MONROE,,,,NY,2016,712224653.717552,,,0,1,6,,
24646,36055,MONROE,,,,NY,2017,677962369.8458599,,,0,1,7,,
24647,36055,MONROE,,,,NY,2018,680997568.2251649,,,0,1,8,,
24648,36055,MONROE,,,,NY,2019,727561724.0348165,,,0,1,9,,
24663,36059,NASSAU,"Nassau County, NY",NASSAU COUNTY,NEW YORK,NY,2006,829198334.7322805,114,1324905,0,0,-4,625854.9365669844,8.60439050347006
24664,36059,NASSAU,"Nassau County, NY",NASSAU COUNTY,NEW YORK,NY,2007,950646492.263205,102,1322048,0,0,-3,719071.0868767283,7.715302318826548
24665,36059,NASSAU,"Nassau County, NY",NASSAU COUNTY,NEW YORK,NY,2008,1036896072.5800595,110,1325129,0,0,-2,782486.8919026447,8.301078611969098
24666,36059,NASSAU,"Nassau County, NY",NASSAU COUNTY,NEW YORK,NY,2009,1204604967.675776,106,1332088,0,0,-1,904298.3404067719,7.957432241713761
24667,36059,NASSAU,"Nassau County, NY",NASSAU COUNTY,NEW YORK,NY,2010,1371636380.984296,91,1341642,0,1,0,1022356.4713867754,6.782733396837607
24668,36059,NASSAU,"Nassau County, NY",NASSAU COUNTY,NEW YORK,NY,2011,1488377983.6465964,133,1346207,0,1,1,1105608.560679447,9.87960989654637
24669,36059,NASSAU,"Nassau County, NY",NASSAU COUNTY,NEW YORK,NY,2012,1376171101.7327874,145,1349753,0,1,2,1019572.5452973895,10.742706258107965
24670,36059,NASSAU,"Nassau County, NY",NASSAU COUNTY,NEW YORK,NY,2013,1324613258.2747474,157,1352355,0,1,3,979486.346613683,11.609377715170943
24671,36059,NASSAU,"Nassau County, NY",NASSAU COUNTY,NEW YORK,NY,2014,1451813850.933541,156,1354851,0,1,4,1071567.1693297203,11.514181264212818
24672,36059,NASSAU,"Nassau County, NY",NASSAU COUNTY,NEW YORK,NY,2015,1589308445.930276,177,1354987,0,1,5,1172932.6155382125,13.062855953599554
24673,36059,NASSAU,,,,NY,2016,1338890446.733816,,,0,1,6,,
24674,36059,NASSAU,,,,NY,2017,1170322674.6030269,,,0,1,7,,
24675,36059,NASSAU,,,,NY,2018,1058425884.2442259,,,0,1,8,,
24676,36059,NASSAU,,,,NY,2019,1006538835.7445718,,,0,1,9,,
24677,36061,NEW YORK,"New York County, NY",NEW YORK COUNTY,NEW YORK,NY,2006,1154810526.9081972,179,1578171,0,0,-4,731739.7968332944,11.342243647868324
24678,36061,NEW YORK,"New York County, NY",NEW YORK COUNTY,NEW YORK,NY,2007,1306713720.0224593,124,1581402,0,0,-3,826300.7888079433,7.841143491661197
24679,36061,NEW YORK,"New York County, NY",NEW YORK COUNTY,NEW YORK,NY,2008,1191519940.092325,112,1587022,0,0,-2,750789.8063746595,7.057243062793081
24680,36061,NEW YORK,"New York County, NY",NEW YORK COUNTY,NEW YORK,NY,2009,1369215716.2449276,102,1583431,0,0,-1,864714.4815561447,6.441707911490933
24681,36061,NEW YORK,"New York County, NY",NEW YORK COUNTY,NEW YORK,NY,2010,1486059330.1291,72,1589041,0,1,0,935192.5659118299,4.531034756183132
24682,36061,NEW YORK,"New York County, NY",NEW YORK COUNTY,NEW YORK,NY,2011,1587515569.3079767,98,1608717,0,1,1,986820.90716265,6.0918110519127975
24683,36061,NEW YORK,"New York County, NY",NEW YORK COUNTY,NEW YORK,NY,2012,1508767990.5779467,138,1624573,0,1,2,928716.6477455593,8.494539795995625
24684,36061,NEW YORK,"New York County, NY",NEW YORK COUNTY,NEW YORK,NY,2013,1431786823.982191,142,1628379,0,1,3,879271.2408979674,8.72032862128534
24685,36061,NEW YORK,"New York County, NY",NEW YORK COUNTY,NEW YORK,NY,2014,1375147866.004976,141,1631733,0,1,4,842752.9908416242,8.64111959493373
24686,36061,NEW YORK,"New York County, NY",NEW YORK COUNTY,NEW YORK,NY,2015,1429657879.948015,140,1637327,0,1,5,873165.763435169,8.550521673434812
24687,36061,NEW YORK,,,,NY,2016,1364508658.854439,,,0,1,6,,
24688,36061,NEW YORK,,,,NY,2017,1183454488.864398,,,0,1,7,,
24689,36061,NEW YORK,,,,NY,2018,1053760216.586308,,,0,1,8,,
24690,36061,NEW YORK,,,,NY,2019,935437848.0005769,,,0,1,9,,
24719,36067,ONONDAGA,"Onondaga County, NY",ONONDAGA COUNTY,NEW YORK,NY,2006,313661021.8962325,27,460925,0,0,-4,680503.3831886586,5.8577859738569185
24720,36067,ONONDAGA,"Onondaga County, NY",ONONDAGA COUNTY,NEW YORK,NY,2007,359520867.5448705,29,461287,0,0,-3,779386.5154337116,6.286758568960321
24721,36067,ONONDAGA,"Onondaga County, NY",ONONDAGA COUNTY,NEW YORK,NY,2008,406890528.4822155,45,463472,0,0,-2,877918.2528442183,9.709324403631719
24722,36067,ONONDAGA,"Onondaga County, NY",ONONDAGA COUNTY,NEW YORK,NY,2009,456036597.5635545,34,465633,0,0,-1,979390.6307404211,7.301887967562436
24723,36067,ONONDAGA,"Onondaga County, NY",ONONDAGA COUNTY,NEW YORK,NY,2010,491864838.4113635,33,467549,0,1,0,1052007.0375754489,7.05808375164956
24724,36067,ONONDAGA,"Onondaga County, NY",ONONDAGA COUNTY,NEW YORK,NY,2011,509887279.6857345,37,467679,0,1,1,1090250.5344172702,7.911409321350755
24725,36067,ONONDAGA,"Onondaga County, NY",ONONDAGA COUNTY,NEW YORK,NY,2012,582393452.5098715,46,467138,0,1,2,1246726.7756206335,9.847197187982994
24726,36067,ONONDAGA,"Onondaga County, NY",ONONDAGA COUNTY,NEW YORK,NY,2013,519992987.5063975,56,468302,0,1,3,1110379.6001434918,11.958095417059932
24727,36067,ONONDAGA,"Onondaga County, NY",ONONDAGA COUNTY,NEW YORK,NY,2014,484693040.059559,70,467472,0,1,4,1036838.655704639,14.974158880104047
24728,36067,ONONDAGA,"Onondaga County, NY",ONONDAGA COUNTY,NEW YORK,NY,2015,463569531.84788495,89,466320,0,1,5,994101.7581229305,19.08560645050609
24729,36067,ONONDAGA,,,,NY,2016,436449578.180091,,,0,1,6,,
24730,36067,ONONDAGA,,,,NY,2017,433472804.06470996,,,0,1,7,,
24731,36067,ONONDAGA,,,,NY,2018,431814777.55539495,,,0,1,8,,
24732,36067,ONONDAGA,,,,NY,2019,448515753.77615196,,,0,1,9,,
24747,36071,ORANGE,"Orange County, NY",ORANGE COUNTY,NEW YORK,NY,2006,207085985.32735297,31,366908,0,0,-4,564408.4765863732,8.448984486574291
24748,36071,ORANGE,"Orange County, NY",ORANGE COUNTY,NEW YORK,NY,2007,244356813.29206097,25,368464,0,0,-3,663176.9000283907,6.784923357505754
24749,36071,ORANGE,"Orange County, NY",ORANGE COUNTY,NEW YORK,NY,2008,269649446.084087,29,370201,0,0,-2,728386.5956172107,7.833582297184503
24750,36071,ORANGE,"Orange County, NY",ORANGE COUNTY,NEW YORK,NY,2009,327800777.383338,26,372079,0,0,-1,880997.791822,6.987763351331304
24751,36071,ORANGE,"Orange County, NY",ORANGE COUNTY,NEW YORK,NY,2010,385806359.85036546,44,373451,0,1,0,1033084.2864267747,11.782000851517335
24752,36071,ORANGE,"Orange County, NY",ORANGE COUNTY,NEW YORK,NY,2011,413514041.871903,40,374171,0,1,1,1105147.2237877948,10.690299355107692
24753,36071,ORANGE,"Orange County, NY",ORANGE COUNTY,NEW YORK,NY,2012,419650563.272532,48,373795,0,1,2,1122675.6999760082,12.841263259273132
24754,36071,ORANGE,"Orange County, NY",ORANGE COUNTY,NEW YORK,NY,2013,400850035.6295375,56,374417,0,1,3,1070597.8511380027,14.95658583878403
24755,36071,ORANGE,"Orange County, NY",ORANGE COUNTY,NEW YORK,NY,2014,435245414.44076097,65,374945,0,1,4,1160824.6927969728,17.33587592846951
24756,36071,ORANGE,"Orange County, NY",ORANGE COUNTY,NEW YORK,NY,2015,483078144.475078,67,375911,0,1,5,1285086.481840324,17.823367765242306
24757,36071,ORANGE,,,,NY,2016,479671447.746549,,,0,1,6,,
24758,36071,ORANGE,,,,NY,2017,464319698.924104,,,0,1,7,,
24759,36071,ORANGE,,,,NY,2018,444894278.44046897,,,0,1,8,,
24760,36071,ORANGE,,,,NY,2019,423230454.443092,,,0,1,9,,
24817,36081,QUEENS,"Queens County, NY",QUEENS COUNTY,NEW YORK,NY,2006,423671775.1644767,138,2173862,0,0,-4,194893.59267721535,6.3481490545398005
24818,36081,QUEENS,"Queens County, NY",QUEENS COUNTY,NEW YORK,NY,2007,513598049.9006944,132,2177351,0,0,-3,235882.0649039564,6.062412537069127
24819,36081,QUEENS,"Queens County, NY",QUEENS COUNTY,NEW YORK,NY,2008,528048581.6595987,110,2193623,0,0,-2,240719.84185960793,5.014535314409085
24820,36081,QUEENS,"Queens County, NY",QUEENS COUNTY,NEW YORK,NY,2009,651598760.7365507,104,2217166,0,0,-1,293888.12598450034,4.6906726875660185
24821,36081,QUEENS,"Queens County, NY",QUEENS COUNTY,NEW YORK,NY,2010,797274235.912148,108,2234574,0,1,0,356790.25886461936,4.833135980280805
24822,36081,QUEENS,"Queens County, NY",QUEENS COUNTY,NEW YORK,NY,2011,924545591.0834025,111,2255261,0,1,1,409950.5959990451,4.921825012714715
24823,36081,QUEENS,"Queens County, NY",QUEENS COUNTY,NEW YORK,NY,2012,948659329.0021155,111,2271920,0,1,2,417558.421512252,4.885735413218775
24824,36081,QUEENS,"Queens County, NY",QUEENS COUNTY,NEW YORK,NY,2013,921962390.482418,151,2286788,0,1,3,403169.1571244986,6.603148171146604
24825,36081,QUEENS,"Queens County, NY",QUEENS COUNTY,NEW YORK,NY,2014,893340454.328004,131,2298234,0,1,4,388707.35283178475,5.700028804725715
24826,36081,QUEENS,"Queens County, NY",QUEENS COUNTY,NEW YORK,NY,2015,977696448.665357,142,2305252,0,1,5,424116.9506263771,6.159847166383544
24827,36081,QUEENS,,,,NY,2016,886558495.1512309,,,0,1,6,,
24828,36081,QUEENS,,,,NY,2017,783115033.2685119,,,0,1,7,,
24829,36081,QUEENS,,,,NY,2018,696252328.8932705,,,0,1,8,,
24830,36081,QUEENS,,,,NY,2019,617243850.295207,,,0,1,9,,
24845,36085,RICHMOND,"Richmond County, NY",RICHMOND COUNTY,NEW YORK,NY,2006,317174983.8314116,41,457577,0,0,-4,693161.9898539734,8.960240571532223
24846,36085,RICHMOND,"Richmond County, NY",RICHMOND COUNTY,NEW YORK,NY,2007,421526411.97637177,46,459642,0,0,-3,917075.4891336557,10.007788670312982
24847,36085,RICHMOND,"Richmond County, NY",RICHMOND COUNTY,NEW YORK,NY,2008,496528278.4244783,49,463701,0,0,-2,1070794.064331279,10.56715426535634
24848,36085,RICHMOND,"Richmond County, NY",RICHMOND COUNTY,NEW YORK,NY,2009,567783778.7340788,53,466965,0,0,-1,1215902.2169414812,11.349887036501665
24849,36085,RICHMOND,"Richmond County, NY",RICHMOND COUNTY,NEW YORK,NY,2010,634845336.3171247,57,469607,0,1,0,1351865.1474895491,12.137808848675594
24850,36085,RICHMOND,"Richmond County, NY",RICHMOND COUNTY,NEW YORK,NY,2011,644872782.310557,70,471014,0,1,1,1369115.9547498736,14.861554009010348
24851,36085,RICHMOND,"Richmond County, NY",RICHMOND COUNTY,NEW YORK,NY,2012,622993228.152232,77,470597,0,1,2,1323835.9533788613,16.36219525411339
24852,36085,RICHMOND,"Richmond County, NY",RICHMOND COUNTY,NEW YORK,NY,2013,535983789.123913,67,471783,0,1,3,1136081.1837728638,14.20144430808232
24853,36085,RICHMOND,"Richmond County, NY",RICHMOND COUNTY,NEW YORK,NY,2014,552547065.470345,74,471899,0,1,4,1170901.115430092,15.681321638740494
24854,36085,RICHMOND,"Richmond County, NY",RICHMOND COUNTY,NEW YORK,NY,2015,564165695.201633,74,472301,0,1,5,1194504.5536673286,15.667974448497885
24855,36085,RICHMOND,,,,NY,2016,572938126.6783819,,,0,1,6,,
24856,36085,RICHMOND,,,,NY,2017,536438187.479561,,,0,1,7,,
24857,36085,RICHMOND,,,,NY,2018,486764403.437449,,,0,1,8,,
24858,36085,RICHMOND,,,,NY,2019,455793159.603572,,,0,1,9,,
24971,36103,SUFFOLK,"Suffolk County, NY",SUFFOLK COUNTY,NEW YORK,NY,2006,973263647.01467,141,1475626,0,0,-4,659559.8390206394,9.555266713923446
24972,36103,SUFFOLK,"Suffolk County, NY",SUFFOLK COUNTY,NEW YORK,NY,2007,1159624584.4746366,158,1475255,0,0,-3,786050.2655301195,10.710012845236925
24973,36103,SUFFOLK,"Suffolk County, NY",SUFFOLK COUNTY,NEW YORK,NY,2008,1273850341.28989,167,1480218,0,0,-2,860582.9285212652,11.282121957711635
24974,36103,SUFFOLK,"Suffolk County, NY",SUFFOLK COUNTY,NEW YORK,NY,2009,1502611724.6704884,141,1487206,0,0,-1,1010358.8370881293,9.480865461812284
24975,36103,SUFFOLK,"Suffolk County, NY",SUFFOLK COUNTY,NEW YORK,NY,2010,1722576861.1476665,169,1494337,0,1,0,1152736.5387778436,11.309363282847176
24976,36103,SUFFOLK,"Suffolk County, NY",SUFFOLK COUNTY,NEW YORK,NY,2011,1879848720.5329726,245,1498910,0,1,1,1254143.8248680525,16.345210853220006
24977,36103,SUFFOLK,"Suffolk County, NY",SUFFOLK COUNTY,NEW YORK,NY,2012,1811607664.8896065,262,1497017,0,1,2,1210145.0183195025,17.501471259177418
24978,36103,SUFFOLK,"Suffolk County, NY",SUFFOLK COUNTY,NEW YORK,NY,2013,1761178506.7729375,241,1497389,0,1,3,1176166.3180195244,16.09468214338425
24979,36103,SUFFOLK,"Suffolk County, NY",SUFFOLK COUNTY,NEW YORK,NY,2014,1685377378.7842855,236,1495553,0,1,4,1126925.8787781415,15.780116117583262
24980,36103,SUFFOLK,"Suffolk County, NY",SUFFOLK COUNTY,NEW YORK,NY,2015,1711019387.296433,252,1491997,0,1,5,1146798.1418839535,16.890114390310437
24981,36103,SUFFOLK,,,,NY,2016,1678405263.104404,,,0,1,6,,
24982,36103,SUFFOLK,,,,NY,2017,1583264368.840282,,,0,1,7,,
24983,36103,SUFFOLK,,,,NY,2018,1481845318.173433,,,0,1,8,,
24984,36103,SUFFOLK,,,,NY,2019,1444215505.4509385,,,0,1,9,,
25083,36119,WESTCHESTER,"Westchester County, NY",WESTCHESTER COUNTY,NEW YORK,NY,2006,325971366.1775335,49,931426,0,0,-4,349970.22434152954,5.2607507198639505
25084,36119,WESTCHESTER,"Westchester County, NY",WESTCHESTER COUNTY,NEW YORK,NY,2007,374166922.8733535,55,933414,0,0,-3,400858.48602372955,5.89234787564789
25085,36119,WESTCHESTER,"Westchester County, NY",WESTCHESTER COUNTY,NEW YORK,NY,2008,392502468.2775005,55,937449,0,0,-2,418692.07634495373,5.866985830695857
25086,36119,WESTCHESTER,"Westchester County, NY",WESTCHESTER COUNTY,NEW YORK,NY,2009,449857223.49630624,51,944201,0,0,-1,476442.22310324415,5.401392288294547
25087,36119,WESTCHESTER,"Westchester County, NY",WESTCHESTER COUNTY,NEW YORK,NY,2010,500524363.6456395,35,950760,0,1,0,526446.5939307917,3.6812655139046657
25088,36119,WESTCHESTER,"Westchester County, NY",WESTCHESTER COUNTY,NEW YORK,NY,2011,541373621.6324075,69,956423,0,1,1,566039.9442844929,7.214381084520134
25089,36119,WESTCHESTER,"Westchester County, NY",WESTCHESTER COUNTY,NEW YORK,NY,2012,536546417.6741125,76,959731,0,1,2,559059.1714492004,7.918885604403734
25090,36119,WESTCHESTER,"Westchester County, NY",WESTCHESTER COUNTY,NEW YORK,NY,2013,525141927.59699047,92,964713,0,1,3,544350.4208992628,9.536515004980757
25091,36119,WESTCHESTER,"Westchester County, NY",WESTCHESTER COUNTY,NEW YORK,NY,2014,521075698.9934905,80,967180,0,1,4,538757.7276137746,8.271469633367108
25092,36119,WESTCHESTER,"Westchester County, NY",WESTCHESTER COUNTY,NEW YORK,NY,2015,541060513.539178,101,968891,0,1,5,558432.7994987858,10.424289213131303
25093,36119,WESTCHESTER,,,,NY,2016,522551507.44919497,,,0,1,6,,
25094,36119,WESTCHESTER,,,,NY,2017,479598654.828758,,,0,1,7,,
25095,36119,WESTCHESTER,,,,NY,2018,441002237.19151795,,,0,1,8,,
25096,36119,WESTCHESTER,,,,NY,2019,430588237.4393224,,,0,1,9,,
25576,37067,FORSYTH,"Forsyth County, NC",FORSYTH COUNTY,NORTH CAROLINA,NC,2006,249309666.6809625,36,332110,0,0,-4,750684.0103609121,10.83978199993978
25577,37067,FORSYTH,"Forsyth County, NC",FORSYTH COUNTY,NORTH CAROLINA,NC,2007,290341279.5616257,28,338638,0,0,-3,857379.5013011703,8.268416421075012
25578,37067,FORSYTH,"Forsyth County, NC",FORSYTH COUNTY,NORTH CAROLINA,NC,2008,296308254.526269,31,344330,0,0,-2,860535.6911284786,9.002991316469664
25579,37067,FORSYTH,"Forsyth County, NC",FORSYTH COUNTY,NORTH CAROLINA,NC,2009,334208171.8438085,33,348532,0,0,-1,958902.4016268477,9.468284117383769
25580,37067,FORSYTH,"Forsyth County, NC",FORSYTH COUNTY,NORTH CAROLINA,NC,2010,342512339.492463,18,351378,0,1,0,974768.8799311938,5.122688386865427
25581,37067,FORSYTH,"Forsyth County, NC",FORSYTH COUNTY,NORTH CAROLINA,NC,2011,380692828.6704078,43,354545,0,1,1,1073750.3805452278,12.128220677205995
25582,37067,FORSYTH,"Forsyth County, NC",FORSYTH COUNTY,NORTH CAROLINA,NC,2012,419484210.62072104,39,357644,0,1,2,1172909.962478669,10.904698527026875
25583,37067,FORSYTH,"Forsyth County, NC",FORSYTH COUNTY,NORTH CAROLINA,NC,2013,442301928.202309,32,360677,0,1,3,1226310.3225387507,8.87220421596054
25584,37067,FORSYTH,"Forsyth County, NC",FORSYTH COUNTY,NORTH CAROLINA,NC,2014,451457662.883465,48,364555,0,1,4,1238380.1151635966,13.166737529316563
25585,37067,FORSYTH,"Forsyth County, NC",FORSYTH COUNTY,NORTH CAROLINA,NC,2015,470356496.414386,58,367516,0,1,5,1279825.9025848834,15.781625833977296
25586,37067,FORSYTH,,,,NC,2016,448641642.882309,,,0,1,6,,
25587,37067,FORSYTH,,,,NC,2017,408889459.770692,,,0,1,7,,
25588,37067,FORSYTH,,,,NC,2018,361934883.39108896,,,0,1,8,,
25589,37067,FORSYTH,,,,NC,2019,373336759.538428,,,0,1,9,,
25674,37081,GUILFORD,"Guilford County, NC",GUILFORD COUNTY,NORTH CAROLINA,NC,2006,275506556.83943003,38,458792,0,0,-4,600504.2739180936,8.282620446738392
25675,37081,GUILFORD,"Guilford County, NC",GUILFORD COUNTY,NORTH CAROLINA,NC,2007,294423984.60012376,41,468466,0,0,-3,628485.2787611561,8.75196919306844
25676,37081,GUILFORD,"Guilford County, NC",GUILFORD COUNTY,NORTH CAROLINA,NC,2008,293153246.52205145,28,477809,0,0,-2,613536.4685932066,5.860082166723523
25677,37081,GUILFORD,"Guilford County, NC",GUILFORD COUNTY,NORTH CAROLINA,NC,2009,319932323.308291,38,484180,0,0,-1,660771.4554675762,7.848320872402826
25678,37081,GUILFORD,"Guilford County, NC",GUILFORD COUNTY,NORTH CAROLINA,NC,2010,320600506.33136374,26,489626,0,1,0,654786.5234512949,5.310175521724744
25679,37081,GUILFORD,"Guilford County, NC",GUILFORD COUNTY,NORTH CAROLINA,NC,2011,361789896.8491185,43,495022,0,1,1,730856.1980055805,8.686482620974422
25680,37081,GUILFORD,"Guilford County, NC",GUILFORD COUNTY,NORTH CAROLINA,NC,2012,387779611.187119,46,500618,0,1,2,774601.814531477,9.188642837452909
25681,37081,GUILFORD,"Guilford County, NC",GUILFORD COUNTY,NORTH CAROLINA,NC,2013,385963227.049768,30,506537,0,1,3,761964.5298364542,5.922568341503188
25682,37081,GUILFORD,"Guilford County, NC",GUILFORD COUNTY,NORTH CAROLINA,NC,2014,393753658.051575,47,512414,0,1,4,768428.7666839216,9.172270859110018
25683,37081,GUILFORD,"Guilford County, NC",GUILFORD COUNTY,NORTH CAROLINA,NC,2015,412065846.91951394,55,517281,0,1,5,796599.6178469999,10.632518882386941
25684,37081,GUILFORD,,,,NC,2016,401488523.8285,,,0,1,6,,
25685,37081,GUILFORD,,,,NC,2017,401071584.393469,,,0,1,7,,
25686,37081,GUILFORD,,,,NC,2018,377314051.81254894,,,0,1,8,,
25687,37081,GUILFORD,,,,NC,2019,388262042.67326796,,,0,1,9,,
25928,37119,MECKLENBURG,"Mecklenburg County, NC",MECKLENBURG COUNTY,NORTH CAROLINA,NC,2006,317433940.1396931,48,831507,0,0,-4,381757.3876584239,5.772651342682623
25929,37119,MECKLENBURG,"Mecklenburg County, NC",MECKLENBURG COUNTY,NORTH CAROLINA,NC,2007,369876682.1588755,50,862177,0,0,-3,429003.18862469716,5.79927323507818
25930,37119,MECKLENBURG,"Mecklenburg County, NC",MECKLENBURG COUNTY,NORTH CAROLINA,NC,2008,390590400.51011324,53,887991,0,0,-2,439858.512653972,5.968528960316039
25931,37119,MECKLENBURG,"Mecklenburg County, NC",MECKLENBURG COUNTY,NORTH CAROLINA,NC,2009,451724014.88857377,37,908704,0,0,-1,497107.9855360753,4.07173292953481
25932,37119,MECKLENBURG,"Mecklenburg County, NC",MECKLENBURG COUNTY,NORTH CAROLINA,NC,2010,515037818.36268973,43,923292,0,1,0,557827.6627141681,4.657248194504014
25933,37119,MECKLENBURG,"Mecklenburg County, NC",MECKLENBURG COUNTY,NORTH CAROLINA,NC,2011,567430580.7086197,59,944015,0,1,1,601082.1657586158,6.2499006901373395
25934,37119,MECKLENBURG,"Mecklenburg County, NC",MECKLENBURG COUNTY,NORTH CAROLINA,NC,2012,623942146.0375878,71,967418,0,1,2,644956.1058793487,7.339123315877935
25935,37119,MECKLENBURG,"Mecklenburg County, NC",MECKLENBURG COUNTY,NORTH CAROLINA,NC,2013,615864120.6317685,59,991182,0,1,3,621343.1243018623,5.952489048429047
25936,37119,MECKLENBURG,"Mecklenburg County, NC",MECKLENBURG COUNTY,NORTH CAROLINA,NC,2014,623031167.8880005,87,1010878,0,1,4,616326.7653346898,8.606379800529837
25937,37119,MECKLENBURG,"Mecklenburg County, NC",MECKLENBURG COUNTY,NORTH CAROLINA,NC,2015,616890884.222816,98,1034049,0,1,5,596577.9999040819,9.477307168228972
25938,37119,MECKLENBURG,,,,NC,2016,595656564.2417209,,,0,1,6,,
25939,37119,MECKLENBURG,,,,NC,2017,590653738.617944,,,0,1,7,,
25940,37119,MECKLENBURG,,,,NC,2018,573064101.7277035,,,0,1,8,,
25941,37119,MECKLENBURG,,,,NC,2019,577371622.0748014,,,0,1,9,,
26376,37183,WAKE,"Wake County, NC",WAKE COUNTY,NORTH CAROLINA,NC,2006,321283221.32696027,42,784038,0,0,-4,409780.1654090239,5.3568832122932815
26377,37183,WAKE,"Wake County, NC",WAKE COUNTY,NORTH CAROLINA,NC,2007,374863932.2569095,42,821607,0,0,-3,456256.9844912586,5.111933077493254
26378,37183,WAKE,"Wake County, NC",WAKE COUNTY,NORTH CAROLINA,NC,2008,413980313.30032474,51,856492,0,0,-2,483344.051433434,5.954521466633664
26379,37183,WAKE,"Wake County, NC",WAKE COUNTY,NORTH CAROLINA,NC,2009,474370550.4750563,38,883624,0,0,-1,536846.611765928,4.30047169384263
26380,37183,WAKE,"Wake County, NC",WAKE COUNTY,NORTH CAROLINA,NC,2010,483079133.3643845,39,906875,0,1,0,532685.4675279222,4.300482425913163
26381,37183,WAKE,"Wake County, NC",WAKE COUNTY,NORTH CAROLINA,NC,2011,559178387.133341,48,928905,0,1,1,601975.8609689268,5.1673744893180675
26382,37183,WAKE,"Wake County, NC",WAKE COUNTY,NORTH CAROLINA,NC,2012,592262682.0257398,34,952266,0,1,2,621950.8855989187,3.5704309510157874
26383,37183,WAKE,"Wake County, NC",WAKE COUNTY,NORTH CAROLINA,NC,2013,631804465.6603819,49,974508,0,1,3,648331.738333992,5.0281783217787845
26384,37183,WAKE,"Wake County, NC",WAKE COUNTY,NORTH CAROLINA,NC,2014,649669344.195926,60,998221,0,1,4,650827.1657237485,6.010693022887717
26385,37183,WAKE,"Wake County, NC",WAKE COUNTY,NORTH CAROLINA,NC,2015,669784484.770942,75,1022871,0,1,5,654808.3627074596,7.332302900365735
26386,37183,WAKE,,,,NC,2016,669277817.652578,,,0,1,6,,
26387,37183,WAKE,,,,NC,2017,650138829.022782,,,0,1,7,,
26388,37183,WAKE,,,,NC,2018,645014186.1763788,,,0,1,8,,
26389,37183,WAKE,,,,NC,2019,655502279.5254779,,,0,1,9,,
27254,39017,BUTLER,"Butler County, OH",BUTLER COUNTY,OHIO,OH,2006,311917785.43642676,46,356691,0,0,-4,874476.1864931461,12.896316419533994
27255,39017,BUTLER,"Butler County, OH",BUTLER COUNTY,OHIO,OH,2007,345626763.87792003,45,361192,0,0,-3,956905.9222738046,12.458747702053202
27256,39017,BUTLER,"Butler County, OH",BUTLER COUNTY,OHIO,OH,2008,350344226.354367,55,364179,0,0,-2,962011.0614680336,15.102463349067353
27257,39017,BUTLER,"Butler County, OH",BUTLER COUNTY,OHIO,OH,2009,389929416.46121997,56,366633,0,0,-1,1063541.5155242982,15.274129715546607
27258,39017,BUTLER,"Butler County, OH",BUTLER COUNTY,OHIO,OH,2010,480499215.80652475,61,369111,0,1,0,1301774.3058497978,16.526194017517767
27259,39017,BUTLER,"Butler County, OH",BUTLER COUNTY,OHIO,OH,2011,602434088.7172003,80,370164,0,1,1,1627478.8707632301,21.61204222993052
27260,39017,BUTLER,"Butler County, OH",BUTLER COUNTY,OHIO,OH,2012,649556431.4423405,90,370628,0,1,2,1752583.2679731173,24.28310866960942
27261,39017,BUTLER,"Butler County, OH",BUTLER COUNTY,OHIO,OH,2013,562573983.479014,120,371497,0,1,3,1514343.2745863735,32.30174133303903
27262,39017,BUTLER,"Butler County, OH",BUTLER COUNTY,OHIO,OH,2014,546379330.0640506,151,373877,0,1,4,1461387.9165181345,40.38761410838324
27263,39017,BUTLER,"Butler County, OH",BUTLER COUNTY,OHIO,OH,2015,460527190.115106,194,376173,0,1,5,1224243.074636154,51.57201606707552
27264,39017,BUTLER,,,,OH,2016,439492532.713335,,,0,1,6,,
27265,39017,BUTLER,,,,OH,2017,397296066.9644579,,,0,1,7,,
27266,39017,BUTLER,,,,OH,2018,347799800.0654249,,,0,1,8,,
27267,39017,BUTLER,,,,OH,2019,340428946.86904746,,,0,1,9,,
27380,39035,CUYAHOGA,"Cuyahoga County, OH",CUYAHOGA COUNTY,OHIO,OH,2006,642067934.2582519,168,1312816,0,0,-4,489076.8655000029,12.796918989409027
27381,39035,CUYAHOGA,"Cuyahoga County, OH",CUYAHOGA COUNTY,OHIO,OH,2007,733759535.2366,137,1301540,0,0,-3,563762.5699068796,10.525992286061127
27382,39035,CUYAHOGA,"Cuyahoga County, OH",CUYAHOGA COUNTY,OHIO,OH,2008,784659797.902684,144,1291479,0,0,-2,607566.8267952355,11.150007084900336
27383,39035,CUYAHOGA,"Cuyahoga County, OH",CUYAHOGA COUNTY,OHIO,OH,2009,887509968.2508078,116,1285082,0,0,-1,690625.1649706461,9.02666133367365
27384,39035,CUYAHOGA,"Cuyahoga County, OH",CUYAHOGA COUNTY,OHIO,OH,2010,961418264.885606,164,1278103,0,1,0,752222.8371935643,12.831516708747259
27385,39035,CUYAHOGA,"Cuyahoga County, OH",CUYAHOGA COUNTY,OHIO,OH,2011,989824622.18029,211,1270424,0,1,1,779129.3475094063,16.608628300472912
27386,39035,CUYAHOGA,"Cuyahoga County, OH",CUYAHOGA COUNTY,OHIO,OH,2012,950411729.6440318,229,1266271,0,1,2,750559.500805145,18.08459642525178
27387,39035,CUYAHOGA,"Cuyahoga County, OH",CUYAHOGA COUNTY,OHIO,OH,2013,934016041.073581,255,1265698,0,1,3,737945.4191075446,20.146986089888742
27388,39035,CUYAHOGA,"Cuyahoga County, OH",CUYAHOGA COUNTY,OHIO,OH,2014,925950289.1012515,255,1263498,0,1,4,732846.6599086437,20.182065978735228
27389,39035,CUYAHOGA,"Cuyahoga County, OH",CUYAHOGA COUNTY,OHIO,OH,2015,902494061.745871,277,1259109,0,1,5,716771.9885616504,21.999683903458717
27390,39035,CUYAHOGA,,,,OH,2016,890351725.5994079,,,0,1,6,,
27391,39035,CUYAHOGA,,,,OH,2017,847148566.341497,,,0,1,7,,
27392,39035,CUYAHOGA,,,,OH,2018,787860983.333362,,,0,1,8,,
27393,39035,CUYAHOGA,,,,OH,2019,792360901.4491994,,,0,1,9,,
27478,39049,FRANKLIN,"Franklin County, OH",FRANKLIN COUNTY,OHIO,OH,2006,915688416.8372496,158,1115924,0,0,-4,820565.214868799,14.158670303712439
27479,39049,FRANKLIN,"Franklin County, OH",FRANKLIN COUNTY,OHIO,OH,2007,1036957460.3924438,197,1127174,0,0,-3,919962.1889721053,17.477337128074282
27480,39049,FRANKLIN,"Franklin County, OH",FRANKLIN COUNTY,OHIO,OH,2008,1181749939.3150578,181,1141183,0,0,-2,1035548.1454903006,15.860733992707567
27481,39049,FRANKLIN,"Franklin County, OH",FRANKLIN COUNTY,OHIO,OH,2009,1345289072.341209,105,1155408,0,0,-1,1164341.143856723,9.087698890781438
27482,39049,FRANKLIN,"Franklin County, OH",FRANKLIN COUNTY,OHIO,OH,2010,1440628785.5918453,196,1166218,0,1,0,1235299.7343479907,16.806463285594972
27483,39049,FRANKLIN,"Franklin County, OH",FRANKLIN COUNTY,OHIO,OH,2011,1575366148.6570048,206,1180917,0,1,1,1334019.366862366,17.44407100583699
27484,39049,FRANKLIN,"Franklin County, OH",FRANKLIN COUNTY,OHIO,OH,2012,1602801383.754618,190,1199257,0,1,2,1336495.3331559608,15.843142879299434
27485,39049,FRANKLIN,"Franklin County, OH",FRANKLIN COUNTY,OHIO,OH,2013,1550932172.2361321,198,1219186,0,1,3,1272104.6437837477,16.240343967204346
27486,39049,FRANKLIN,"Franklin County, OH",FRANKLIN COUNTY,OHIO,OH,2014,1538794315.5525124,196,1238758,0,1,4,1242207.3686325436,15.822299432173192
27487,39049,FRANKLIN,"Franklin County, OH",FRANKLIN COUNTY,OHIO,OH,2015,1589750375.4674919,282,1257891,0,1,5,1263822.0445710255,22.418476640662824
27488,39049,FRANKLIN,,,,OH,2016,1608875984.872772,,,0,1,6,,
27489,39049,FRANKLIN,,,,OH,2017,1553884486.6535017,,,0,1,7,,
27490,39049,FRANKLIN,,,,OH,2018,1479509915.089446,,,0,1,8,,
27491,39049,FRANKLIN,,,,OH,2019,1456662819.7132673,,,0,1,9,,
27562,39061,HAMILTON,"Hamilton County, OH",HAMILTON COUNTY,OHIO,OH,2006,718999539.6762567,100,804913,0,0,-4,893263.669087537,12.423702934354395
27563,39061,HAMILTON,"Hamilton County, OH",HAMILTON COUNTY,OHIO,OH,2007,783535792.0846599,97,801815,0,0,-3,977202.7114542131,12.097553675099617
27564,39061,HAMILTON,"Hamilton County, OH",HAMILTON COUNTY,OHIO,OH,2008,798743498.4747517,113,799840,0,0,-2,998629.0989132223,14.127825565113023
27565,39061,HAMILTON,"Hamilton County, OH",HAMILTON COUNTY,OHIO,OH,2009,869502434.7845252,67,802149,0,0,-1,1083966.2391706842,8.352562927835102
27566,39061,HAMILTON,"Hamilton County, OH",HAMILTON COUNTY,OHIO,OH,2010,967898941.764255,114,802295,0,1,0,1206412.7805411415,14.209237250637234
27567,39061,HAMILTON,"Hamilton County, OH",HAMILTON COUNTY,OHIO,OH,2011,1043603741.7826005,154,800746,0,1,1,1303289.359900144,19.232066098363276
27568,39061,HAMILTON,"Hamilton County, OH",HAMILTON COUNTY,OHIO,OH,2012,1000418650.0363233,158,802564,0,1,2,1246528.189697424,19.686903474364662
27569,39061,HAMILTON,"Hamilton County, OH",HAMILTON COUNTY,OHIO,OH,2013,944591279.9991219,212,805408,0,1,3,1172810.898326217,26.322062855099524
27570,39061,HAMILTON,"Hamilton County, OH",HAMILTON COUNTY,OHIO,OH,2014,931551021.4860505,248,807922,0,1,4,1153020.9865383669,30.69603253779449
27571,39061,HAMILTON,"Hamilton County, OH",HAMILTON COUNTY,OHIO,OH,2015,987994649.6226519,336,809902,0,1,5,1219894.0731380486,41.486500835903605
27572,39061,HAMILTON,,,,OH,2016,1022051850.6035069,,,0,1,6,,
27573,39061,HAMILTON,,,,OH,2017,988369263.588231,,,0,1,7,,
27574,39061,HAMILTON,,,,OH,2018,864501116.861845,,,0,1,8,,
27575,39061,HAMILTON,,,,OH,2019,722821997.5977759,,,0,1,9,,
27800,39095,LUCAS,"Lucas County, OH",LUCAS COUNTY,OHIO,OH,2006,444094810.69058526,44,446769,0,0,-4,994014.3803410381,9.848489935514774
27801,39095,LUCAS,"Lucas County, OH",LUCAS COUNTY,OHIO,OH,2007,474496226.41070074,74,445482,0,0,-3,1065129.9635242294,16.61122110433194
27802,39095,LUCAS,"Lucas County, OH",LUCAS COUNTY,OHIO,OH,2008,521305272.02270406,73,443909,0,0,-2,1174351.662216139,16.44481188712101
27803,39095,LUCAS,"Lucas County, OH",LUCAS COUNTY,OHIO,OH,2009,580797207.8096783,28,442603,0,0,-1,1312230.6170759762,6.326211074032485
27804,39095,LUCAS,"Lucas County, OH",LUCAS COUNTY,OHIO,OH,2010,632934218.0682015,54,441447,0,1,0,1433771.7054781243,12.232499031593827
27805,39095,LUCAS,"Lucas County, OH",LUCAS COUNTY,OHIO,OH,2011,605274058.8494682,57,439409,0,1,1,1377473.0577877744,12.971969167677495
27806,39095,LUCAS,"Lucas County, OH",LUCAS COUNTY,OHIO,OH,2012,631790907.761377,90,436846,0,1,2,1446255.4487425247,20.60222595605774
27807,39095,LUCAS,"Lucas County, OH",LUCAS COUNTY,OHIO,OH,2013,628820133.990433,72,436269,0,1,3,1441358.7350704107,16.50357921374198
27808,39095,LUCAS,"Lucas County, OH",LUCAS COUNTY,OHIO,OH,2014,631975474.6564815,116,434736,0,1,4,1453699.4282886202,26.68286040263516
27809,39095,LUCAS,"Lucas County, OH",LUCAS COUNTY,OHIO,OH,2015,646219353.422133,119,433826,0,1,5,1489581.8909473682,27.430352261044753
27810,39095,LUCAS,,,,OH,2016,649040645.3764819,,,0,1,6,,
27811,39095,LUCAS,,,,OH,2017,604676773.903981,,,0,1,7,,
27812,39095,LUCAS,,,,OH,2018,579498703.5097355,,,0,1,8,,
27813,39095,LUCAS,,,,OH,2019,532076491.30785197,,,0,1,9,,
27926,39113,MONTGOMERY,"Montgomery County, OH",MONTGOMERY COUNTY,OHIO,OH,2006,485908049.2124915,124,543620,0,0,-4,893837.6976794295,22.810051138663038
27927,39113,MONTGOMERY,"Montgomery County, OH",MONTGOMERY COUNTY,OHIO,OH,2007,545735818.6668582,131,540667,0,0,-3,1009375.1212240773,24.22933154788437
27928,39113,MONTGOMERY,"Montgomery County, OH",MONTGOMERY COUNTY,OHIO,OH,2008,501441579.29184973,145,537664,0,0,-2,932630.0055273363,26.968515652898464
27929,39113,MONTGOMERY,"Montgomery County, OH",MONTGOMERY COUNTY,OHIO,OH,2009,537391571.3429725,92,535294,0,0,-1,1003918.5407327048,17.186816964135595
27930,39113,MONTGOMERY,"Montgomery County, OH",MONTGOMERY COUNTY,OHIO,OH,2010,578728141.158343,114,535620,0,1,0,1080482.6951165807,21.283745939285314
27931,39113,MONTGOMERY,"Montgomery County, OH",MONTGOMERY COUNTY,OHIO,OH,2011,597392684.1073915,119,534638,0,1,1,1117377.897020772,22.25805124214889
27932,39113,MONTGOMERY,"Montgomery County, OH",MONTGOMERY COUNTY,OHIO,OH,2012,607253467.7763696,150,534464,0,1,2,1136191.5260454766,28.065501137588313
27933,39113,MONTGOMERY,"Montgomery County, OH",MONTGOMERY COUNTY,OHIO,OH,2013,592917041.6822,199,534448,0,1,3,1109400.8054706913,37.23467951980361
27934,39113,MONTGOMERY,"Montgomery County, OH",MONTGOMERY COUNTY,OHIO,OH,2014,591948062.528254,251,532708,0,1,4,1111205.5056959048,47.11774555666519
27935,39113,MONTGOMERY,"Montgomery County, OH",MONTGOMERY COUNTY,OHIO,OH,2015,589144258.984432,240,532059,0,1,5,1107291.2195535307,45.107779400404844
27936,39113,MONTGOMERY,,,,OH,2016,581775964.484986,,,0,1,6,,
27937,39113,MONTGOMERY,,,,OH,2017,565895785.147296,,,0,1,7,,
27938,39113,MONTGOMERY,,,,OH,2018,516612189.52712995,,,0,1,8,,
27939,39113,MONTGOMERY,,,,OH,2019,475648421.820301,,,0,1,9,,
28192,39151,STARK,"Stark County, OH",STARK COUNTY,OHIO,OH,2006,187736477.84098598,25,376180,0,0,-4,499060.2313812164,6.6457546919028125
28193,39151,STARK,"Stark County, OH",STARK COUNTY,OHIO,OH,2007,213106379.2416765,25,376877,0,0,-3,565453.3952501122,6.633463968350417
28194,39151,STARK,"Stark County, OH",STARK COUNTY,OHIO,OH,2008,233961684.7556615,30,377141,0,0,-2,620356.0067870147,7.954584624848532
28195,39151,STARK,"Stark County, OH",STARK COUNTY,OHIO,OH,2009,263196658.67834726,16,376210,0,0,-1,699600.3792518732,4.252943834560485
28196,39151,STARK,"Stark County, OH",STARK COUNTY,OHIO,OH,2010,294839983.111237,39,375348,0,1,0,785511.0007545984,10.390357748009848
28197,39151,STARK,"Stark County, OH",STARK COUNTY,OHIO,OH,2011,322380855.65100026,40,374512,0,1,1,860802.4726871243,10.680565642756441
28198,39151,STARK,"Stark County, OH",STARK COUNTY,OHIO,OH,2012,344175365.448986,36,374914,0,1,2,918011.5051691481,9.602202105016083
28199,39151,STARK,"Stark County, OH",STARK COUNTY,OHIO,OH,2013,341923208.0500635,42,375152,0,1,3,911425.7902132028,11.195462106026358
28200,39151,STARK,"Stark County, OH",STARK COUNTY,OHIO,OH,2014,370126713.819793,59,375608,0,1,4,985406.8971368901,15.707865647164065
28201,39151,STARK,"Stark County, OH",STARK COUNTY,OHIO,OH,2015,373038926.89542997,60,374798,0,1,5,995306.6102151824,16.00862331175727
28202,39151,STARK,,,,OH,2016,358208186.233526,,,0,1,6,,
28203,39151,STARK,,,,OH,2017,341049701.351407,,,0,1,7,,
28204,39151,STARK,,,,OH,2018,319954462.17079896,,,0,1,8,,
28205,39151,STARK,,,,OH,2019,318530591.8712325,,,0,1,9,,
28206,39153,SUMMIT,"Summit County, OH",SUMMIT COUNTY,OHIO,OH,2006,414713920.6315588,53,544660,0,0,-4,761417.9866918055,9.730841258766938
28207,39153,SUMMIT,"Summit County, OH",SUMMIT COUNTY,OHIO,OH,2007,459588215.09287924,66,544275,0,0,-3,844404.418892801,12.126222957144826
28208,39153,SUMMIT,"Summit County, OH",SUMMIT COUNTY,OHIO,OH,2008,451691634.958491,47,543116,0,0,-2,831666.9642553176,8.653768255768565
28209,39153,SUMMIT,"Summit County, OH",SUMMIT COUNTY,OHIO,OH,2009,515456807.40982574,38,542135,0,0,-1,950790.4994324766,7.009324245805933
28210,39153,SUMMIT,"Summit County, OH",SUMMIT COUNTY,OHIO,OH,2010,588669005.6442658,68,541659,0,1,0,1086788.9311250541,12.554023841568219
28211,39153,SUMMIT,"Summit County, OH",SUMMIT COUNTY,OHIO,OH,2011,599999944.866951,56,541368,0,1,1,1108303.3073010428,10.34416515198534
28212,39153,SUMMIT,"Summit County, OH",SUMMIT COUNTY,OHIO,OH,2012,594054245.6382277,92,540806,0,1,2,1098460.9002825925,17.01164558085524
28213,39153,SUMMIT,"Summit County, OH",SUMMIT COUNTY,OHIO,OH,2013,588161985.869893,76,542032,0,1,3,1085105.6503488594,14.021312394840157
28214,39153,SUMMIT,"Summit County, OH",SUMMIT COUNTY,OHIO,OH,2014,554681620.6754266,118,542572,0,1,4,1022318.9192870746,21.748265667966646
28215,39153,SUMMIT,"Summit County, OH",SUMMIT COUNTY,OHIO,OH,2015,515806239.42266697,173,541940,0,1,5,951777.3912659463,31.92235302801048
28216,39153,SUMMIT,,,,OH,2016,451492809.90663797,,,0,1,6,,
28217,39153,SUMMIT,,,,OH,2017,409944218.05223393,,,0,1,7,,
28218,39153,SUMMIT,,,,OH,2018,384596804.379102,,,0,1,8,,
28219,39153,SUMMIT,,,,OH,2019,391621325.07249546,,,0,1,9,,
29130,40109,OKLAHOMA,"Oklahoma County, OK",OKLAHOMA COUNTY,OKLAHOMA,OK,2006,665980627.8770639,75,690153,0,0,-4,964975.3429704194,10.86715554377073
29131,40109,OKLAHOMA,"Oklahoma County, OK",OKLAHOMA COUNTY,OKLAHOMA,OK,2007,780770634.2232995,120,695706,0,0,-3,1122270.9509811609,17.24866538451587
29132,40109,OKLAHOMA,"Oklahoma County, OK",OKLAHOMA COUNTY,OKLAHOMA,OK,2008,916589819.0845063,87,701484,0,0,-2,1306643.9421063152,12.402278597943786
29133,40109,OKLAHOMA,"Oklahoma County, OK",OKLAHOMA COUNTY,OKLAHOMA,OK,2009,941634641.4777173,97,711595,0,0,-1,1323273.268471135,13.631349292785925
29134,40109,OKLAHOMA,"Oklahoma County, OK",OKLAHOMA COUNTY,OKLAHOMA,OK,2010,1030385745.3083942,121,720779,0,1,0,1429544.6250631528,16.787392529471585
29135,40109,OKLAHOMA,"Oklahoma County, OK",OKLAHOMA COUNTY,OKLAHOMA,OK,2011,1149317220.9648128,116,730890,0,1,1,1572490.0066560123,15.871061308815282
29136,40109,OKLAHOMA,"Oklahoma County, OK",OKLAHOMA COUNTY,OKLAHOMA,OK,2012,1178177839.435221,142,743477,0,1,2,1584686.331164543,19.099447595554402
29137,40109,OKLAHOMA,"Oklahoma County, OK",OKLAHOMA COUNTY,OKLAHOMA,OK,2013,1199609955.966534,141,756286,0,1,3,1586185.5911209963,18.643740595489007
29138,40109,OKLAHOMA,"Oklahoma County, OK",OKLAHOMA COUNTY,OKLAHOMA,OK,2014,1221375293.892746,125,766928,0,1,4,1592555.3557736136,16.29879206392256
29139,40109,OKLAHOMA,"Oklahoma County, OK",OKLAHOMA COUNTY,OKLAHOMA,OK,2015,1182003786.8183959,124,777406,0,1,5,1520445.9276342038,15.950481473001238
29140,40109,OKLAHOMA,,,,OK,2016,1149132889.1393468,,,0,1,6,,
29141,40109,OKLAHOMA,,,,OK,2017,1097317469.6829588,,,0,1,7,,
29142,40109,OKLAHOMA,,,,OK,2018,1011584823.3182694,,,0,1,8,,
29143,40109,OKLAHOMA,,,,OK,2019,952030993.312979,,,0,1,9,,
29368,40143,TULSA,"Tulsa County, OK",TULSA COUNTY,OKLAHOMA,OK,2006,727053352.8215392,102,575014,0,0,-4,1264409.8279720827,17.738698536035642
29369,40143,TULSA,"Tulsa County, OK",TULSA COUNTY,OKLAHOMA,OK,2007,834999985.8883986,125,582094,0,0,-3,1434476.1943747895,21.4741948894852
29370,40143,TULSA,"Tulsa County, OK",TULSA COUNTY,OKLAHOMA,OK,2008,852171114.072753,104,588510,0,0,-2,1448014.6710722893,17.671747294013695
29371,40143,TULSA,"Tulsa County, OK",TULSA COUNTY,OKLAHOMA,OK,2009,926341220.7886368,133,597748,0,0,-1,1549718.6452964072,22.250179005199517
29372,40143,TULSA,"Tulsa County, OK",TULSA COUNTY,OKLAHOMA,OK,2010,1004996646.160194,124,605024,0,1,0,1661085.5869522435,20.495054741630085
29373,40143,TULSA,"Tulsa County, OK",TULSA COUNTY,OKLAHOMA,OK,2011,1054679311.4326797,104,609323,0,1,1,1730903.4968853623,17.0681231465085
29374,40143,TULSA,"Tulsa County, OK",TULSA COUNTY,OKLAHOMA,OK,2012,1119081754.8963547,108,615376,0,1,2,1818533.3111729329,17.55024570343985
29375,40143,TULSA,"Tulsa County, OK",TULSA COUNTY,OKLAHOMA,OK,2013,1101743731.1525066,106,623978,0,1,3,1765677.20520997,16.98777841526464
29376,40143,TULSA,"Tulsa County, OK",TULSA COUNTY,OKLAHOMA,OK,2014,1113091231.3863294,105,631241,0,1,4,1763337.98246047,16.63390052293815
29377,40143,TULSA,"Tulsa County, OK",TULSA COUNTY,OKLAHOMA,OK,2015,1107860621.865365,101,640851,0,1,5,1728733.5462773172,15.760293734425005
29378,40143,TULSA,,,,OK,2016,1050869165.8804759,,,0,1,6,,
29379,40143,TULSA,,,,OK,2017,992342235.340888,,,0,1,7,,
29380,40143,TULSA,,,,OK,2018,890125029.9519349,,,0,1,8,,
29381,40143,TULSA,,,,OK,2019,815162377.0138425,,,0,1,9,,
29480,41005,CLACKAMAS,"Clackamas County, OR",CLACKAMAS COUNTY,OREGON,OR,2006,356810007.1956115,23,363508,0,0,-4,981574.0154153731,6.32723351343024
29481,41005,CLACKAMAS,"Clackamas County, OR",CLACKAMAS COUNTY,OREGON,OR,2007,428307881.6814347,32,366808,0,0,-3,1167662.3238354526,8.723910056487316
29482,41005,CLACKAMAS,"Clackamas County, OR",CLACKAMAS COUNTY,OREGON,OR,2008,456562237.0020725,25,371103,0,0,-2,1230284.4143056576,6.736674184795057
29483,41005,CLACKAMAS,"Clackamas County, OR",CLACKAMAS COUNTY,OREGON,OR,2009,498460704.0490865,32,374085,0,0,-1,1332479.7948302832,8.554205594985097
29484,41005,CLACKAMAS,"Clackamas County, OR",CLACKAMAS COUNTY,OREGON,OR,2010,520270372.6112485,32,376799,0,1,0,1380763.6766850455,8.49259154084804
29485,41005,CLACKAMAS,"Clackamas County, OR",CLACKAMAS COUNTY,OREGON,OR,2011,501158740.7152905,34,379640,0,1,1,1320089.4023687982,8.955852913286272
29486,41005,CLACKAMAS,"Clackamas County, OR",CLACKAMAS COUNTY,OREGON,OR,2012,480688966.1801665,22,383159,0,1,2,1254541.7598964567,5.74174167904186
29487,41005,CLACKAMAS,"Clackamas County, OR",CLACKAMAS COUNTY,OREGON,OR,2013,461952993.4500144,38,387571,0,1,3,1191918.3670863258,9.804655147056925
29488,41005,CLACKAMAS,"Clackamas County, OR",CLACKAMAS COUNTY,OREGON,OR,2014,442954585.3548105,34,393544,0,1,4,1125552.8869829306,8.639440570812921
29489,41005,CLACKAMAS,"Clackamas County, OR",CLACKAMAS COUNTY,OREGON,OR,2015,426271536.78992695,26,399852,0,1,5,1066073.2890917812,6.502405890179366
29490,41005,CLACKAMAS,,,,OR,2016,419918988.30658793,,,0,1,6,,
29491,41005,CLACKAMAS,,,,OR,2017,384338787.20412594,,,0,1,7,,
29492,41005,CLACKAMAS,,,,OR,2018,351454775.698433,,,0,1,8,,
29493,41005,CLACKAMAS,,,,OR,2019,338730118.398817,,,0,1,9,,
29718,41039,LANE,"Lane County, OR",LANE COUNTY,OREGON,OR,2006,375541171.9567095,29,339926,0,0,-4,1104773.309357653,8.531268570218224
29719,41039,LANE,"Lane County, OR",LANE COUNTY,OREGON,OR,2007,410955208.264378,35,344844,0,0,-3,1191713.378409884,10.14951688299637
29720,41039,LANE,"Lane County, OR",LANE COUNTY,OREGON,OR,2008,423371232.8300335,39,348176,0,0,-2,1215969.0295426263,11.201231561049584
29721,41039,LANE,"Lane County, OR",LANE COUNTY,OREGON,OR,2009,458724352.627907,59,350850,0,0,-1,1307465.7335838876,16.81630326350292
29722,41039,LANE,"Lane County, OR",LANE COUNTY,OREGON,OR,2010,491019567.380335,29,351948,0,1,0,1395148.0542021405,8.239853614738541
29723,41039,LANE,"Lane County, OR",LANE COUNTY,OREGON,OR,2011,522940451.3588815,38,354119,0,1,1,1476736.4963723535,10.73085601167969
29724,41039,LANE,"Lane County, OR",LANE COUNTY,OREGON,OR,2012,533516070.4031095,34,355217,0,1,2,1501944.0803877898,9.57161397117818
29725,41039,LANE,"Lane County, OR",LANE COUNTY,OREGON,OR,2013,512725466.4864055,41,355654,0,1,3,1441641.2200802057,11.528058168894487
29726,41039,LANE,"Lane County, OR",LANE COUNTY,OREGON,OR,2014,551867662.5122011,48,358273,0,1,4,1540355.1551811078,13.397604619940662
29727,41039,LANE,"Lane County, OR",LANE COUNTY,OREGON,OR,2015,490232373.132633,52,362257,0,1,5,1353272.3263667312,14.354450017528992
29728,41039,LANE,,,,OR,2016,460514347.023487,,,0,1,6,,
29729,41039,LANE,,,,OR,2017,407757584.77314496,,,0,1,7,,
29730,41039,LANE,,,,OR,2018,390778958.793613,,,0,1,8,,
29731,41039,LANE,,,,OR,2019,367210973.89872044,,,0,1,9,,
29802,41051,MULTNOMAH,"Multnomah County, OR",MULTNOMAH COUNTY,OREGON,OR,2006,869156140.929666,86,683767,0,0,-4,1271129.1140544456,12.577383816416996
29803,41051,MULTNOMAH,"Multnomah County, OR",MULTNOMAH COUNTY,OREGON,OR,2007,973775178.5397915,129,697799,0,0,-3,1395495.2336414806,18.486698891801222
29804,41051,MULTNOMAH,"Multnomah County, OR",MULTNOMAH COUNTY,OREGON,OR,2008,983202919.5054435,108,712989,0,0,-2,1378987.5012173308,15.147498769265725
29805,41051,MULTNOMAH,"Multnomah County, OR",MULTNOMAH COUNTY,OREGON,OR,2009,1088459680.638784,102,727721,0,0,-1,1495710.1425392202,14.016360665694682
29806,41051,MULTNOMAH,"Multnomah County, OR",MULTNOMAH COUNTY,OREGON,OR,2010,1101886867.074983,87,737320,0,1,0,1494448.6343446304,11.79949004502794
29807,41051,MULTNOMAH,"Multnomah County, OR",MULTNOMAH COUNTY,OREGON,OR,2011,1094887969.5674691,123,749926,0,1,1,1459994.6788982768,16.401618293004912
29808,41051,MULTNOMAH,"Multnomah County, OR",MULTNOMAH COUNTY,OREGON,OR,2012,1030378583.2397469,101,760505,0,1,2,1354861.024240139,13.280649042412607
29809,41051,MULTNOMAH,"Multnomah County, OR",MULTNOMAH COUNTY,OREGON,OR,2013,998272605.716349,101,766977,0,1,3,1301567.8510781275,13.168582630248364
29810,41051,MULTNOMAH,"Multnomah County, OR",MULTNOMAH COUNTY,OREGON,OR,2014,935778460.9273216,96,779002,0,1,4,1201252.963313729,12.323460016790714
29811,41051,MULTNOMAH,"Multnomah County, OR",MULTNOMAH COUNTY,OREGON,OR,2015,874206273.9869609,91,790723,0,1,5,1105578.40607515,11.508454920370344
29812,41051,MULTNOMAH,,,,OR,2016,760840362.2207059,,,0,1,6,,
29813,41051,MULTNOMAH,,,,OR,2017,714939929.5384969,,,0,1,7,,
29814,41051,MULTNOMAH,,,,OR,2018,660082383.556463,,,0,1,8,,
29815,41051,MULTNOMAH,,,,OR,2019,693236941.0893879,,,0,1,9,,
29900,41067,WASHINGTON,"Washington County, OR",WASHINGTON COUNTY,OREGON,OR,2006,390131798.4863012,13,502226,0,0,-4,776805.2599552815,2.5884761043832856
29901,41067,WASHINGTON,"Washington County, OR",WASHINGTON COUNTY,OREGON,OR,2007,464873208.37210274,27,508842,0,0,-3,913590.4826490398,5.306165764618487
29902,41067,WASHINGTON,"Washington County, OR",WASHINGTON COUNTY,OREGON,OR,2008,453028963.358419,21,515815,0,0,-2,878277.9937737735,4.071227087230887
29903,41067,WASHINGTON,"Washington County, OR",WASHINGTON COUNTY,OREGON,OR,2009,466531974.5261925,32,524699,0,0,-1,889142.1072389932,6.098734703134559
29904,41067,WASHINGTON,"Washington County, OR",WASHINGTON COUNTY,OREGON,OR,2010,499542289.60018945,17,531652,0,1,0,939603.8942770637,3.197580372123118
29905,41067,WASHINGTON,"Washington County, OR",WASHINGTON COUNTY,OREGON,OR,2011,495044591.7808525,31,541041,0,1,1,914985.355603092,5.729695161734508
29906,41067,WASHINGTON,"Washington County, OR",WASHINGTON COUNTY,OREGON,OR,2012,464692034.99137604,27,548651,0,1,2,846972.0003998462,4.9211611753191
29907,41067,WASHINGTON,"Washington County, OR",WASHINGTON COUNTY,OREGON,OR,2013,443050422.71902597,32,555443,0,1,3,797652.3652634491,5.761167212477248
29908,41067,WASHINGTON,"Washington County, OR",WASHINGTON COUNTY,OREGON,OR,2014,416716288.2113255,31,562552,0,1,4,740760.4776293134,5.510601686599639
29909,41067,WASHINGTON,"Washington County, OR",WASHINGTON COUNTY,OREGON,OR,2015,400992689.65424895,29,572955,0,1,5,699867.6853404699,5.061479522824655
29910,41067,WASHINGTON,,,,OR,2016,379279429.355316,,,0,1,6,,
29911,41067,WASHINGTON,,,,OR,2017,341285453.407982,,,0,1,7,,
29912,41067,WASHINGTON,,,,OR,2018,324850838.754312,,,0,1,8,,
29913,41067,WASHINGTON,,,,OR,2019,321370178.11856997,,,0,1,9,,
29942,42003,ALLEGHENY,"Allegheny County, PA",ALLEGHENY COUNTY,PENNSYLVANIA,PA,2006,1230282330.1580343,124,1226025,0,0,-4,1003472.4660247827,10.113986256397707
29943,42003,ALLEGHENY,"Allegheny County, PA",ALLEGHENY COUNTY,PENNSYLVANIA,PA,2007,1260986265.232906,195,1222482,0,0,-3,1031496.7952353541,15.95115510903228
29944,42003,ALLEGHENY,"Allegheny County, PA",ALLEGHENY COUNTY,PENNSYLVANIA,PA,2008,1404546263.7380004,211,1221071,0,0,-2,1150257.653926758,17.279912470282234
29945,42003,ALLEGHENY,"Allegheny County, PA",ALLEGHENY COUNTY,PENNSYLVANIA,PA,2009,1540801874.549138,195,1222171,0,0,-1,1260708.9143410686,15.95521412306461
29946,42003,ALLEGHENY,"Allegheny County, PA",ALLEGHENY COUNTY,PENNSYLVANIA,PA,2010,1682579486.2348442,213,1223973,0,1,0,1374686.7669751246,17.40234465956357
29947,42003,ALLEGHENY,"Allegheny County, PA",ALLEGHENY COUNTY,PENNSYLVANIA,PA,2011,1872397946.5725555,229,1228437,0,1,1,1524211.617341838,18.64157461880422
29948,42003,ALLEGHENY,"Allegheny County, PA",ALLEGHENY COUNTY,PENNSYLVANIA,PA,2012,1880030307.2620034,258,1231129,0,1,2,1527078.2405921747,20.956374189869624
29949,42003,ALLEGHENY,"Allegheny County, PA",ALLEGHENY COUNTY,PENNSYLVANIA,PA,2013,1866193391.539216,249,1233999,0,1,3,1512313.5363474493,20.17829836166804
29950,42003,ALLEGHENY,"Allegheny County, PA",ALLEGHENY COUNTY,PENNSYLVANIA,PA,2014,1933277706.501818,289,1233417,0,1,4,1567416.1346096396,23.430842934709023
29951,42003,ALLEGHENY,"Allegheny County, PA",ALLEGHENY COUNTY,PENNSYLVANIA,PA,2015,2007962337.1416469,398,1229342,0,1,5,1633363.4880624325,32.375042909133505
29952,42003,ALLEGHENY,,,,PA,2016,1985742242.1011488,,,0,1,6,,
29953,42003,ALLEGHENY,,,,PA,2017,1960588183.118223,,,0,1,7,,
29954,42003,ALLEGHENY,,,,PA,2018,1867610120.1054626,,,0,1,8,,
29955,42003,ALLEGHENY,,,,PA,2019,1859552222.271298,,,0,1,9,,
29998,42011,BERKS,"Berks County, PA",BERKS COUNTY,PENNSYLVANIA,PA,2006,143649403.140184,10,401834,0,0,-4,357484.44168533274,2.4885898156950383
29999,42011,BERKS,,BERKS COUNTY,PENNSYLVANIA,PA,2007,170877998.283148,,405223,0,0,-3,421688.7942766032,
30000,42011,BERKS,"Berks County, PA",BERKS COUNTY,PENNSYLVANIA,PA,2008,204875233.6732305,15,407737,0,0,-2,502469.07607901783,3.678841998641281
30001,42011,BERKS,"Berks County, PA",BERKS COUNTY,PENNSYLVANIA,PA,2009,231858881.79166773,12,409904,0,0,-1,565641.9107685402,2.9275147351575
30002,42011,BERKS,"Berks County, PA",BERKS COUNTY,PENNSYLVANIA,PA,2010,259723771.24830398,15,412041,0,1,0,630334.7755400651,3.6404144247781165
30003,42011,BERKS,"Berks County, PA",BERKS COUNTY,PENNSYLVANIA,PA,2011,273216787.5080505,20,413027,0,1,1,661498.6127009869,4.8422984453800835
30004,42011,BERKS,"Berks County, PA",BERKS COUNTY,PENNSYLVANIA,PA,2012,287548694.61236954,40,413552,0,1,2,695314.4818846711,9.672302394862074
30005,42011,BERKS,"Berks County, PA",BERKS COUNTY,PENNSYLVANIA,PA,2013,297640570.559927,43,413975,0,1,3,718981.9930187257,10.387100670330334
30006,42011,BERKS,"Berks County, PA",BERKS COUNTY,PENNSYLVANIA,PA,2014,300181049.97797,58,414632,0,1,4,723969.8093199994,13.988307704181059
30007,42011,BERKS,"Berks County, PA",BERKS COUNTY,PENNSYLVANIA,PA,2015,303674185.11362296,42,415218,0,1,5,731360.8396399553,10.115168417554152
30008,42011,BERKS,,,,PA,2016,291099155.763162,,,0,1,6,,
30009,42011,BERKS,,,,PA,2017,279228088.20984197,,,0,1,7,,
30010,42011,BERKS,,,,PA,2018,271374155.350472,,,0,1,8,,
30011,42011,BERKS,,,,PA,2019,260758100.78647348,,,0,1,9,,
30040,42017,BUCKS,"Bucks County, PA",BUCKS COUNTY,PENNSYLVANIA,PA,2006,513038596.4574717,90,619544,0,0,-4,828090.6545095615,14.52681326911406
30041,42017,BUCKS,"Bucks County, PA",BUCKS COUNTY,PENNSYLVANIA,PA,2007,611131944.5995796,67,621336,0,0,-3,983577.2345390894,10.78321552268016
30042,42017,BUCKS,"Bucks County, PA",BUCKS COUNTY,PENNSYLVANIA,PA,2008,693759272.4034911,72,623297,0,0,-2,1113047.6681317112,11.55147546033432
30043,42017,BUCKS,"Bucks County, PA",BUCKS COUNTY,PENNSYLVANIA,PA,2009,871920679.6392733,77,624648,0,0,-1,1395859.2353441832,12.326942534035169
30044,42017,BUCKS,"Bucks County, PA",BUCKS COUNTY,PENNSYLVANIA,PA,2010,1025602799.1955732,81,625572,0,1,0,1639464.0412223905,12.948149853254302
30045,42017,BUCKS,"Bucks County, PA",BUCKS COUNTY,PENNSYLVANIA,PA,2011,1001031694.9682795,106,626164,0,1,1,1598673.3427157733,16.92847241297807
30046,42017,BUCKS,"Bucks County, PA",BUCKS COUNTY,PENNSYLVANIA,PA,2012,1031754554.1326425,95,625603,0,1,2,1649216.122896857,15.185349175115848
30047,42017,BUCKS,"Bucks County, PA",BUCKS COUNTY,PENNSYLVANIA,PA,2013,987353823.049708,115,625325,0,1,3,1578945.0654455011,18.390436972774157
30048,42017,BUCKS,"Bucks County, PA",BUCKS COUNTY,PENNSYLVANIA,PA,2014,931362819.1059879,116,625618,0,1,4,1488708.475628879,18.541666000658548
30049,42017,BUCKS,"Bucks County, PA",BUCKS COUNTY,PENNSYLVANIA,PA,2015,941936527.1112419,125,625670,0,1,5,1505484.563925459,19.97858295906788
30050,42017,BUCKS,,,,PA,2016,903025486.7206448,,,0,1,6,,
30051,42017,BUCKS,,,,PA,2017,838358446.1551639,,,0,1,7,,
30052,42017,BUCKS,,,,PA,2018,783473798.0217814,,,0,1,8,,
30053,42017,BUCKS,,,,PA,2019,739765212.7174954,,,0,1,9,,
30124,42029,CHESTER,"Chester County, PA",CHESTER COUNTY,PENNSYLVANIA,PA,2006,253747441.04076123,30,479137,0,0,-4,529592.6656483662,6.261257218707803
30125,42029,CHESTER,"Chester County, PA",CHESTER COUNTY,PENNSYLVANIA,PA,2007,284534547.76110184,30,486156,0,0,-3,585274.1666483636,6.170858736701799
30126,42029,CHESTER,"Chester County, PA",CHESTER COUNTY,PENNSYLVANIA,PA,2008,300475662.723828,37,491473,0,0,-2,611377.761797348,7.528389148539187
30127,42029,CHESTER,"Chester County, PA",CHESTER COUNTY,PENNSYLVANIA,PA,2009,327069086.59628475,49,496291,0,0,-1,659026.8342490287,9.87323969203552
30128,42029,CHESTER,"Chester County, PA",CHESTER COUNTY,PENNSYLVANIA,PA,2010,371437754.19215095,43,499935,0,1,0,742972.0947566202,8.601118145358898
30129,42029,CHESTER,"Chester County, PA",CHESTER COUNTY,PENNSYLVANIA,PA,2011,383386831.6828475,64,503488,0,1,1,761461.706501143,12.711325791280032
30130,42029,CHESTER,"Chester County, PA",CHESTER COUNTY,PENNSYLVANIA,PA,2012,407016266.934089,55,506049,0,1,2,804302.0872170264,10.86851273295669
30131,42029,CHESTER,"Chester County, PA",CHESTER COUNTY,PENNSYLVANIA,PA,2013,418636016.683049,43,509101,0,1,3,822304.4478071129,8.446261154466402
30132,42029,CHESTER,"Chester County, PA",CHESTER COUNTY,PENNSYLVANIA,PA,2014,425803826.69495946,68,512776,0,1,4,830389.5398672314,13.261151067912696
30133,42029,CHESTER,"Chester County, PA",CHESTER COUNTY,PENNSYLVANIA,PA,2015,427702669.563867,79,515098,0,1,5,830332.6154709724,15.336887349591729
30134,42029,CHESTER,,,,PA,2016,407113955.210777,,,0,1,6,,
30135,42029,CHESTER,,,,PA,2017,368548836.317136,,,0,1,7,,
30136,42029,CHESTER,,,,PA,2018,328384546.63719696,,,0,1,8,,
30137,42029,CHESTER,,,,PA,2019,310067921.06378096,,,0,1,9,,
30236,42045,DELAWARE,"Delaware County, PA",DELAWARE COUNTY,PENNSYLVANIA,PA,2006,614838408.2300794,87,553806,0,0,-4,1110205.3936397934,15.709472270072913
30237,42045,DELAWARE,"Delaware County, PA",DELAWARE COUNTY,PENNSYLVANIA,PA,2007,771533757.4850589,80,554916,0,0,-3,1390361.3474562976,14.416596385759286
30238,42045,DELAWARE,"Delaware County, PA",DELAWARE COUNTY,PENNSYLVANIA,PA,2008,904864103.179423,70,556246,0,0,-2,1626733.6811040852,12.584360157196636
30239,42045,DELAWARE,"Delaware County, PA",DELAWARE COUNTY,PENNSYLVANIA,PA,2009,1013120882.718588,90,558094,0,0,-1,1815323.0149734418,16.12631563858418
30240,42045,DELAWARE,"Delaware County, PA",DELAWARE COUNTY,PENNSYLVANIA,PA,2010,1011185298.45433,85,559009,0,1,0,1808889.1206659104,15.205479697106846
30241,42045,DELAWARE,"Delaware County, PA",DELAWARE COUNTY,PENNSYLVANIA,PA,2011,1092041883.8790474,108,559338,0,1,1,1952382.7880084089,19.30853973804748
30242,42045,DELAWARE,"Delaware County, PA",DELAWARE COUNTY,PENNSYLVANIA,PA,2012,1127784257.4012568,106,560865,0,1,2,2010794.500283057,18.89937863835326
30243,42045,DELAWARE,"Delaware County, PA",DELAWARE COUNTY,PENNSYLVANIA,PA,2013,1163074475.1040025,98,561635,0,1,3,2070872.497447635,17.449054991230962
30244,42045,DELAWARE,"Delaware County, PA",DELAWARE COUNTY,PENNSYLVANIA,PA,2014,1170481163.944527,123,562868,0,1,4,2079494.9507602614,21.85237036036868
30245,42045,DELAWARE,"Delaware County, PA",DELAWARE COUNTY,PENNSYLVANIA,PA,2015,1186314342.700185,155,563434,0,1,5,2105507.1981814816,27.50987693323442
30246,42045,DELAWARE,,,,PA,2016,1146602160.6305919,,,0,1,6,,
30247,42045,DELAWARE,,,,PA,2017,1093094341.127944,,,0,1,7,,
30248,42045,DELAWARE,,,,PA,2018,971982415.7831249,,,0,1,8,,
30249,42045,DELAWARE,,,,PA,2019,1020804864.729234,,,0,1,9,,
30418,42071,LANCASTER,"Lancaster County, PA",LANCASTER COUNTY,PENNSYLVANIA,PA,2006,250740227.717326,21,500922,0,0,-4,500557.4275382714,4.19226945512475
30419,42071,LANCASTER,"Lancaster County, PA",LANCASTER COUNTY,PENNSYLVANIA,PA,2007,300261415.742735,38,506639,0,0,-3,592653.577286263,7.500409561837916
30420,42071,LANCASTER,"Lancaster County, PA",LANCASTER COUNTY,PENNSYLVANIA,PA,2008,321187795.931922,40,511957,0,0,-2,627372.603425526,7.813156183038809
30421,42071,LANCASTER,"Lancaster County, PA",LANCASTER COUNTY,PENNSYLVANIA,PA,2009,372776358.5419323,42,516577,0,0,-1,721627.8667883631,8.130443283382728
30422,42071,LANCASTER,"Lancaster County, PA",LANCASTER COUNTY,PENNSYLVANIA,PA,2010,402735437.9162475,41,520325,0,1,0,774007.472091957,7.879690578004133
30423,42071,LANCASTER,"Lancaster County, PA",LANCASTER COUNTY,PENNSYLVANIA,PA,2011,433441722.50020397,50,523996,0,1,1,827185.1741238559,9.542057572958573
30424,42071,LANCASTER,"Lancaster County, PA",LANCASTER COUNTY,PENNSYLVANIA,PA,2012,452567192.614715,50,526949,0,1,2,858844.3902820102,9.488584284247622
30425,42071,LANCASTER,"Lancaster County, PA",LANCASTER COUNTY,PENNSYLVANIA,PA,2013,452809336.4157755,49,530109,0,1,3,854181.5672168846,9.243382021433327
30426,42071,LANCASTER,"Lancaster County, PA",LANCASTER COUNTY,PENNSYLVANIA,PA,2014,456059352.044315,63,533414,0,1,4,854981.9690602702,11.810713629563528
30427,42071,LANCASTER,"Lancaster County, PA",LANCASTER COUNTY,PENNSYLVANIA,PA,2015,445091685.320784,70,535960,0,1,5,830456.909696216,13.060676169863422
30428,42071,LANCASTER,,,,PA,2016,414276700.750439,,,0,1,6,,
30429,42071,LANCASTER,,,,PA,2017,367360327.129132,,,0,1,7,,
30430,42071,LANCASTER,,,,PA,2018,337804606.87384,,,0,1,8,,
30431,42071,LANCASTER,,,,PA,2019,332900828.828016,,,0,1,9,,
30460,42077,LEHIGH,"Lehigh County, PA",LEHIGH COUNTY,PENNSYLVANIA,PA,2006,141091538.50685298,25,336794,0,0,-4,418925.33271629835,7.422935087917243
30461,42077,LEHIGH,"Lehigh County, PA",LEHIGH COUNTY,PENNSYLVANIA,PA,2007,202688592.75190914,28,340848,0,0,-3,594659.7684361038,8.214805426465755
30462,42077,LEHIGH,"Lehigh County, PA",LEHIGH COUNTY,PENNSYLVANIA,PA,2008,229150692.2300365,39,344743,0,0,-2,664700.0583914293,11.312775023713316
30463,42077,LEHIGH,"Lehigh County, PA",LEHIGH COUNTY,PENNSYLVANIA,PA,2009,252771420.68568975,35,347237,0,0,-1,727950.7099925692,10.079571013457667
30464,42077,LEHIGH,"Lehigh County, PA",LEHIGH COUNTY,PENNSYLVANIA,PA,2010,261592809.89369696,36,350008,0,1,0,747390.9450461045,10.285479189047107
30465,42077,LEHIGH,"Lehigh County, PA",LEHIGH COUNTY,PENNSYLVANIA,PA,2011,281662232.6428005,48,353317,0,1,1,797194.1136226123,13.585533670896108
30466,42077,LEHIGH,"Lehigh County, PA",LEHIGH COUNTY,PENNSYLVANIA,PA,2012,289190111.0115135,44,354673,0,1,2,815371.091150196,12.4057935055671
30467,42077,LEHIGH,"Lehigh County, PA",LEHIGH COUNTY,PENNSYLVANIA,PA,2013,281509896.10362697,49,355273,0,1,3,792376.2743119431,13.792210497279557
30468,42077,LEHIGH,"Lehigh County, PA",LEHIGH COUNTY,PENNSYLVANIA,PA,2014,285031228.851502,55,357591,0,1,4,797087.2556957586,15.38070029726699
30469,42077,LEHIGH,"Lehigh County, PA",LEHIGH COUNTY,PENNSYLVANIA,PA,2015,284195447.212433,55,359689,0,1,5,790114.3688365031,15.290987491972231
30470,42077,LEHIGH,,,,PA,2016,278078464.066486,,,0,1,6,,
30471,42077,LEHIGH,,,,PA,2017,254872014.551522,,,0,1,7,,
30472,42077,LEHIGH,,,,PA,2018,248082980.828526,,,0,1,8,,
30473,42077,LEHIGH,,,,PA,2019,241099236.52278,,,0,1,9,,
30558,42091,MONTGOMERY,"Montgomery County, PA",MONTGOMERY COUNTY,PENNSYLVANIA,PA,2006,778604646.591398,94,781519,0,0,-4,996270.9116366947,12.027858567737956
30559,42091,MONTGOMERY,"Montgomery County, PA",MONTGOMERY COUNTY,PENNSYLVANIA,PA,2007,933302216.0908719,63,785170,0,0,-3,1188662.6031189067,8.023740081765732
30560,42091,MONTGOMERY,"Montgomery County, PA",MONTGOMERY COUNTY,PENNSYLVANIA,PA,2008,1010783367.541255,83,789250,0,0,-2,1280688.4606160976,10.516312955337344
30561,42091,MONTGOMERY,"Montgomery County, PA",MONTGOMERY COUNTY,PENNSYLVANIA,PA,2009,998998598.4304852,78,795494,0,0,-1,1255821.6635580976,9.805227946408143
30562,42091,MONTGOMERY,"Montgomery County, PA",MONTGOMERY COUNTY,PENNSYLVANIA,PA,2010,1016103848.8415673,84,800881,0,1,0,1268732.6192550045,10.488449594883635
30563,42091,MONTGOMERY,"Montgomery County, PA",MONTGOMERY COUNTY,PENNSYLVANIA,PA,2011,1001971844.757625,91,805333,0,1,1,1244170.852004854,11.299673551189384
30564,42091,MONTGOMERY,"Montgomery County, PA",MONTGOMERY COUNTY,PENNSYLVANIA,PA,2012,1022181862.7048604,109,808782,0,1,2,1263853.377924905,13.477055621910477
30565,42091,MONTGOMERY,"Montgomery County, PA",MONTGOMERY COUNTY,PENNSYLVANIA,PA,2013,1026853167.6319925,119,812750,0,1,3,1263430.5353823346,14.641648723469702
30566,42091,MONTGOMERY,"Montgomery County, PA",MONTGOMERY COUNTY,PENNSYLVANIA,PA,2014,1072615159.6200005,120,815966,0,1,4,1314534.134535018,14.706495123571324
30567,42091,MONTGOMERY,"Montgomery County, PA",MONTGOMERY COUNTY,PENNSYLVANIA,PA,2015,1074720704.0442028,127,817432,0,1,5,1314752.4247205919,15.536460525156834
30568,42091,MONTGOMERY,,,,PA,2016,1058289708.0548589,,,0,1,6,,
30569,42091,MONTGOMERY,,,,PA,2017,913104152.9657879,,,0,1,7,,
30570,42091,MONTGOMERY,,,,PA,2018,782914079.3094139,,,0,1,8,,
30571,42091,MONTGOMERY,,,,PA,2019,713184708.258598,,,0,1,9,,
30628,42101,PHILADELPHIA,"Philadelphia County, PA",PHILADELPHIA COUNTY,PENNSYLVANIA,PA,2006,1061804400.9880852,399,1488710,0,0,-4,713237.9046208363,26.80172767026486
30629,42101,PHILADELPHIA,"Philadelphia County, PA",PHILADELPHIA COUNTY,PENNSYLVANIA,PA,2007,1211044406.7641335,326,1493309,0,0,-3,810980.451309229,21.83071286652662
30630,42101,PHILADELPHIA,"Philadelphia County, PA",PHILADELPHIA COUNTY,PENNSYLVANIA,PA,2008,1383356730.9557421,353,1499731,0,0,-2,922403.2382845604,23.537554401422657
30631,42101,PHILADELPHIA,"Philadelphia County, PA",PHILADELPHIA COUNTY,PENNSYLVANIA,PA,2009,1634090713.677875,325,1514694,0,0,-1,1078825.6332156034,21.456478998398357
30632,42101,PHILADELPHIA,"Philadelphia County, PA",PHILADELPHIA COUNTY,PENNSYLVANIA,PA,2010,1833766122.6802812,315,1528303,0,1,0,1199870.7865392407,20.6110960980905
30633,42101,PHILADELPHIA,"Philadelphia County, PA",PHILADELPHIA COUNTY,PENNSYLVANIA,PA,2011,2127327453.4293065,408,1540615,0,1,1,1380830.0278974997,26.48293051800742
30634,42101,PHILADELPHIA,"Philadelphia County, PA",PHILADELPHIA COUNTY,PENNSYLVANIA,PA,2012,2213228238.5995874,436,1552087,0,1,2,1425969.1876805793,28.091208804661076
30635,42101,PHILADELPHIA,"Philadelphia County, PA",PHILADELPHIA COUNTY,PENNSYLVANIA,PA,2013,2118531180.0986626,378,1558713,0,1,3,1359154.1098962172,24.250776121069112
30636,42101,PHILADELPHIA,"Philadelphia County, PA",PHILADELPHIA COUNTY,PENNSYLVANIA,PA,2014,2227998048.566415,485,1565949,0,1,4,1422778.167466766,30.971634452973888
30637,42101,PHILADELPHIA,"Philadelphia County, PA",PHILADELPHIA COUNTY,PENNSYLVANIA,PA,2015,2250755859.804504,549,1571679,0,1,5,1432070.9634756867,34.93079693754259
30638,42101,PHILADELPHIA,,,,PA,2016,2176986286.721635,,,0,1,6,,
30639,42101,PHILADELPHIA,,,,PA,2017,2067800357.6189458,,,0,1,7,,
30640,42101,PHILADELPHIA,,,,PA,2018,2040220484.120982,,,0,1,8,,
30641,42101,PHILADELPHIA,,,,PA,2019,2063348252.856152,,,0,1,9,,
30824,42129,WESTMORELAND,"Westmoreland County, PA",WESTMORELAND COUNTY,PENNSYLVANIA,PA,2006,257788119.46586955,45,366559,0,0,-4,703265.0118149316,12.276332050229293
30825,42129,WESTMORELAND,"Westmoreland County, PA",WESTMORELAND COUNTY,PENNSYLVANIA,PA,2007,306023776.50039047,52,366318,0,0,-3,835404.6934641226,14.195316637457072
30826,42129,WESTMORELAND,"Westmoreland County, PA",WESTMORELAND COUNTY,PENNSYLVANIA,PA,2008,360571940.861892,50,366058,0,0,-2,985013.1423487315,13.659037638844119
30827,42129,WESTMORELAND,"Westmoreland County, PA",WESTMORELAND COUNTY,PENNSYLVANIA,PA,2009,416562596.13844824,62,365259,0,0,-1,1140458.1300897398,16.97425662338231
30828,42129,WESTMORELAND,"Westmoreland County, PA",WESTMORELAND COUNTY,PENNSYLVANIA,PA,2010,472316692.571549,56,365029,0,1,0,1293915.5315647498,15.341246859838535
30829,42129,WESTMORELAND,"Westmoreland County, PA",WESTMORELAND COUNTY,PENNSYLVANIA,PA,2011,503330164.626711,72,364450,0,1,1,1381067.8134907696,19.7557964055426
30830,42129,WESTMORELAND,"Westmoreland County, PA",WESTMORELAND COUNTY,PENNSYLVANIA,PA,2012,499714978.63887197,95,362825,0,1,2,1377289.2679359799,26.183421759801558
30831,42129,WESTMORELAND,"Westmoreland County, PA",WESTMORELAND COUNTY,PENNSYLVANIA,PA,2013,541329811.1010715,94,360720,0,1,3,1500692.5346558867,26.05899312486139
30832,42129,WESTMORELAND,"Westmoreland County, PA",WESTMORELAND COUNTY,PENNSYLVANIA,PA,2014,549540150.8487755,96,358931,0,1,4,1531046.777371627,26.746087688162905
30833,42129,WESTMORELAND,"Westmoreland County, PA",WESTMORELAND COUNTY,PENNSYLVANIA,PA,2015,554474351.748816,130,357006,0,1,5,1553123.3417612477,36.413953827106546
30834,42129,WESTMORELAND,,,,PA,2016,567031571.732938,,,0,1,6,,
30835,42129,WESTMORELAND,,,,PA,2017,642728211.877854,,,0,1,7,,
30836,42129,WESTMORELAND,,,,PA,2018,681185700.7647384,,,0,1,8,,
30837,42129,WESTMORELAND,,,,PA,2019,661465714.7001749,,,0,1,9,,
30852,42133,YORK,"York County, PA",YORK COUNTY,PENNSYLVANIA,PA,2006,244738536.112908,28,418043,0,0,-4,585438.6656705363,6.6978755773927565
30853,42133,YORK,"York County, PA",YORK COUNTY,PENNSYLVANIA,PA,2007,276520888.0195019,36,424919,0,0,-3,650761.4110442271,8.472202937501029
30854,42133,YORK,"York County, PA",YORK COUNTY,PENNSYLVANIA,PA,2008,303272791.585176,37,429399,0,0,-2,706272.701112895,8.616694496261054
30855,42133,YORK,"York County, PA",YORK COUNTY,PENNSYLVANIA,PA,2009,344875135.9900547,30,433022,0,0,-1,796437.9084435772,6.928054463745491
30856,42133,YORK,"York County, PA",YORK COUNTY,PENNSYLVANIA,PA,2010,373142826.201288,45,435420,0,1,0,856972.1790484773,10.334849111202976
30857,42133,YORK,"York County, PA",YORK COUNTY,PENNSYLVANIA,PA,2011,377249939.60634696,47,436749,0,1,1,863768.2962212781,10.761329734011984
30858,42133,YORK,"York County, PA",YORK COUNTY,PENNSYLVANIA,PA,2012,394871709.357123,63,437551,0,1,2,902458.7062013868,14.398321567085894
30859,42133,YORK,"York County, PA",YORK COUNTY,PENNSYLVANIA,PA,2013,396823532.091011,56,439041,0,1,3,903841.6277546083,12.755072988627486
30860,42133,YORK,"York County, PA",YORK COUNTY,PENNSYLVANIA,PA,2014,414212226.867143,107,440616,0,1,4,940075.3192511008,24.284183960636927
30861,42133,YORK,"York County, PA",YORK COUNTY,PENNSYLVANIA,PA,2015,445105434.830574,84,441911,0,1,5,1007228.6836728979,19.00835236054319
30862,42133,YORK,,,,PA,2016,445760297.35685897,,,0,1,6,,
30863,42133,YORK,,,,PA,2017,418585000.7222,,,0,1,7,,
30864,42133,YORK,,,,PA,2018,382054555.61259997,,,0,1,8,,
30865,42133,YORK,,,,PA,2019,373636495.18627095,,,0,1,9,,
30908,44007,PROVIDENCE,"Providence County, RI",PROVIDENCE COUNTY,RHODE ISLAND,RI,2006,410376156.69137096,93,631691,0,0,-4,649646.9898912142,14.722388002995135
30909,44007,PROVIDENCE,"Providence County, RI",PROVIDENCE COUNTY,RHODE ISLAND,RI,2007,484284040.9207282,76,629110,0,0,-3,769792.3112344871,12.080558248954873
30910,44007,PROVIDENCE,"Providence County, RI",PROVIDENCE COUNTY,RHODE ISLAND,RI,2008,544706745.003695,93,627889,0,0,-2,867520.764026277,14.811535159876984
30911,44007,PROVIDENCE,"Providence County, RI",PROVIDENCE COUNTY,RHODE ISLAND,RI,2009,616850453.0713595,88,626304,0,0,-1,984905.8174167171,14.050684651543019
30912,44007,PROVIDENCE,"Providence County, RI",PROVIDENCE COUNTY,RHODE ISLAND,RI,2010,680569436.74403,95,627868,0,1,0,1083937.1280970364,15.13056884568094
30913,44007,PROVIDENCE,"Providence County, RI",PROVIDENCE COUNTY,RHODE ISLAND,RI,2011,734607187.1201655,104,629493,0,1,1,1166982.2970551944,16.521232166203596
30914,44007,PROVIDENCE,"Providence County, RI",PROVIDENCE COUNTY,RHODE ISLAND,RI,2012,815349445.1016945,112,631397,0,1,2,1291341.968843207,17.738443483260138
30915,44007,PROVIDENCE,"Providence County, RI",PROVIDENCE COUNTY,RHODE ISLAND,RI,2013,798700605.6811345,128,631836,0,1,3,1264094.8057425257,20.258421489120593
30916,44007,PROVIDENCE,"Providence County, RI",PROVIDENCE COUNTY,RHODE ISLAND,RI,2014,816643475.5097045,140,632995,0,1,4,1290126.265625644,22.117078333952087
30917,44007,PROVIDENCE,"Providence County, RI",PROVIDENCE COUNTY,RHODE ISLAND,RI,2015,830834474.468059,195,634146,0,1,5,1310162.7613641953,30.750016557701223
30918,44007,PROVIDENCE,,,,RI,2016,838610861.467309,,,0,1,6,,
30919,44007,PROVIDENCE,,,,RI,2017,831411931.1977451,,,0,1,7,,
30920,44007,PROVIDENCE,,,,RI,2018,828070876.705611,,,0,1,8,,
30921,44007,PROVIDENCE,,,,RI,2019,838286148.1482509,,,0,1,9,,
31062,45019,CHARLESTON,"Charleston County, SC",CHARLESTON COUNTY,SOUTH CAROLINA,SC,2006,219256482.7167341,27,334826,0,0,-4,654837.0876716089,8.063889901023218
31063,45019,CHARLESTON,"Charleston County, SC",CHARLESTON COUNTY,SOUTH CAROLINA,SC,2007,248596099.02011952,44,337147,0,0,-3,737352.2499684694,13.050687089014584
31064,45019,CHARLESTON,"Charleston County, SC",CHARLESTON COUNTY,SOUTH CAROLINA,SC,2008,267889345.564643,30,341921,0,0,-2,783483.1600417728,8.773956557216433
31065,45019,CHARLESTON,"Charleston County, SC",CHARLESTON COUNTY,SOUTH CAROLINA,SC,2009,290550266.88468826,39,346795,0,0,-1,837815.6169630134,11.245836877694314
31066,45019,CHARLESTON,"Charleston County, SC",CHARLESTON COUNTY,SOUTH CAROLINA,SC,2010,323566826.50276023,54,350998,0,1,0,921848.0632446915,15.384703046741008
31067,45019,CHARLESTON,"Charleston County, SC",CHARLESTON COUNTY,SOUTH CAROLINA,SC,2011,370491797.2009772,42,357461,0,1,1,1036453.7591540818,11.749533515544353
31068,45019,CHARLESTON,"Charleston County, SC",CHARLESTON COUNTY,SOUTH CAROLINA,SC,2012,405415600.749642,30,364913,0,1,2,1110992.4851941203,8.221137641026765
31069,45019,CHARLESTON,"Charleston County, SC",CHARLESTON COUNTY,SOUTH CAROLINA,SC,2013,389683915.00908,37,372065,0,1,3,1047354.4004651876,9.944498945076802
31070,45019,CHARLESTON,"Charleston County, SC",CHARLESTON COUNTY,SOUTH CAROLINA,SC,2014,409106643.0770185,47,380239,0,1,4,1075919.732265808,12.360646856319313
31071,45019,CHARLESTON,"Charleston County, SC",CHARLESTON COUNTY,SOUTH CAROLINA,SC,2015,411078760.983453,59,389885,0,1,5,1054359.0058182618,15.132667324980442
31072,45019,CHARLESTON,,,,SC,2016,393327359.710338,,,0,1,6,,
31073,45019,CHARLESTON,,,,SC,2017,368763809.68030095,,,0,1,7,,
31074,45019,CHARLESTON,,,,SC,2018,338943337.928283,,,0,1,8,,
31075,45019,CHARLESTON,,,,SC,2019,311268871.3225995,,,0,1,9,,
31244,45045,GREENVILLE,"Greenville County, SC",GREENVILLE COUNTY,SOUTH CAROLINA,SC,2006,343067326.97434247,62,415957,0,0,-4,824766.326746136,14.905386854891251
31245,45045,GREENVILLE,"Greenville County, SC",GREENVILLE COUNTY,SOUTH CAROLINA,SC,2007,368544075.668489,55,427970,0,0,-3,861144.6495513446,12.851368086548122
31246,45045,GREENVILLE,"Greenville County, SC",GREENVILLE COUNTY,SOUTH CAROLINA,SC,2008,392428887.1561517,66,438742,0,0,-2,894441.122929083,15.043009331224273
31247,45045,GREENVILLE,"Greenville County, SC",GREENVILLE COUNTY,SOUTH CAROLINA,SC,2009,464177450.706764,60,446655,0,0,-1,1039230.3919283652,13.433186687711993
31248,45045,GREENVILLE,"Greenville County, SC",GREENVILLE COUNTY,SOUTH CAROLINA,SC,2010,509438025.191287,61,452688,0,1,0,1125362.3360709515,13.47506450358746
31249,45045,GREENVILLE,"Greenville County, SC",GREENVILLE COUNTY,SOUTH CAROLINA,SC,2011,583059535.8111585,55,458972,0,1,1,1270359.7078060505,11.98330181361826
31250,45045,GREENVILLE,"Greenville County, SC",GREENVILLE COUNTY,SOUTH CAROLINA,SC,2012,621648598.997194,62,466172,0,1,2,1333517.6694378771,13.299812086526002
31251,45045,GREENVILLE,"Greenville County, SC",GREENVILLE COUNTY,SOUTH CAROLINA,SC,2013,593545749.195262,55,473196,0,1,3,1254333.8261423637,11.623090643200705
31252,45045,GREENVILLE,"Greenville County, SC",GREENVILLE COUNTY,SOUTH CAROLINA,SC,2014,580572377.6499325,71,481737,0,1,4,1205164.5973839096,14.738332326559927
31253,45045,GREENVILLE,"Greenville County, SC",GREENVILLE COUNTY,SOUTH CAROLINA,SC,2015,564550047.404219,100,491218,0,1,5,1149286.1568676617,20.357560187126694
31254,45045,GREENVILLE,,,,SC,2016,550628962.8240249,,,0,1,6,,
31255,45045,GREENVILLE,,,,SC,2017,535569090.28134495,,,0,1,7,,
31256,45045,GREENVILLE,,,,SC,2018,519707450.2676919,,,0,1,8,,
31257,45045,GREENVILLE,,,,SC,2019,516002671.411356,,,0,1,9,,
31482,45079,RICHLAND,"Richland County, SC",RICHLAND COUNTY,SOUTH CAROLINA,SC,2006,146420559.69691223,28,357096,0,0,-4,410031.3632662148,7.841028742971077
31483,45079,RICHLAND,"Richland County, SC",RICHLAND COUNTY,SOUTH CAROLINA,SC,2007,168117079.54264274,20,366111,0,0,-3,459197.0182339311,5.462824116183343
31484,45079,RICHLAND,"Richland County, SC",RICHLAND COUNTY,SOUTH CAROLINA,SC,2008,189500361.42828324,27,373789,0,0,-2,506971.4770319171,7.223326529138097
31485,45079,RICHLAND,"Richland County, SC",RICHLAND COUNTY,SOUTH CAROLINA,SC,2009,210373102.022537,30,380245,0,0,-1,553256.721383679,7.8896500940183305
31486,45079,RICHLAND,"Richland County, SC",RICHLAND COUNTY,SOUTH CAROLINA,SC,2010,234821779.11865798,45,385754,0,1,0,608734.5280117847,11.665465555768701
31487,45079,RICHLAND,"Richland County, SC",RICHLAND COUNTY,SOUTH CAROLINA,SC,2011,271308426.5354012,36,389333,0,1,1,696854.4319012291,9.246583259061008
31488,45079,RICHLAND,"Richland County, SC",RICHLAND COUNTY,SOUTH CAROLINA,SC,2012,269587996.5952882,32,393205,0,1,2,685616.9087251896,8.13824849633143
31489,45079,RICHLAND,"Richland County, SC",RICHLAND COUNTY,SOUTH CAROLINA,SC,2013,279082286.3725465,26,397015,0,1,3,702951.491436209,6.5488709494603485
31490,45079,RICHLAND,"Richland County, SC",RICHLAND COUNTY,SOUTH CAROLINA,SC,2014,272409330.8976565,37,400688,0,1,4,679853.978401291,9.234117318212673
31491,45079,RICHLAND,"Richland County, SC",RICHLAND COUNTY,SOUTH CAROLINA,SC,2015,276188706.140417,35,406455,0,1,5,679506.2335078102,8.61103935244984
31492,45079,RICHLAND,,,,SC,2016,268250027.00933796,,,0,1,6,,
31493,45079,RICHLAND,,,,SC,2017,254833154.585683,,,0,1,7,,
31494,45079,RICHLAND,,,,SC,2018,228350155.68502998,,,0,1,8,,
31495,45079,RICHLAND,,,,SC,2019,221873164.80881998,,,0,1,9,,
32556,47037,DAVIDSON,"Davidson County, TN",DAVIDSON COUNTY,TENNESSEE,TN,2006,619761638.12143,89,597597,0,0,-4,1037089.6074134075,14.89297971710032
32557,47037,DAVIDSON,"Davidson County, TN",DAVIDSON COUNTY,TENNESSEE,TN,2007,658475545.5033958,75,605031,0,0,-3,1088333.565558452,12.396059044908442
32558,47037,DAVIDSON,"Davidson County, TN",DAVIDSON COUNTY,TENNESSEE,TN,2008,707229942.6763464,67,612649,0,0,-2,1154380.31022061,10.936115132808508
32559,47037,DAVIDSON,"Davidson County, TN",DAVIDSON COUNTY,TENNESSEE,TN,2009,811041009.7957159,90,621008,0,0,-1,1306007.3457921895,14.492566923453483
32560,47037,DAVIDSON,"Davidson County, TN",DAVIDSON COUNTY,TENNESSEE,TN,2010,928136857.5535197,88,627794,0,1,0,1478409.8885199917,14.017336897135046
32561,47037,DAVIDSON,"Davidson County, TN",DAVIDSON COUNTY,TENNESSEE,TN,2011,993811450.1613557,91,636083,0,1,1,1562392.722587077,14.306309082305296
32562,47037,DAVIDSON,"Davidson County, TN",DAVIDSON COUNTY,TENNESSEE,TN,2012,1056197364.0347625,88,649619,0,1,2,1625872.0327372854,13.546401813986352
32563,47037,DAVIDSON,"Davidson County, TN",DAVIDSON COUNTY,TENNESSEE,TN,2013,1027563910.3614724,113,660560,0,1,3,1555595.1168122082,17.106697347704976
32564,47037,DAVIDSON,"Davidson County, TN",DAVIDSON COUNTY,TENNESSEE,TN,2014,1014786415.9462175,112,670102,0,1,4,1514376.0441637505,16.713873410316637
32565,47037,DAVIDSON,"Davidson County, TN",DAVIDSON COUNTY,TENNESSEE,TN,2015,1019478199.3639768,138,680397,0,1,5,1498357.8695437764,20.28227637687997
32566,47037,DAVIDSON,,,,TN,2016,972859856.928577,,,0,1,6,,
32567,47037,DAVIDSON,,,,TN,2017,917531586.8371971,,,0,1,7,,
32568,47037,DAVIDSON,,,,TN,2018,835277566.2503165,,,0,1,8,,
32569,47037,DAVIDSON,,,,TN,2019,803590547.6029329,,,0,1,9,,
32948,47093,KNOX,"Knox County, TN",KNOX COUNTY,TENNESSEE,TN,2006,721995301.3781017,58,411785,0,0,-4,1753330.7463314636,14.085020095438153
32949,47093,KNOX,"Knox County, TN",KNOX COUNTY,TENNESSEE,TN,2007,839378369.3694247,66,419096,0,0,-3,2002830.7818958538,15.74818180082845
32950,47093,KNOX,"Knox County, TN",KNOX COUNTY,TENNESSEE,TN,2008,886656289.5403402,90,425276,0,0,-2,2084896.136956565,21.162727264176677
32951,47093,KNOX,"Knox County, TN",KNOX COUNTY,TENNESSEE,TN,2009,914489060.158469,62,429475,0,0,-1,2129318.4938785,14.436230281157227
32952,47093,KNOX,"Knox County, TN",KNOX COUNTY,TENNESSEE,TN,2010,999113267.8929633,77,432952,0,1,0,2307676.758377287,17.7848814649199
32953,47093,KNOX,"Knox County, TN",KNOX COUNTY,TENNESSEE,TN,2011,1102226355.8281436,73,436822,0,1,1,2523284.898260948,16.71161251035891
32954,47093,KNOX,"Knox County, TN",KNOX COUNTY,TENNESSEE,TN,2012,1065950496.477934,80,440883,0,1,2,2417762.754467589,18.1454036558452
32955,47093,KNOX,"Knox County, TN",KNOX COUNTY,TENNESSEE,TN,2013,878091800.6181484,92,444453,0,1,3,1975668.5197718283,20.6996015326705
32956,47093,KNOX,"Knox County, TN",KNOX COUNTY,TENNESSEE,TN,2014,834738964.377065,119,448112,0,1,4,1862790.9191832955,26.555861034741312
32957,47093,KNOX,"Knox County, TN",KNOX COUNTY,TENNESSEE,TN,2015,778411363.647269,139,451551,0,1,5,1723861.4545140394,30.782790869691354
32958,47093,KNOX,,,,TN,2016,705710910.422294,,,0,1,6,,
32959,47093,KNOX,,,,TN,2017,672894460.1030239,,,0,1,7,,
32960,47093,KNOX,,,,TN,2018,660285663.102759,,,0,1,8,,
32961,47093,KNOX,,,,TN,2019,673615262.6792849,,,0,1,9,,
33396,47157,SHELBY,"Shelby County, TN",SHELBY COUNTY,TENNESSEE,TN,2006,471326926.4221709,91,920106,0,0,-4,512252.85610806895,9.890164828834939
33397,47157,SHELBY,"Shelby County, TN",SHELBY COUNTY,TENNESSEE,TN,2007,1058211887.2141099,102,921119,0,0,-3,1148832.9816387566,11.073487790394074
33398,47157,SHELBY,"Shelby County, TN",SHELBY COUNTY,TENNESSEE,TN,2008,579203875.9069304,83,920685,0,0,-2,629101.0235932273,9.015026855004699
33399,47157,SHELBY,"Shelby County, TN",SHELBY COUNTY,TENNESSEE,TN,2009,602925566.6093591,104,922541,0,0,-1,653548.803369562,11.273211705496015
33400,47157,SHELBY,"Shelby County, TN",SHELBY COUNTY,TENNESSEE,TN,2010,626663017.198041,119,928475,0,1,0,674937.954385461,12.816715582002747
33401,47157,SHELBY,"Shelby County, TN",SHELBY COUNTY,TENNESSEE,TN,2011,624503438.2809597,83,933321,0,1,1,669119.6686680786,8.892974657165112
33402,47157,SHELBY,"Shelby County, TN",SHELBY COUNTY,TENNESSEE,TN,2012,676153890.9184339,118,939421,0,1,2,719755.9889745214,12.560928486801977
33403,47157,SHELBY,"Shelby County, TN",SHELBY COUNTY,TENNESSEE,TN,2013,675798232.9579109,121,938713,0,1,3,719919.9680391247,12.889988739902398
33404,47157,SHELBY,"Shelby County, TN",SHELBY COUNTY,TENNESSEE,TN,2014,700110434.7983819,138,937949,0,1,4,746426.9750257017,14.71295347614849
33405,47157,SHELBY,"Shelby County, TN",SHELBY COUNTY,TENNESSEE,TN,2015,684737025.674595,165,937598,0,1,5,730309.8189998219,17.598160405632264
33406,47157,SHELBY,,,,TN,2016,615763626.218706,,,0,1,6,,
33407,47157,SHELBY,,,,TN,2017,563999690.743132,,,0,1,7,,
33408,47157,SHELBY,,,,TN,2018,536364136.0126829,,,0,1,8,,
33409,47157,SHELBY,,,,TN,2019,586800990.2398399,,,0,1,9,,
33808,48029,BEXAR,"Bexar County, TX",BEXAR COUNTY,TEXAS,TX,2006,613523010.7084045,135,1573935,0,0,-4,389801.9998973303,8.577228411592602
33809,48029,BEXAR,"Bexar County, TX",BEXAR COUNTY,TEXAS,TX,2007,738924555.4418316,104,1615210,0,0,-3,457478.9379968125,6.438791240767454
33810,48029,BEXAR,"Bexar County, TX",BEXAR COUNTY,TEXAS,TX,2008,806125134.4352654,146,1651709,0,0,-2,488055.1806857415,8.839329446046488
33811,48029,BEXAR,"Bexar County, TX",BEXAR COUNTY,TEXAS,TX,2009,869377056.85814,172,1685628,0,0,-1,515758.55221801007,10.203912132451526
33812,48029,BEXAR,"Bexar County, TX",BEXAR COUNTY,TEXAS,TX,2010,947527586.9145337,168,1722841,0,1,0,549979.706144986,9.751335149326026
33813,48029,BEXAR,"Bexar County, TX",BEXAR COUNTY,TEXAS,TX,2011,1009229375.4336268,227,1755360,0,1,1,574941.5364561268,12.931820253395315
33814,48029,BEXAR,"Bexar County, TX",BEXAR COUNTY,TEXAS,TX,2012,1033817991.8246467,174,1788768,0,1,2,577949.7351387361,9.727365426930714
33815,48029,BEXAR,"Bexar County, TX",BEXAR COUNTY,TEXAS,TX,2013,1066027188.0687004,152,1821354,0,1,3,585293.7913599994,8.345439711335633
33816,48029,BEXAR,"Bexar County, TX",BEXAR COUNTY,TEXAS,TX,2014,1070008574.6159327,161,1857977,0,1,4,575899.7956465192,8.665338699025877
33817,48029,BEXAR,"Bexar County, TX",BEXAR COUNTY,TEXAS,TX,2015,1024537909.0216299,179,1894811,0,1,5,540707.1781943581,9.446852482912544
33818,48029,BEXAR,,,,TX,2016,962976394.781696,,,0,1,6,,
33819,48029,BEXAR,,,,TX,2017,886308445.7213249,,,0,1,7,,
33820,48029,BEXAR,,,,TX,2018,765318864.8809274,,,0,1,8,,
33821,48029,BEXAR,,,,TX,2019,650379034.0539014,,,0,1,9,,
34006,48061,CAMERON,,CAMERON COUNTY,TEXAS,TX,2006,49600722.09154745,,380169,0,0,-4,130470.19112959618,
34007,48061,CAMERON,"Cameron County, TX",CAMERON COUNTY,TEXAS,TX,2007,61296455.6606384,11,386306,0,0,-3,158673.3202710763,2.8474836010830793
34008,48061,CAMERON,"Cameron County, TX",CAMERON COUNTY,TEXAS,TX,2008,66490534.590728454,15,393000,0,0,-2,169187.1109178841,3.816793893129771
34009,48061,CAMERON,"Cameron County, TX",CAMERON COUNTY,TEXAS,TX,2009,64514061.949857995,18,400303,0,0,-1,161163.07384620648,4.4965938301736434
34010,48061,CAMERON,"Cameron County, TX",CAMERON COUNTY,TEXAS,TX,2010,69729964.93758225,13,407608,0,1,0,171071.13927494615,3.189338776471512
34011,48061,CAMERON,,CAMERON COUNTY,TEXAS,TX,2011,78358534.457735,,413116,0,1,1,189676.83279692632,
34012,48061,CAMERON,"Cameron County, TX",CAMERON COUNTY,TEXAS,TX,2012,79885966.45428349,15,415729,0,1,2,192158.75354926765,3.6081197126012383
34013,48061,CAMERON,,CAMERON COUNTY,TEXAS,TX,2013,75547088.342796,,417129,0,1,3,181112.0500919284,
34014,48061,CAMERON,,CAMERON COUNTY,TEXAS,TX,2014,72090608.0702485,,418698,0,1,4,172178.05690557038,
34015,48061,CAMERON,"Cameron County, TX",CAMERON COUNTY,TEXAS,TX,2015,70139409.788998,17,419062,0,1,5,167372.39308025542,4.056678963971918
34016,48061,CAMERON,,,,TX,2016,72544194.177262,,,0,1,6,,
34017,48061,CAMERON,,,,TX,2017,68352925.684185,,,0,1,7,,
34018,48061,CAMERON,,,,TX,2018,56555543.15198449,,,0,1,8,,
34019,48061,CAMERON,,,,TX,2019,51745767.85534349,,,0,1,9,,
34160,48085,COLLIN,"Collin County, TX",COLLIN COUNTY,TEXAS,TX,2006,231821600.78437498,24,683935,0,0,-4,338952.67939844425,3.509105397442739
34161,48085,COLLIN,"Collin County, TX",COLLIN COUNTY,TEXAS,TX,2007,276920051.6308811,23,714330,0,0,-3,387664.0371129325,3.219800372376913
34162,48085,COLLIN,"Collin County, TX",COLLIN COUNTY,TEXAS,TX,2008,306220860.8503894,24,741264,0,0,-2,413106.3438267465,3.237712879621835
34163,48085,COLLIN,"Collin County, TX",COLLIN COUNTY,TEXAS,TX,2009,339377723.33747023,35,765791,0,0,-1,443172.77604133537,4.57043762593188
34164,48085,COLLIN,"Collin County, TX",COLLIN COUNTY,TEXAS,TX,2010,376557941.74239475,41,787102,0,1,0,478410.6021105203,5.208981809219136
34165,48085,COLLIN,"Collin County, TX",COLLIN COUNTY,TEXAS,TX,2011,414086099.839635,44,812083,0,1,1,509906.1300872386,5.418165384572759
34166,48085,COLLIN,"Collin County, TX",COLLIN COUNTY,TEXAS,TX,2012,444724613.27514476,43,834839,0,1,2,532707.0408487682,5.150693726574825
34167,48085,COLLIN,"Collin County, TX",COLLIN COUNTY,TEXAS,TX,2013,452573043.63230497,32,856063,0,1,3,528667.9177026749,3.738042644057739
34168,48085,COLLIN,"Collin County, TX",COLLIN COUNTY,TEXAS,TX,2014,479319260.2419705,45,884410,0,1,4,541964.9938851557,5.088137854614941
34169,48085,COLLIN,"Collin County, TX",COLLIN COUNTY,TEXAS,TX,2015,520202500.3121039,44,915014,0,1,5,568518.6240998541,4.808669594126429
34170,48085,COLLIN,,,,TX,2016,544654004.656956,,,0,1,6,,
34171,48085,COLLIN,,,,TX,2017,520145073.878867,,,0,1,7,,
34172,48085,COLLIN,,,,TX,2018,463086317.17071694,,,0,1,8,,
34173,48085,COLLIN,,,,TX,2019,442648129.1736885,,,0,1,9,,
34342,48113,DALLAS,"Dallas County, TX",DALLAS COUNTY,TEXAS,TX,2006,886945686.1425349,171,2275434,0,0,-4,389791.87537082366,7.515049876199441
34343,48113,DALLAS,"Dallas County, TX",DALLAS COUNTY,TEXAS,TX,2007,1045979831.8124455,193,2291891,0,0,-3,456382.88723697833,8.420993843075435
34344,48113,DALLAS,"Dallas County, TX",DALLAS COUNTY,TEXAS,TX,2008,1090837073.78318,150,2314018,0,0,-2,471403.8844050392,6.482231339600642
34345,48113,DALLAS,"Dallas County, TX",DALLAS COUNTY,TEXAS,TX,2009,1141004318.4325206,181,2346378,0,0,-1,486283.2495158583,7.714017093579978
34346,48113,DALLAS,"Dallas County, TX",DALLAS COUNTY,TEXAS,TX,2010,1209171191.5919743,163,2373711,0,1,0,509401.1830386994,6.866884806111611
34347,48113,DALLAS,"Dallas County, TX",DALLAS COUNTY,TEXAS,TX,2011,1302377736.6110334,194,2409257,0,1,1,540572.3576235467,8.05227503749081
34348,48113,DALLAS,"Dallas County, TX",DALLAS COUNTY,TEXAS,TX,2012,1276298888.3612695,206,2456296,0,1,2,519603.0479882186,8.386611385598478
34349,48113,DALLAS,"Dallas County, TX",DALLAS COUNTY,TEXAS,TX,2013,1288787542.7554553,208,2484675,0,1,3,518694.61509270035,8.371316168110518
34350,48113,DALLAS,"Dallas County, TX",DALLAS COUNTY,TEXAS,TX,2014,1239379893.335098,290,2519407,0,1,4,491933.1784563185,11.510645163723051
34351,48113,DALLAS,"Dallas County, TX",DALLAS COUNTY,TEXAS,TX,2015,1144943783.483024,256,2557615,0,1,5,447660.72434006835,10.009325093886297
34352,48113,DALLAS,,,,TX,2016,1084191384.604738,,,0,1,6,,
34353,48113,DALLAS,,,,TX,2017,1003850588.2948799,,,0,1,7,,
34354,48113,DALLAS,,,,TX,2018,867417720.9174899,,,0,1,8,,
34355,48113,DALLAS,,,,TX,2019,797634416.5056969,,,0,1,9,,
34393,48121,DENTON,"Denton County, TX",DENTON COUNTY,TEXAS,TX,2006,195142221.5669725,25,584561,0,0,-4,333826.96000412706,4.276713636386964
34394,48121,DENTON,"Denton County, TX",DENTON COUNTY,TEXAS,TX,2007,247960823.9657175,32,609001,0,0,-3,407159.9619142128,5.254506971252921
34395,48121,DENTON,"Denton County, TX",DENTON COUNTY,TEXAS,TX,2008,275767382.59993577,39,630104,0,0,-2,437653.7565226308,6.189454439267169
34396,48121,DENTON,"Denton County, TX",DENTON COUNTY,TEXAS,TX,2009,290651226.2406957,37,649702,0,0,-1,447360.83041255176,5.694918593447458
34397,48121,DENTON,"Denton County, TX",DENTON COUNTY,TEXAS,TX,2010,306487277.1700162,43,665833,0,1,0,460306.52906962595,6.458075823817684
34398,48121,DENTON,"Denton County, TX",DENTON COUNTY,TEXAS,TX,2011,347023230.93449974,59,684842,0,1,1,506720.13535165734,8.615125824642764
34399,48121,DENTON,"Denton County, TX",DENTON COUNTY,TEXAS,TX,2012,365858314.448174,46,707027,0,1,2,517460.1740077451,6.506116456655827
34400,48121,DENTON,"Denton County, TX",DENTON COUNTY,TEXAS,TX,2013,375297063.2185155,43,727776,0,1,3,515676.6137087724,5.908411379325507
34401,48121,DENTON,"Denton County, TX",DENTON COUNTY,TEXAS,TX,2014,415349783.5086775,36,752355,0,1,4,552066.2234034166,4.784975177941265
34402,48121,DENTON,"Denton County, TX",DENTON COUNTY,TEXAS,TX,2015,401360977.01416296,47,778799,0,1,5,515358.87567159557,6.0349332754664555
34403,48121,DENTON,,,,TX,2016,396378642.72870797,,,0,1,6,,
34404,48121,DENTON,,,,TX,2017,379396193.10584396,,,0,1,7,,
34405,48121,DENTON,,,,TX,2018,342311011.480765,,,0,1,8,,
34406,48121,DENTON,,,,TX,2019,318251499.26698196,,,0,1,9,,
34519,48141,EL PASO,"El Paso County, TX",EL PASO COUNTY,TEXAS,TX,2006,148003395.0418759,59,744795,0,0,-4,198716.95572859095,7.921642868171779
34520,48141,EL PASO,"El Paso County, TX",EL PASO COUNTY,TEXAS,TX,2007,178196392.4052995,48,755578,0,0,-3,235841.1605490095,6.352752462353324
34521,48141,EL PASO,"El Paso County, TX",EL PASO COUNTY,TEXAS,TX,2008,201328221.16542834,49,769930,0,0,-2,261488.99401949314,6.364214928629875
34522,48141,EL PASO,"El Paso County, TX",EL PASO COUNTY,TEXAS,TX,2009,213211507.41335526,55,786759,0,0,-1,270999.76919660944,6.990704904551458
34523,48141,EL PASO,"El Paso County, TX",EL PASO COUNTY,TEXAS,TX,2010,221111182.57092977,46,803548,0,1,0,275168.6054484981,5.724611348668654
34524,48141,EL PASO,"El Paso County, TX",EL PASO COUNTY,TEXAS,TX,2011,235711514.876268,52,819796,0,1,1,287524.5974318831,6.34304143957765
34525,48141,EL PASO,"El Paso County, TX",EL PASO COUNTY,TEXAS,TX,2012,227695590.029903,47,832118,0,1,2,273633.77553412254,5.648237389408714
34526,48141,EL PASO,"El Paso County, TX",EL PASO COUNTY,TEXAS,TX,2013,234138078.47524196,62,830585,0,1,3,281895.38515051675,7.464618311190306
34527,48141,EL PASO,"El Paso County, TX",EL PASO COUNTY,TEXAS,TX,2014,227076331.6605615,62,833370,0,1,4,272479.6088898826,7.439672654403206
34528,48141,EL PASO,"El Paso County, TX",EL PASO COUNTY,TEXAS,TX,2015,217960405.49368498,57,831382,0,1,5,262166.3753770048,6.856054136365715
34529,48141,EL PASO,,,,TX,2016,201170932.77383998,,,0,1,6,,
34530,48141,EL PASO,,,,TX,2017,181050285.94236097,,,0,1,7,,
34531,48141,EL PASO,,,,TX,2018,149410054.86989397,,,0,1,8,,
34532,48141,EL PASO,,,,TX,2019,131198592.21353798,,,0,1,9,,
34631,48157,FORT BEND,"Fort Bend County, TX",FORT BEND COUNTY,TEXAS,TX,2006,139877788.79091594,18,490916,0,0,-4,284932.2262686813,3.6666150624546767
34632,48157,FORT BEND,"Fort Bend County, TX",FORT BEND COUNTY,TEXAS,TX,2007,159582388.74623364,19,516564,0,0,-3,308930.52699420333,3.6781502388861784
34633,48157,FORT BEND,"Fort Bend County, TX",FORT BEND COUNTY,TEXAS,TX,2008,164022612.2331762,13,542957,0,0,-2,302091.34836308623,2.3942964175800294
34634,48157,FORT BEND,"Fort Bend County, TX",FORT BEND COUNTY,TEXAS,TX,2009,195043041.95631278,25,569130,0,0,-1,342703.8496587999,4.392669513116512
34635,48157,FORT BEND,"Fort Bend County, TX",FORT BEND COUNTY,TEXAS,TX,2010,206502200.7833435,32,590177,0,1,0,349898.76051310624,5.4221021829044505
34636,48157,FORT BEND,"Fort Bend County, TX",FORT BEND COUNTY,TEXAS,TX,2011,224350228.81991547,30,605979,0,1,1,370227.72871653223,4.950666607258667
34637,48157,FORT BEND,"Fort Bend County, TX",FORT BEND COUNTY,TEXAS,TX,2012,226144601.88931423,16,624737,0,1,2,361983.6857578697,2.5610777014967896
34638,48157,FORT BEND,"Fort Bend County, TX",FORT BEND COUNTY,TEXAS,TX,2013,222487951.01218247,15,651770,0,1,3,341359.60693524167,2.301425349433082
34639,48157,FORT BEND,"Fort Bend County, TX",FORT BEND COUNTY,TEXAS,TX,2014,230102467.535005,31,683977,0,1,4,336418.42859482847,4.532316145133535
34640,48157,FORT BEND,"Fort Bend County, TX",FORT BEND COUNTY,TEXAS,TX,2015,226409446.235701,23,715260,0,1,5,316541.46217557386,3.215613902636804
34641,48157,FORT BEND,,,,TX,2016,219829047.815806,,,0,1,6,,
34642,48157,FORT BEND,,,,TX,2017,205657034.198538,,,0,1,7,,
34643,48157,FORT BEND,,,,TX,2018,212334096.48935497,,,0,1,8,,
34644,48157,FORT BEND,,,,TX,2019,217296061.755933,,,0,1,9,,
34925,48201,HARRIS,"Harris County, TX",HARRIS COUNTY,TEXAS,TX,2006,1741085670.2513335,348,3807435,0,0,-4,457285.72391947167,9.140011582600884
34926,48201,HARRIS,"Harris County, TX",HARRIS COUNTY,TEXAS,TX,2007,2086528125.3138268,425,3863344,0,0,-3,540083.442042393,11.000832439461771
34927,48201,HARRIS,"Harris County, TX",HARRIS COUNTY,TEXAS,TX,2008,1785519815.3125484,244,3938580,0,0,-2,453341.004959287,6.195126162220902
34928,48201,HARRIS,"Harris County, TX",HARRIS COUNTY,TEXAS,TX,2009,2029990099.6665313,343,4034866,0,0,-1,503112.14787964,8.500901888687258
34929,48201,HARRIS,"Harris County, TX",HARRIS COUNTY,TEXAS,TX,2010,2150232121.205981,375,4107542,0,1,0,523483.9038057263,9.129547549361638
34930,48201,HARRIS,"Harris County, TX",HARRIS COUNTY,TEXAS,TX,2011,2184501653.987597,332,4179279,0,1,1,522698.210382125,7.9439539690937115
34931,48201,HARRIS,"Harris County, TX",HARRIS COUNTY,TEXAS,TX,2012,2081207405.4261854,297,4262549,0,1,2,488254.18908408686,6.967661838022272
34932,48201,HARRIS,"Harris County, TX",HARRIS COUNTY,TEXAS,TX,2013,2019008760.5804064,370,4352419,0,1,3,463881.98392213765,8.501019777737392
34933,48201,HARRIS,"Harris County, TX",HARRIS COUNTY,TEXAS,TX,2014,1965652129.811148,345,4454951,0,1,4,441228.67564899096,7.744192921538307
34934,48201,HARRIS,"Harris County, TX",HARRIS COUNTY,TEXAS,TX,2015,1874079773.871629,407,4556559,0,1,5,411292.7702399177,8.932178865674734
34935,48201,HARRIS,,,,TX,2016,1856624619.6246169,,,0,1,6,,
34936,48201,HARRIS,,,,TX,2017,1821916039.7076228,,,0,1,7,,
34937,48201,HARRIS,,,,TX,2018,1756518373.9714005,,,0,1,8,,
34938,48201,HARRIS,,,,TX,2019,1652249940.47145,,,0,1,9,,
35009,48215,HIDALGO,"Hidalgo County, TX",HIDALGO COUNTY,TEXAS,TX,2006,62872664.784520306,10,695352,0,0,-4,90418.4711980699,1.4381205490169007
35010,48215,HIDALGO,"Hidalgo County, TX",HIDALGO COUNTY,TEXAS,TX,2007,81727726.67946436,19,715264,0,0,-3,114262.3236727479,2.656361846814603
35011,48215,HIDALGO,"Hidalgo County, TX",HIDALGO COUNTY,TEXAS,TX,2008,94093700.24520351,20,736694,0,0,-2,127724.26576733828,2.714831395396189
35012,48215,HIDALGO,"Hidalgo County, TX",HIDALGO COUNTY,TEXAS,TX,2009,91185135.35232724,18,757468,0,0,-1,120381.50172987803,2.376338010318588
35013,48215,HIDALGO,"Hidalgo County, TX",HIDALGO COUNTY,TEXAS,TX,2010,94912017.735514,14,779091,0,1,0,121824.04588875241,1.7969659513458633
35014,48215,HIDALGO,"Hidalgo County, TX",HIDALGO COUNTY,TEXAS,TX,2011,106245788.61174175,18,795305,0,1,1,133591.24940965007,2.2632826399934616
35015,48215,HIDALGO,"Hidalgo County, TX",HIDALGO COUNTY,TEXAS,TX,2012,109012811.8454165,16,807930,0,1,2,134928.5356966773,1.9803695864740758
35016,48215,HIDALGO,"Hidalgo County, TX",HIDALGO COUNTY,TEXAS,TX,2013,109992285.38170199,30,818047,0,1,3,134457.17102037166,3.667270951424552
35017,48215,HIDALGO,"Hidalgo County, TX",HIDALGO COUNTY,TEXAS,TX,2014,108992518.003684,18,829065,0,1,4,131464.382169895,2.171120479093919
35018,48215,HIDALGO,"Hidalgo County, TX",HIDALGO COUNTY,TEXAS,TX,2015,100792751.933251,22,838741,0,1,5,120171.4855160902,2.6229789649009647
35019,48215,HIDALGO,,,,TX,2016,99454292.39144799,,,0,1,6,,
35020,48215,HIDALGO,,,,TX,2017,88802155.40567398,,,0,1,7,,
35021,48215,HIDALGO,,,,TX,2018,79866832.20900299,,,0,1,8,,
35022,48215,HIDALGO,,,,TX,2019,69963124.358543,,,0,1,9,,
35746,48339,MONTGOMERY,"Montgomery County, TX",MONTGOMERY COUNTY,TEXAS,TX,2006,175409765.57474738,73,392497,0,0,-4,446907.2771887362,18.598868271604623
35747,48339,MONTGOMERY,"Montgomery County, TX",MONTGOMERY COUNTY,TEXAS,TX,2007,216732045.5521434,58,411416,0,0,-3,526795.3739089958,14.097652983841174
35748,48339,MONTGOMERY,"Montgomery County, TX",MONTGOMERY COUNTY,TEXAS,TX,2008,230024467.94075596,51,429818,0,0,-2,535167.1357196673,11.865487252744185
35749,48339,MONTGOMERY,"Montgomery County, TX",MONTGOMERY COUNTY,TEXAS,TX,2009,245999138.29535973,54,445836,0,0,-1,551770.4678297844,12.112077086641726
35750,48339,MONTGOMERY,"Montgomery County, TX",MONTGOMERY COUNTY,TEXAS,TX,2010,288155543.36436677,30,459223,0,1,0,627484.9982783239,6.532773837547336
35751,48339,MONTGOMERY,"Montgomery County, TX",MONTGOMERY COUNTY,TEXAS,TX,2011,321542019.249474,32,471456,0,1,1,682019.1475969634,6.7874838797257855
35752,48339,MONTGOMERY,"Montgomery County, TX",MONTGOMERY COUNTY,TEXAS,TX,2012,344846403.66291803,33,484627,0,1,2,711570.7619734724,6.809360601039562
35753,48339,MONTGOMERY,"Montgomery County, TX",MONTGOMERY COUNTY,TEXAS,TX,2013,346813116.22719,41,498488,0,1,3,695730.120338283,8.224872012967213
35754,48339,MONTGOMERY,"Montgomery County, TX",MONTGOMERY COUNTY,TEXAS,TX,2014,342731831.36406904,31,517262,0,1,4,662588.4587773103,5.993094408636242
35755,48339,MONTGOMERY,"Montgomery County, TX",MONTGOMERY COUNTY,TEXAS,TX,2015,321826158.94336796,48,535913,0,1,5,600519.4106942134,8.956677669696386
35756,48339,MONTGOMERY,,,,TX,2016,295945067.533619,,,0,1,6,,
35757,48339,MONTGOMERY,,,,TX,2017,295684588.510121,,,0,1,7,,
35758,48339,MONTGOMERY,,,,TX,2018,280632328.567657,,,0,1,8,,
35759,48339,MONTGOMERY,,,,TX,2019,256682304.22600096,,,0,1,9,,
36365,48439,TARRANT,"Tarrant County, TX",TARRANT COUNTY,TEXAS,TX,2006,913709788.0606167,94,1662005,0,0,-4,549763.5615179357,5.655819326656658
36366,48439,TARRANT,"Tarrant County, TX",TARRANT COUNTY,TEXAS,TX,2007,1026046986.4536207,118,1707157,0,0,-3,601026.7283288067,6.912076627984422
36367,48439,TARRANT,"Tarrant County, TX",TARRANT COUNTY,TEXAS,TX,2008,1017496114.7054211,115,1745602,0,0,-2,582891.2402170834,6.587985119173786
36368,48439,TARRANT,"Tarrant County, TX",TARRANT COUNTY,TEXAS,TX,2009,1056629882.4077423,136,1784078,0,0,-1,592255.4296436267,7.62298509370106
36369,48439,TARRANT,"Tarrant County, TX",TARRANT COUNTY,TEXAS,TX,2010,1123428816.6883423,115,1818167,0,1,0,617890.884989301,6.325051549170126
36370,48439,TARRANT,"Tarrant County, TX",TARRANT COUNTY,TEXAS,TX,2011,1222360356.6259058,151,1848598,0,1,1,661236.4378982915,8.168352448720599
36371,48439,TARRANT,"Tarrant County, TX",TARRANT COUNTY,TEXAS,TX,2012,1282975488.615409,159,1882950,0,1,2,681364.607990339,8.44419660638891
36372,48439,TARRANT,"Tarrant County, TX",TARRANT COUNTY,TEXAS,TX,2013,1335661974.251634,117,1913541,0,1,3,698005.4120876605,6.114318951096424
36373,48439,TARRANT,"Tarrant County, TX",TARRANT COUNTY,TEXAS,TX,2014,1336628233.7885485,170,1946907,0,1,4,686539.3333058787,8.731798694031097
36374,48439,TARRANT,"Tarrant County, TX",TARRANT COUNTY,TEXAS,TX,2015,1363182732.7109299,146,1985664,0,1,5,686512.2864245562,7.352704183587958
36375,48439,TARRANT,,,,TX,2016,1350411133.3643258,,,0,1,6,,
36376,48439,TARRANT,,,,TX,2017,1238260926.922173,,,0,1,7,,
36377,48439,TARRANT,,,,TX,2018,1083403110.6247509,,,0,1,8,,
36378,48439,TARRANT,,,,TX,2019,955620336.1910049,,,0,1,9,,
36449,48453,TRAVIS,"Travis County, TX",TRAVIS COUNTY,TEXAS,TX,2006,417576367.1508315,78,925151,0,0,-4,451360.2289256905,8.43105611948752
36450,48453,TRAVIS,"Travis County, TX",TRAVIS COUNTY,TEXAS,TX,2007,518893923.6398194,75,955399,0,0,-3,543117.5075961137,7.850123351604931
36451,48453,TRAVIS,"Travis County, TX",TRAVIS COUNTY,TEXAS,TX,2008,530654489.6688122,58,980699,0,0,-2,541098.2265392462,5.914148989649219
36452,48453,TRAVIS,"Travis County, TX",TRAVIS COUNTY,TEXAS,TX,2009,546074485.7364672,95,1006503,0,0,-1,542546.307101387,9.438620649913613
36453,48453,TRAVIS,"Travis County, TX",TRAVIS COUNTY,TEXAS,TX,2010,580557875.0017627,98,1030392,0,1,0,563433.9892019375,9.510943407945714
36454,48453,TRAVIS,"Travis County, TX",TRAVIS COUNTY,TEXAS,TX,2011,632217815.1852062,136,1061662,0,1,1,595498.2048761339,12.810103403908212
36455,48453,TRAVIS,"Travis County, TX",TRAVIS COUNTY,TEXAS,TX,2012,664177863.321325,140,1096918,0,1,2,605494.543184928,12.763032423572227
36456,48453,TRAVIS,"Travis County, TX",TRAVIS COUNTY,TEXAS,TX,2013,886171778.3307807,134,1122346,0,1,3,789570.9329661091,11.939277192594796
36457,48453,TRAVIS,"Travis County, TX",TRAVIS COUNTY,TEXAS,TX,2014,676573504.9183625,110,1152411,0,1,4,587093.9316948229,9.545205660133407
36458,48453,TRAVIS,"Travis County, TX",TRAVIS COUNTY,TEXAS,TX,2015,650685454.091074,118,1180003,0,1,5,551426.9489917179,9.999974576335823
36459,48453,TRAVIS,,,,TX,2016,627611184.709567,,,0,1,6,,
36460,48453,TRAVIS,,,,TX,2017,546899206.513413,,,0,1,7,,
36461,48453,TRAVIS,,,,TX,2018,469416616.42512995,,,0,1,8,,
36462,48453,TRAVIS,,,,TX,2019,420263947.04885393,,,0,1,9,,
36715,48491,WILLIAMSON,"Williamson County, TX",WILLIAMSON COUNTY,TEXAS,TX,2006,136541905.29385933,23,351970,0,0,-4,387936.20278392854,6.534647839304486
36716,48491,WILLIAMSON,"Williamson County, TX",WILLIAMSON COUNTY,TEXAS,TX,2007,185128547.28318924,17,373723,0,0,-3,495363.0022321057,4.548823593945248
36717,48491,WILLIAMSON,"Williamson County, TX",WILLIAMSON COUNTY,TEXAS,TX,2008,216533660.87459823,18,395437,0,0,-2,547580.6787796747,4.551926096950968
36718,48491,WILLIAMSON,"Williamson County, TX",WILLIAMSON COUNTY,TEXAS,TX,2009,244751452.32713324,24,410800,0,0,-1,595792.2403289514,5.8422590068159685
36719,48491,WILLIAMSON,"Williamson County, TX",WILLIAMSON COUNTY,TEXAS,TX,2010,262294067.41850448,27,426568,0,1,0,614893.9147299012,6.329588717390897
36720,48491,WILLIAMSON,"Williamson County, TX",WILLIAMSON COUNTY,TEXAS,TX,2011,304414609.9847285,31,442366,0,1,1,688151.0106670235,7.007771845033298
36721,48491,WILLIAMSON,"Williamson County, TX",WILLIAMSON COUNTY,TEXAS,TX,2012,322422052.3909965,28,456144,0,1,2,706842.6908848884,6.138412431162089
36722,48491,WILLIAMSON,"Williamson County, TX",WILLIAMSON COUNTY,TEXAS,TX,2013,374159998.52412146,34,470494,0,1,3,795249.2455251745,7.22644709603098
36723,48491,WILLIAMSON,"Williamson County, TX",WILLIAMSON COUNTY,TEXAS,TX,2014,326523128.9074145,27,488446,0,1,4,668493.8128419815,5.527734898023528
36724,48491,WILLIAMSON,"Williamson County, TX",WILLIAMSON COUNTY,TEXAS,TX,2015,327089933.36903197,27,507728,0,1,5,644222.7597631644,5.317807960167649
36725,48491,WILLIAMSON,,,,TX,2016,326889903.79642695,,,0,1,6,,
36726,48491,WILLIAMSON,,,,TX,2017,297767472.66102296,,,0,1,7,,
36727,48491,WILLIAMSON,,,,TX,2018,260901714.91654497,,,0,1,8,,
36728,48491,WILLIAMSON,,,,TX,2019,239951867.46038398,,,0,1,9,,
37051,49035,SALT LAKE,"Salt Lake County, UT",SALT LAKE COUNTY,UTAH,UT,2006,976786174.9124254,34,966798,0,0,-4,1010331.1911199914,3.5167635845336878
37052,49035,SALT LAKE,"Salt Lake County, UT",SALT LAKE COUNTY,UTAH,UT,2007,1105912774.529606,53,983719,0,0,-3,1124216.1374636518,5.387717427436087
37053,49035,SALT LAKE,"Salt Lake County, UT",SALT LAKE COUNTY,UTAH,UT,2008,1144497145.9342053,81,999553,0,0,-2,1145008.9649415342,8.103622319176672
37054,49035,SALT LAKE,"Salt Lake County, UT",SALT LAKE COUNTY,UTAH,UT,2009,1206281833.3158154,98,1016795,0,0,-1,1186356.9680376237,9.638127646182367
37055,49035,SALT LAKE,"Salt Lake County, UT",SALT LAKE COUNTY,UTAH,UT,2010,1259153131.3558564,91,1032997,0,1,0,1218932.0311248305,8.80931890412073
37056,49035,SALT LAKE,"Salt Lake County, UT",SALT LAKE COUNTY,UTAH,UT,2011,1338727723.9939475,113,1047702,0,1,1,1277775.2872419327,10.7855096201019
37057,49035,SALT LAKE,"Salt Lake County, UT",SALT LAKE COUNTY,UTAH,UT,2012,1399757512.3566973,140,1064140,0,1,2,1315388.4943303487,13.156163662675965
37058,49035,SALT LAKE,"Salt Lake County, UT",SALT LAKE COUNTY,UTAH,UT,2013,1389094596.7980413,159,1079661,0,1,3,1286602.5509840972,14.726844815178097
37059,49035,SALT LAKE,"Salt Lake County, UT",SALT LAKE COUNTY,UTAH,UT,2014,1424292932.465373,181,1090340,0,1,4,1306283.2992143487,16.60032650365941
37060,49035,SALT LAKE,"Salt Lake County, UT",SALT LAKE COUNTY,UTAH,UT,2015,1447881989.6683087,177,1102690,0,1,5,1313045.361496258,16.051655497011854
37061,49035,SALT LAKE,,,,UT,2016,1418617587.387155,,,0,1,6,,
37062,49035,SALT LAKE,,,,UT,2017,1293618686.5147848,,,0,1,7,,
37063,49035,SALT LAKE,,,,UT,2018,1186288010.441234,,,0,1,8,,
37064,49035,SALT LAKE,,,,UT,2019,1135827836.9633863,,,0,1,9,,
37149,49049,UTAH,"Utah County, UT",UTAH COUNTY,UTAH,UT,2006,294456301.24550474,14,448296,0,0,-4,656834.5495955902,3.1229366311544156
37150,49049,UTAH,"Utah County, UT",UTAH COUNTY,UTAH,UT,2007,339982701.563345,23,469574,0,0,-3,724023.6928862012,4.898056536349968
37151,49049,UTAH,"Utah County, UT",UTAH COUNTY,UTAH,UT,2008,382358969.09321094,25,487615,0,0,-2,784141.1135695394,5.126995683069635
37152,49049,UTAH,"Utah County, UT",UTAH COUNTY,UTAH,UT,2009,414172995.500762,31,504801,0,0,-1,820467.8586230257,6.141033793514673
37153,49049,UTAH,"Utah County, UT",UTAH COUNTY,UTAH,UT,2010,434296764.56549895,40,520033,0,1,0,835133.0868723695,7.691819557604998
37154,49049,UTAH,"Utah County, UT",UTAH COUNTY,UTAH,UT,2011,451143928.6989545,48,530844,0,1,1,849861.5953066335,9.042204489454528
37155,49049,UTAH,"Utah County, UT",UTAH COUNTY,UTAH,UT,2012,489896096.74761546,52,539970,0,1,2,907265.3976102662,9.630164638776229
37156,49049,UTAH,"Utah County, UT",UTAH COUNTY,UTAH,UT,2013,520354197.3832345,54,551689,0,1,3,943202.052937859,9.788123381107836
37157,49049,UTAH,"Utah County, UT",UTAH COUNTY,UTAH,UT,2014,534992990.4645775,63,561171,0,1,4,953351.1005817789,11.226524535302074
37158,49049,UTAH,"Utah County, UT",UTAH COUNTY,UTAH,UT,2015,532035592.058774,62,573289,0,1,5,928040.8172122159,10.814789748277047
37159,49049,UTAH,,,,UT,2016,531623233.652636,,,0,1,6,,
37160,49049,UTAH,,,,UT,2017,519367728.05571395,,,0,1,7,,
37161,49049,UTAH,,,,UT,2018,490551250.13580596,,,0,1,8,,
37162,49049,UTAH,,,,UT,2019,489311513.092752,,,0,1,9,,
37782,51059,FAIRFAX,"Fairfax County, VA",FAIRFAX COUNTY,VIRGINIA,VA,2006,344326836.39789164,33,1018981,0,0,-4,337912.9114261126,3.238529472090255
37783,51059,FAIRFAX,"Fairfax County, VA",FAIRFAX COUNTY,VIRGINIA,VA,2007,404588337.5921833,35,1027727,0,0,-3,393672.96722980257,3.4055736591526737
37784,51059,FAIRFAX,"Fairfax County, VA",FAIRFAX COUNTY,VIRGINIA,VA,2008,421856130.7331472,37,1044178,0,0,-2,404007.8710077661,3.543457150026145
37785,51059,FAIRFAX,"Fairfax County, VA",FAIRFAX COUNTY,VIRGINIA,VA,2009,483294484.2362117,25,1065142,0,0,-1,453737.1394952145,2.3471048930565126
37786,51059,FAIRFAX,"Fairfax County, VA",FAIRFAX COUNTY,VIRGINIA,VA,2010,530791091.57598203,24,1086165,0,1,0,488683.66369380534,2.2096090373009627
37787,51059,FAIRFAX,"Fairfax County, VA",FAIRFAX COUNTY,VIRGINIA,VA,2011,567463201.7013475,34,1103571,0,1,1,514206.3371557856,3.0809073453361857
37788,51059,FAIRFAX,"Fairfax County, VA",FAIRFAX COUNTY,VIRGINIA,VA,2012,556657361.795074,35,1120654,0,1,2,496725.4494206722,3.1231762881317517
37789,51059,FAIRFAX,"Fairfax County, VA",FAIRFAX COUNTY,VIRGINIA,VA,2013,522618162.205201,35,1132186,0,1,3,461600.9756393393,3.091364846412162
37790,51059,FAIRFAX,"Fairfax County, VA",FAIRFAX COUNTY,VIRGINIA,VA,2014,497425916.161425,49,1136794,0,1,4,437569.0900562679,4.310367577591015
37791,51059,FAIRFAX,"Fairfax County, VA",FAIRFAX COUNTY,VIRGINIA,VA,2015,476113600.915583,59,1141040,0,1,5,417262.84873061685,5.17072144710089
37792,51059,FAIRFAX,,,,VA,2016,464113969.530979,,,0,1,6,,
37793,51059,FAIRFAX,,,,VA,2017,407927374.69381595,,,0,1,7,,
37794,51059,FAIRFAX,,,,VA,2018,339324101.579061,,,0,1,8,,
37795,51059,FAIRFAX,,,,VA,2019,326340578.184371,,,0,1,9,,
38379,51153,PRINCE WILLIAM,"Prince William County, VA",PRINCE WILLIAM COUNTY,VIRGINIA,VA,2006,117155265.870252,14,359174,0,0,-4,326179.69527374476,3.8978322484366905
38380,51153,PRINCE WILLIAM,,PRINCE WILLIAM COUNTY,VIRGINIA,VA,2007,144108746.751202,,368016,0,0,-3,391582.8299617462,
38381,51153,PRINCE WILLIAM,"Prince William County, VA",PRINCE WILLIAM COUNTY,VIRGINIA,VA,2008,158838863.574657,14,374776,0,0,-2,423823.4667498906,3.7355647106538306
38382,51153,PRINCE WILLIAM,"Prince William County, VA",PRINCE WILLIAM COUNTY,VIRGINIA,VA,2009,198519101.7645925,20,389001,0,0,-1,510330.5692391343,5.1413749579049925
38383,51153,PRINCE WILLIAM,"Prince William County, VA",PRINCE WILLIAM COUNTY,VIRGINIA,VA,2010,237353259.94513875,13,406183,0,1,0,584350.551217404,3.200527840899299
38384,51153,PRINCE WILLIAM,"Prince William County, VA",PRINCE WILLIAM COUNTY,VIRGINIA,VA,2011,262520366.24976,21,419149,0,1,1,626317.5296845753,5.010151521296723
38385,51153,PRINCE WILLIAM,"Prince William County, VA",PRINCE WILLIAM COUNTY,VIRGINIA,VA,2012,275710107.844352,28,429716,0,1,2,641610.0583742565,6.515931452401121
38386,51153,PRINCE WILLIAM,"Prince William County, VA",PRINCE WILLIAM COUNTY,VIRGINIA,VA,2013,242354401.65783197,23,437900,0,1,3,553446.9094720986,5.252340717058689
38387,51153,PRINCE WILLIAM,"Prince William County, VA",PRINCE WILLIAM COUNTY,VIRGINIA,VA,2014,244232960.0337115,29,444004,0,1,4,550069.2787310734,6.531472689435231
38388,51153,PRINCE WILLIAM,"Prince William County, VA",PRINCE WILLIAM COUNTY,VIRGINIA,VA,2015,239376586.580943,27,451242,0,1,5,530483.8347958367,5.983485579799753
38389,51153,PRINCE WILLIAM,,,,VA,2016,233823322.521127,,,0,1,6,,
38390,51153,PRINCE WILLIAM,,,,VA,2017,206629797.60189298,,,0,1,7,,
38391,51153,PRINCE WILLIAM,,,,VA,2018,183479096.236569,,,0,1,8,,
38392,51153,PRINCE WILLIAM,,,,VA,2019,206021983.52055898,,,0,1,9,,
39107,51810,VIRGINIA BEACH CITY,"Virginia Beach city, VA",VIRGINIA BEACH CITY,VIRGINIA,VA,2006,190079881.177677,23,437739,0,0,-4,434231.08559593046,5.25427252312451
39108,51810,VIRGINIA BEACH CITY,"Virginia Beach city, VA",VIRGINIA BEACH CITY,VIRGINIA,VA,2007,208891844.95145768,34,434732,0,0,-3,480507.1744234556,7.820910353965202
39109,51810,VIRGINIA BEACH CITY,"Virginia Beach city, VA",VIRGINIA BEACH CITY,VIRGINIA,VA,2008,201849413.50458875,33,433331,0,0,-2,465808.84705822746,7.615425621522577
39110,51810,VIRGINIA BEACH CITY,"Virginia Beach city, VA",VIRGINIA BEACH CITY,VIRGINIA,VA,2009,198476585.42021626,20,435004,0,0,-1,456263.81693091616,4.5976588721023255
39111,51810,VIRGINIA BEACH CITY,"Virginia Beach city, VA",VIRGINIA BEACH CITY,VIRGINIA,VA,2010,220477922.6504355,14,438864,0,1,0,502383.25005112175,3.1900543220678843
39112,51810,VIRGINIA BEACH CITY,"Virginia Beach city, VA",VIRGINIA BEACH CITY,VIRGINIA,VA,2011,250353091.31082648,26,442654,0,1,1,565572.8657389891,5.8736620475585894
39113,51810,VIRGINIA BEACH CITY,"Virginia Beach city, VA",VIRGINIA BEACH CITY,VIRGINIA,VA,2012,285684844.2160545,24,445189,0,1,2,641715.8649833093,5.390968779552055
39114,51810,VIRGINIA BEACH CITY,"Virginia Beach city, VA",VIRGINIA BEACH CITY,VIRGINIA,VA,2013,286304612.09215003,46,447922,0,1,3,639184.081362715,10.269645161434358
39115,51810,VIRGINIA BEACH CITY,"Virginia Beach city, VA",VIRGINIA BEACH CITY,VIRGINIA,VA,2014,288317161.9310095,41,449139,0,1,4,641933.0361669983,9.128577122004545
39116,51810,VIRGINIA BEACH CITY,"Virginia Beach city, VA",VIRGINIA BEACH CITY,VIRGINIA,VA,2015,288026612.327116,52,450635,0,1,5,639157.2166545342,11.539272360114062
39117,51810,VIRGINIA BEACH CITY,,,,VA,2016,282484746.275666,,,0,1,6,,
39118,51810,VIRGINIA BEACH CITY,,,,VA,2017,245903702.86850297,,,0,1,7,,
39119,51810,VIRGINIA BEACH CITY,,,,VA,2018,204313009.76732498,,,0,1,8,,
39120,51810,VIRGINIA BEACH CITY,,,,VA,2019,187150585.20296597,,,0,1,9,,
39219,53011,CLARK,"Clark County, WA",CLARK COUNTY,WASHINGTON,WA,2006,326918191.192585,38,401698,0,0,-4,813840.7241076257,9.459842966606754
39220,53011,CLARK,"Clark County, WA",CLARK COUNTY,WASHINGTON,WA,2007,434632231.14473975,41,408820,0,0,-3,1063138.376656572,10.028863558534319
39221,53011,CLARK,"Clark County, WA",CLARK COUNTY,WASHINGTON,WA,2008,571260580.959085,44,415282,0,0,-2,1375596.7775128346,10.595210001878241
39222,53011,CLARK,"Clark County, WA",CLARK COUNTY,WASHINGTON,WA,2009,476765803.6133315,44,421236,0,0,-1,1131825.8734137905,10.445451006086849
39223,53011,CLARK,"Clark County, WA",CLARK COUNTY,WASHINGTON,WA,2010,466115641.29705244,37,426733,0,1,0,1092288.7175284133,8.670527004004846
39224,53011,CLARK,"Clark County, WA",CLARK COUNTY,WASHINGTON,WA,2011,459053584.43172354,43,432388,0,1,1,1061670.5006423017,9.94477182530505
39225,53011,CLARK,"Clark County, WA",CLARK COUNTY,WASHINGTON,WA,2012,440792268.009278,52,436532,0,1,2,1009759.3487058864,11.91207059276296
39226,53011,CLARK,"Clark County, WA",CLARK COUNTY,WASHINGTON,WA,2013,433173268.241027,46,441591,0,1,3,980937.7189322858,10.416878967189096
39227,53011,CLARK,"Clark County, WA",CLARK COUNTY,WASHINGTON,WA,2014,427121531.47678596,45,448505,0,1,4,952322.786762212,10.033332961728409
39228,53011,CLARK,"Clark County, WA",CLARK COUNTY,WASHINGTON,WA,2015,426793201.210709,59,457320,0,1,5,933248.4938570563,12.901250765328436
39229,53011,CLARK,,,,WA,2016,421215227.1791309,,,0,1,6,,
39230,53011,CLARK,,,,WA,2017,410715726.50404394,,,0,1,7,,
39231,53011,CLARK,,,,WA,2018,398017227.14558995,,,0,1,8,,
39232,53011,CLARK,,,,WA,2019,409102126.2614335,,,0,1,9,,
39373,53033,KING,"King County, WA",KING COUNTY,WASHINGTON,WA,2006,1479070470.0285397,216,1822967,0,0,-4,811353.3980749731,11.848815694414654
39374,53033,KING,"King County, WA",KING COUNTY,WASHINGTON,WA,2007,1636216711.9862292,212,1847986,0,0,-3,885405.3612885753,11.471948380561324
39375,53033,KING,"King County, WA",KING COUNTY,WASHINGTON,WA,2008,1766626964.0898414,206,1875020,0,0,-2,942190.9974772757,10.986549476805582
39376,53033,KING,"King County, WA",KING COUNTY,WASHINGTON,WA,2009,1844548825.4582624,203,1912012,0,0,-1,964716.1343434363,10.617088177270855
39377,53033,KING,"King County, WA",KING COUNTY,WASHINGTON,WA,2010,1917846426.1151965,191,1938431,0,1,0,989380.8064951481,9.853329832219977
39378,53033,KING,"King County, WA",KING COUNTY,WASHINGTON,WA,2011,1936357534.8374846,179,1974499,0,1,1,980682.9655712586,9.065590815695526
39379,53033,KING,"King County, WA",KING COUNTY,WASHINGTON,WA,2012,1891315965.4753726,201,2011708,0,1,2,940154.3193521985,9.991509702203302
39380,53033,KING,"King County, WA",KING COUNTY,WASHINGTON,WA,2013,1779034873.906764,242,2047967,0,1,3,868683.3693642349,11.816596654145307
39381,53033,KING,"King County, WA",KING COUNTY,WASHINGTON,WA,2014,1731240466.348443,251,2086174,0,1,4,829863.8878389065,12.031594680021897
39382,53033,KING,"King County, WA",KING COUNTY,WASHINGTON,WA,2015,1666039983.6373858,241,2127372,0,1,5,783144.6421394029,11.328531164272164
39383,53033,KING,,,,WA,2016,1607064861.016692,,,0,1,6,,
39384,53033,KING,,,,WA,2017,1488918855.2041478,,,0,1,7,,
39385,53033,KING,,,,WA,2018,1428640690.042037,,,0,1,8,,
39386,53033,KING,,,,WA,2019,1440159572.1789634,,,0,1,9,,
39513,53053,PIERCE,"Pierce County, WA",PIERCE COUNTY,WASHINGTON,WA,2006,634712549.0306265,68,763408,0,0,-4,831419.8292795288,8.90742564919414
39514,53053,PIERCE,"Pierce County, WA",PIERCE COUNTY,WASHINGTON,WA,2007,733574434.767013,98,772484,0,0,-3,949630.5875163926,12.6863469016834
39515,53053,PIERCE,"Pierce County, WA",PIERCE COUNTY,WASHINGTON,WA,2008,728943677.356086,108,785400,0,0,-2,928117.745551421,13.750954927425516
39516,53053,PIERCE,"Pierce County, WA",PIERCE COUNTY,WASHINGTON,WA,2009,752540211.8159624,102,796483,0,0,-1,944828.9691254708,12.806299695034294
39517,53053,PIERCE,"Pierce County, WA",PIERCE COUNTY,WASHINGTON,WA,2010,777980754.5287399,84,795402,0,1,0,978097.5588805911,10.560697609510663
39518,53053,PIERCE,"Pierce County, WA",PIERCE COUNTY,WASHINGTON,WA,2011,818539591.9747045,98,807728,0,1,1,1013385.1890422327,12.13279717924846
39519,53053,PIERCE,"Pierce County, WA",PIERCE COUNTY,WASHINGTON,WA,2012,773480253.3568335,80,815772,0,1,2,948157.3936796476,9.806661665269218
39520,53053,PIERCE,"Pierce County, WA",PIERCE COUNTY,WASHINGTON,WA,2013,750390838.244,97,821307,0,1,3,913654.5022068482,11.810443597826392
39521,53053,PIERCE,"Pierce County, WA",PIERCE COUNTY,WASHINGTON,WA,2014,755862689.658374,94,833106,0,1,4,907282.7343199713,11.283078023684862
39522,53053,PIERCE,"Pierce County, WA",PIERCE COUNTY,WASHINGTON,WA,2015,790518331.0795859,110,844317,0,1,5,936281.4334895376,13.02828203151186
39523,53053,PIERCE,,,,WA,2016,788691737.0071189,,,0,1,6,,
39524,53053,PIERCE,,,,WA,2017,751362440.050736,,,0,1,7,,
39525,53053,PIERCE,,,,WA,2018,710722143.9848524,,,0,1,8,,
39526,53053,PIERCE,,,,WA,2019,725465676.0511655,,,0,1,9,,
39569,53061,SNOHOMISH,"Snohomish County, WA",SNOHOMISH COUNTY,WASHINGTON,WA,2006,580478691.851855,86,670706,0,0,-4,865474.1300239672,12.82230962597621
39570,53061,SNOHOMISH,"Snohomish County, WA",SNOHOMISH COUNTY,WASHINGTON,WA,2007,660913056.8621722,95,683997,0,0,-3,966251.3970999467,13.888949805335404
39571,53061,SNOHOMISH,"Snohomish County, WA",SNOHOMISH COUNTY,WASHINGTON,WA,2008,732821702.157773,109,694622,0,0,-2,1054993.5103664626,15.691987872540748
39572,53061,SNOHOMISH,"Snohomish County, WA",SNOHOMISH COUNTY,WASHINGTON,WA,2009,808578938.843258,109,706302,0,0,-1,1144806.2427166537,15.432492050142857
39573,53061,SNOHOMISH,"Snohomish County, WA",SNOHOMISH COUNTY,WASHINGTON,WA,2010,864359823.9290409,89,715522,0,1,0,1208012.9247305337,12.438471493538982
39574,53061,SNOHOMISH,"Snohomish County, WA",SNOHOMISH COUNTY,WASHINGTON,WA,2011,859194445.1713945,143,722149,0,1,1,1189774.4719876293,19.80200761892629
39575,53061,SNOHOMISH,"Snohomish County, WA",SNOHOMISH COUNTY,WASHINGTON,WA,2012,876593972.056984,114,732239,0,1,2,1197141.8786174785,15.56868727287129
39576,53061,SNOHOMISH,"Snohomish County, WA",SNOHOMISH COUNTY,WASHINGTON,WA,2013,883123759.8314764,112,744322,0,1,3,1186480.7970629332,15.04725105532283
39577,53061,SNOHOMISH,"Snohomish County, WA",SNOHOMISH COUNTY,WASHINGTON,WA,2014,876703054.1041065,102,757485,0,1,4,1157386.6863424443,13.46561318045902
39578,53061,SNOHOMISH,"Snohomish County, WA",SNOHOMISH COUNTY,WASHINGTON,WA,2015,859749651.7463568,114,770022,0,1,5,1116526.0885355964,14.804771811714472
39579,53061,SNOHOMISH,,,,WA,2016,796112823.308185,,,0,1,6,,
39580,53061,SNOHOMISH,,,,WA,2017,742552117.0106499,,,0,1,7,,
39581,53061,SNOHOMISH,,,,WA,2018,721501574.0863899,,,0,1,8,,
39582,53061,SNOHOMISH,,,,WA,2019,742848092.200766,,,0,1,9,,
39583,53063,SPOKANE,"Spokane County, WA",SPOKANE COUNTY,WASHINGTON,WA,2006,648587403.1000526,85,447517,0,0,-4,1449302.2680703807,18.99369185975058
39584,53063,SPOKANE,"Spokane County, WA",SPOKANE COUNTY,WASHINGTON,WA,2007,646818901.6573299,88,456150,0,0,-3,1417996.0575629286,19.291899594431655
39585,53063,SPOKANE,"Spokane County, WA",SPOKANE COUNTY,WASHINGTON,WA,2008,579722711.280089,104,462263,0,0,-2,1254097.1509294254,22.498015199139882
39586,53063,SPOKANE,"Spokane County, WA",SPOKANE COUNTY,WASHINGTON,WA,2009,590950351.169656,74,468235,0,0,-1,1262080.688478341,15.804030027657053
39587,53063,SPOKANE,"Spokane County, WA",SPOKANE COUNTY,WASHINGTON,WA,2010,593595075.753824,61,472102,0,1,0,1257344.9715396757,12.920936577265083
39588,53063,SPOKANE,"Spokane County, WA",SPOKANE COUNTY,WASHINGTON,WA,2011,609948556.2411969,63,473516,0,1,1,1288126.6023559857,13.30472465555546
39589,53063,SPOKANE,"Spokane County, WA",SPOKANE COUNTY,WASHINGTON,WA,2012,598671987.504748,74,475605,0,1,2,1258758.8177263653,15.559129950273862
39590,53063,SPOKANE,"Spokane County, WA",SPOKANE COUNTY,WASHINGTON,WA,2013,587112202.8326275,48,478553,0,1,3,1226848.860695947,10.030236985245104
39591,53063,SPOKANE,"Spokane County, WA",SPOKANE COUNTY,WASHINGTON,WA,2014,590317753.1205314,50,483148,0,1,4,1221815.5784987858,10.348795814119068
39592,53063,SPOKANE,"Spokane County, WA",SPOKANE COUNTY,WASHINGTON,WA,2015,614591165.876045,74,488970,0,1,5,1256909.761081549,15.133852792604863
39593,53063,SPOKANE,,,,WA,2016,626155303.2966989,,,0,1,6,,
39594,53063,SPOKANE,,,,WA,2017,620963652.2353699,,,0,1,7,,
39595,53063,SPOKANE,,,,WA,2018,624303269.520875,,,0,1,8,,
39596,53063,SPOKANE,,,,WA,2019,644126191.1244459,,,0,1,9,,
40633,55025,DANE,"Dane County, WI",DANE COUNTY,WISCONSIN,WI,2006,354999913.3570226,35,465018,0,0,-4,763411.1224877802,7.5265903685448725
40634,55025,DANE,"Dane County, WI",DANE COUNTY,WISCONSIN,WI,2007,393982348.949308,34,471644,0,0,-3,835338.4097949045,7.208826996633054
40635,55025,DANE,"Dane County, WI",DANE COUNTY,WISCONSIN,WI,2008,430990345.17914575,38,477791,0,0,-2,902047.851841382,7.953268270017643
40636,55025,DANE,"Dane County, WI",DANE COUNTY,WISCONSIN,WI,2009,459773455.9053557,36,484979,0,0,-1,948027.555637163,7.42300182069739
40637,55025,DANE,"Dane County, WI",DANE COUNTY,WISCONSIN,WI,2010,488060065.327877,51,489247,0,1,0,997573.9561568635,10.424182468160254
40638,55025,DANE,"Dane County, WI",DANE COUNTY,WISCONSIN,WI,2011,493791831.646003,67,496121,0,1,1,995305.2413544337,13.504770005704254
40639,55025,DANE,"Dane County, WI",DANE COUNTY,WISCONSIN,WI,2012,510667724.63430697,60,503087,0,1,2,1015068.4168629023,11.926366612534213
40640,55025,DANE,"Dane County, WI",DANE COUNTY,WISCONSIN,WI,2013,562709940.4741554,78,510026,0,1,3,1103296.5779669182,15.293337986690874
40641,55025,DANE,"Dane County, WI",DANE COUNTY,WISCONSIN,WI,2014,501023372.7174685,66,516602,0,1,4,969844.0438044539,12.775792583071688
40642,55025,DANE,"Dane County, WI",DANE COUNTY,WISCONSIN,WI,2015,477521447.52771795,66,523399,0,1,5,912346.8855074579,12.609882708984925
40643,55025,DANE,,,,WI,2016,430415604.9598569,,,0,1,6,,
40644,55025,DANE,,,,WI,2017,390758937.49600196,,,0,1,7,,
40645,55025,DANE,,,,WI,2018,345733418.907204,,,0,1,8,,
40646,55025,DANE,,,,WI,2019,320052075.2671085,,,0,1,9,,
41001,55079,MILWAUKEE,"Milwaukee County, WI",MILWAUKEE COUNTY,WISCONSIN,WI,2006,908619930.0317495,176,930263,0,0,-4,976734.4611488896,18.91938086326125
41002,55079,MILWAUKEE,"Milwaukee County, WI",MILWAUKEE COUNTY,WISCONSIN,WI,2007,1062249861.9862098,170,931453,0,0,-3,1140422.395962233,18.251055072021884
41003,55079,MILWAUKEE,"Milwaukee County, WI",MILWAUKEE COUNTY,WISCONSIN,WI,2008,1092388087.226233,165,934752,0,0,-2,1168639.4757392688,17.651740782581903
41004,55079,MILWAUKEE,"Milwaukee County, WI",MILWAUKEE COUNTY,WISCONSIN,WI,2009,1202813725.2887976,151,942668,0,0,-1,1275967.4936338114,16.018364896230697
41005,55079,MILWAUKEE,"Milwaukee County, WI",MILWAUKEE COUNTY,WISCONSIN,WI,2010,1335427222.0727704,136,948289,0,1,0,1408249.1962606022,14.34161948519913
41006,55079,MILWAUKEE,"Milwaukee County, WI",MILWAUKEE COUNTY,WISCONSIN,WI,2011,1448887593.8609154,162,951376,0,1,1,1522938.9787643533,17.02796791174047
41007,55079,MILWAUKEE,"Milwaukee County, WI",MILWAUKEE COUNTY,WISCONSIN,WI,2012,1512874202.2316594,154,954672,0,1,2,1584705.7442049829,16.131194797794425
41008,55079,MILWAUKEE,"Milwaukee County, WI",MILWAUKEE COUNTY,WISCONSIN,WI,2013,1421744762.0164306,214,957557,0,1,3,1484762.5384352375,22.34853904258441
41009,55079,MILWAUKEE,"Milwaukee County, WI",MILWAUKEE COUNTY,WISCONSIN,WI,2014,1377804052.714539,230,958639,0,1,4,1437250.1564348403,23.99234748429805
41010,55079,MILWAUKEE,"Milwaukee County, WI",MILWAUKEE COUNTY,WISCONSIN,WI,2015,1360609654.704633,240,958606,0,1,5,1419362.75665355,25.03635487363943
41011,55079,MILWAUKEE,,,,WI,2016,1282160799.774624,,,0,1,6,,
41012,55079,MILWAUKEE,,,,WI,2017,1103892439.955566,,,0,1,7,,
41013,55079,MILWAUKEE,,,,WI,2018,947869781.1457019,,,0,1,8,,
41014,55079,MILWAUKEE,,,,WI,2019,874998315.5829924,,,0,1,9,,
41379,55133,WAUKESHA,"Waukesha County, WI",WAUKESHA COUNTY,WISCONSIN,WI,2006,267124585.93018022,18,380799,0,0,-4,701484.4732527665,4.726903169388575
41380,55133,WAUKESHA,"Waukesha County, WI",WAUKESHA COUNTY,WISCONSIN,WI,2007,299040685.9447077,18,384239,0,0,-3,778267.395929897,4.684584334229477
41381,55133,WAUKESHA,"Waukesha County, WI",WAUKESHA COUNTY,WISCONSIN,WI,2008,304186488.01002973,26,386691,0,0,-2,786639.6890799882,6.723714800706507
41382,55133,WAUKESHA,"Waukesha County, WI",WAUKESHA COUNTY,WISCONSIN,WI,2009,329380514.1392325,25,388957,0,0,-1,846830.1486777009,6.427445707366109
41383,55133,WAUKESHA,"Waukesha County, WI",WAUKESHA COUNTY,WISCONSIN,WI,2010,364947421.0003145,34,390051,0,1,0,935640.2649917946,8.716808827563575
41384,55133,WAUKESHA,"Waukesha County, WI",WAUKESHA COUNTY,WISCONSIN,WI,2011,414668100.9067705,42,390895,0,1,1,1060817.1015407476,10.744573350899858
41385,55133,WAUKESHA,"Waukesha County, WI",WAUKESHA COUNTY,WISCONSIN,WI,2012,443350052.399121,41,392893,0,1,2,1128424.4117332734,10.435411167926127
41386,55133,WAUKESHA,"Waukesha County, WI",WAUKESHA COUNTY,WISCONSIN,WI,2013,407622110.42434,39,394257,0,1,3,1033899.4879592246,9.892024745280363
41387,55133,WAUKESHA,"Waukesha County, WI",WAUKESHA COUNTY,WISCONSIN,WI,2014,406723995.6322745,38,395518,0,1,4,1028332.4542303372,9.607653760385116
41388,55133,WAUKESHA,"Waukesha County, WI",WAUKESHA COUNTY,WISCONSIN,WI,2015,415827382.372664,34,396377,0,1,5,1049070.4111809311,8.577692449360079
41389,55133,WAUKESHA,,,,WI,2016,397566136.11204696,,,0,1,6,,
41390,55133,WAUKESHA,,,,WI,2017,338556487.254864,,,0,1,7,,
41391,55133,WAUKESHA,,,,WI,2018,311441139.962263,,,0,1,8,,
41392,55133,WAUKESHA,,,,WI,2019,283782950.159943,,,0,1,9,,
